time to NEB,,,,,,,,,,,,,,,,,,,,,,,,,,,,,,,,,
-8880,,,,,,,,,,,,,,,,,,,,,,,,,,,,,,,,,
-8820,,,,,,,,,,,,,,,,,,,,,,,,,,,,,,,,,
-8760,,,,,,,,,,,,,,,,,,,,,,,,,,,,,,,,,
-8700,,,,,,,,,,,,,,,,,,,,,,,,,,,,,,,,,
-8640,,,,,,,,,,,,,,,,,,,,,,,,,,,,,,,,,
-8580,,,,,,,,,,,,,,,,,,,,,,,,,,,,,,,,,
-8520,,,,,,,,,,,,,,,,,,,,,,,,,,,,,,,,,
-8460,,,,,,,,,,,,,,,,,,,,,,,,,,,,,,,,,
-8400,_brownDark_r,,,,,,,,,,,,,,,,,,,,,,,,,,,,,,,,
-8340,_blue_,,,,,,,,,,,,,,,,,,,,,,,,,,,,,,,,
-8280,_brownDark_r,,,,,,,,,,,,,,,,,,,,,,,,,,,,,,,,
-8220,_blue_,_pink_,_pink_,,,,,,,,,,,,,,,,,,,,,,,,,,,,,,
-8160,_blue_,_brownDark_r,_pink_,,,,,,,,,,,,,,,,,,,,,,,,,,,,,,
-8100,_blue_,_blueDark_g,_brownDark_r,,,,,,,,,,,,,,,,,,,,,,,,,,,,,,
-8040,_blueDark_r,_blueDark_g,_blueDark_r,,,,,,,,,,,,,,,,,,,,,,,,,,,,,,
-7980,_blue_,_pink_,_blueDark_r,,,,,,,,,,,,,,,,,,,,,,,,,,,,,,
-7920,_blue_,_brownDark_r,_blueDark_r,,,,,,,,,,,,,,,,,,,,,,,,,,,,,,
-7860,_blueDark_r,_blue_,_blue_,,,,,,,,,,,,,,,,,,,,,,,,,,,,,,
-7800,_brownDark_r,_blueDark_r,_blue_,,,,,,,,,,,,,,,,,,,,,,,,,,,,,,
-7740,_blue_,_brownDark_r,_blue_,ICRF,ICRF,,,,,,,,,,,,,,,,,,,,,,,,,,,,
-7680,_pink_,_brown_r,_blue_,,,,,,,,,,,,,,,,,,,,,,,,,,,,,,
-7620,_blueDark_r,_pink_,_pink_,,,,,,,,,,,,,,,,,,,,,,,,,,,,,,
-7560,_pink_,_blueDark_r,_blue_,,,,,,,,,,,,,,,,,,,,,,,,,,,,,,
-7500,_pink_,_blue_,_blueDark_r,,,,,,,,,,,,,,,,,,,,,,,,,,,,,,
-7440,_blueDark_g,_blue_,_blueDark_r,_brownDark_g,_blueDark_r,,,,,,,,,,,,,,,,,,,,,,,,,,,,
-7380,_blue_,_blue_,_pink_,_blueDark_g,_brownDark_r,,,,,,,,,,,,,,,,,,,,,,,,,,,,
-7320,_brownDark_r,_blueDark_g,_blueDark_r,_blue_,_blueDark_r,,,,,,,,,,,,,,,,,,,,,,,,,,,,
-7260,_pink_,_blueDark_r,_pink_,_blue_,_brownDark_r,,,,,,,,,,,,,,,,,,,,,,,,,,,,
-7200,_blue_,_blue_,_blueDark_g,_blue_,_brownDark_r,,,,,,,,,,,,,,,,,,,,,,,,,,,,
-7140,_blueDark_r,,_blue_,_blue_,_brownDark_r,,,,,,,,,,,,,,,,,,,,,,,,,,,,
-7080,_blue_,_pinkDark_,_pink_,_blueDark_r,_blueDark_r,,,,,,,,,,,,,,,,,,,,,,,,,,,,
-7020,_blue_,_brownDark_g,_blueDark_g,_blue_,_blue_,,,,,,,,,,,,,,,,,,,,,,,,,,,,
-6960,_blue_,_blueDark_r,_blue_,_blue_,_blue_,,,,,,,,,,,,,,,,,,,,,,,,,,,,
-6900,_blue_,_blueDark_r,_blueDark_r,_blue_,_brown_r,,,,,,,,,,,,,,,,,,,,,,,,,,,,
-6840,_blue_,_blue_,_blueDark_r,_blueDark_r,_blueDark_r,,,,,,,,,,,,,,,,,,,,,,,,,,,,
-6780,_blueDark_r,_blue_,_pink_,_blue_,_blue_,,,,,,,,,,,,,,,,,,,,,,,,,,,,
-6720,_blueDark_r,_blueDark_r,_brownDark_r,_blue_,_blueDark_r,,,,,,,,,,,,,,,,,,,,,,,,,,,,
-6660,_blue_,_blue_,_brownDark_r,_blue_,_blue_,,,,,,,,,,,,,,,,,,,,,,,,,,,,
-6600,_brownDark_r,_blueDark_r,_brownDark_r,_blue_,_blue_,,,,,,,,,,,,,,,,,,,,,,,,,,,,
-6540,_blue_,_blue_,_pink_,_blue_,_blueDark_r,,,,,,,,,,,,,,,,,,,,,,,,,,,,
-6480,_blue_,_blue_,_pink_,_blue_,_blue_,,,,,,,,,,,,,,,,,,,,,,,,,,,,
-6420,_brownDark_r,_blue_,_brownDark_r,_brown_r,_blue_,,,,,,,,,,,,,,,,,,,,,,,,,,,,
-6360,_brownDark_r,_blue_,_blue_,_blue_,_blue_,,,,,,,,,,,,,,,,,,,,,,,,,,,,
-6300,_brownDark_r,_blueDark_g,_pink_,_blue_,_blue_,,,,,,,,,,,,,,,,,,,,,,,,,,,,
-6240,_blue_,_blue_,_pink_,_blue_,_blue_,,,,,,,,,,,,,,,,,,,,,,,,,,,,
-6180,_pink_,_blueDark_g,_blueDark_r,_blueDark_r,_blue_,,,,,,,,,,,,,,,,,,,,,,,,,,,,
-6120,_blue_,_blueDark_g,_blue_,_blue_,_brownDark_r,,,,,,,,,,,,,,,,,,,,,,,,,,,,
-6060,_pink_,_blue_,_pink_,_blue_,_blue_,,,,,,,,,,,,,,,,,,,,,,,,,,,,
-6000,_blueDark_r,_blue_,_pink_,_blue_,_blue_,,,,,,,,,,,,,,,,,,,,,,,,,,,,
-5940,_blue_,,_blue_,_blue_,_blue_,,,,,,,,,,,,,,,,,,,,,,,,,,,,
-5880,_blue_,_blueDark_r,_pink_,_blue_,_blueDark_r,,,,,,,,,,,,,,,,,,,,,,,,,,,,
-5820,_blueDark_r,_blueDark_r,_pink_,_blue_,_blue_,,,,,,,,,,,,,,,,,,,,,,,,,,,,
-5760,_blue_,_pink_,_blueDark_r,_blue_,_brownDark_r,,,,,,,,,,,,,,,,,,,,,,,,,,,,
-5700,_blue_,_pink_,_blueDark_r,_blueDark_r,_blue_,,,,,,,,,,,,,,,,,,,,,,,,,,,,
-5640,_blue_,_pink_,_brownDark_r,_blue_,_blue_,,,,,,,,,,,,,,,,,,,,,,,,,,,,
-5580,_blue_,_pink_,_blue_,_brownDark_r,_blue_,,,,,,,,,,,,,,,,,,,,,,,,,,,,
-5520,_blue_,_blueDark_r,_blue_,_blueDark_r,_blue_,,,,,,,,,,,,,,,,,,,,,,,,,,,,
-5460,_blue_,,_pink_,_blueDark_r,_blueDark_r,,,,,,,,,,,,,,,,,,,,,,,,,,,,
-5400,_blue_,_pink_,_blueDark_r,_brown_r,_brownDark_r,,,,,,,,,,,,,,,,,,,,,,,,,,,,
-5340,_blueDark_r,_blue_,_pink_,_brownDark_r,_blueDark_r,,,,,,,,,,,,,,,,,,,,,,,,,,,,
-5280,_blueDark_g,_pinkDark_,_pink_,_blueDark_r,_blue_,ICRF,ICRF,,,,,,,,,,,,,,,,,,,,,,,,,,
-5220,_blue_,_brownDark_r,_blueDark_r,_blue_,_pink_,,,,,,,,,,,,,,,,,,,,,,,,,,,,
-5160,_blue_,_pinkDark_,_blueDark_g,_brownDark_r,_blue_,,,,,,,,,,,,,,,,,,,,,,,,,,,,
-5100,_blue_,_blueDark_g,_blueDark_r,_pink_,_blueDark_r,,,,,,,,,,,,,,,,,,,,,,,,,,,,
-5040,_blue_,_blueDark_r,_blue_,_pink_,_brownDark_r,,,,,,,,,,,,,,,,,,,,,,,,,,,,
-4980,_pink_,_blue_,_blue_,_pink_,_blue_,_blue_,_pinkDark_,,,,,,,,,,,,,,,,,,,,,,,,,,
-4920,_pink_,_blue_,_blueDark_g,_brownDark_r,_blueDark_r,_blueDark_r,_blueDark_g,,,,,,,,,,,,,,,,,,,,,,,,,,
-4860,_pink_,_blueDark_g,_blueDark_g,_blueDark_r,_blueDark_r,_blue_,_blueDark_g,,,,,,,,,,,,,,,,,,,,,,,,,,
-4800,_pink_,_blue_,_blueDark_r,_blueDark_r,_blue_,_blueDark_r,_pink_,,,,,,,,,,,,,,,,,,,,,,,,,,
-4740,_brownDark_r,_brownDark_r,_blueDark_r,_blue_,_blueDark_r,_blueDark_r,_blue_,,,,,,,,,,,,,,,,,,,,,,,,,,
-4680,_blueDark_g,,_blueDark_r,_blueDark_r,_blueDark_r,_blue_,_blue_,,,,,,,,,,,,,,,,,,,,,,,,,,
-4620,_blue_,_blue_,_blueDark_r,_blue_,_pink_,_pink_,_blueDark_g,,,,,,,,,,,,,,,,,,,,,,,,,,
-4560,_blue_,_blue_,_blue_,_blueDark_r,_pink_,_blueDark_g,_pink_,,,,,,,,,,,,,,,,,,,,,,,,,,
-4500,_blue_,_blueDark_g,_blueDark_r,_blue_,_blue_,_blue_,_pink_,,,,,,,,,,,,,,,,,,,,,,,,,,
-4440,_blueDark_r,_blueDark_g,_blueDark_g,_blue_,_blueDark_r,_blue_,_blueDark_r,ICRF,ICRF,,,,,,,,,,,,,,,,,,,,,,,,
-4380,_blue_,_blueDark_r,_blue_,_blue_,_blue_,_blueDark_r,_blueDark_r,,,,,,,,,,,,,,,,,,,,,,,,,,
-4320,_blue_,_pink_,_brownDark_r,_blue_,_blue_,_blueDark_r,_blueDark_r,,,,,,,,,,,,,,,,,,,,,,,,,,
-4260,_pink_,_pink_,_blue_,_blueDark_r,_blue_,_blueDark_r,_brownDark_r,,,ICRF,ICRF,,,,,,,,,,,,,,,,,,,,,,
-4200,_brownDark_r,_blue_,_blue_,_pink_,_blue_,_blue_,_brownDark_r,,,,,,,,,,,,,,,,,,,,,,,,,,
-4140,_blueDark_r,_blueDark_r,_pink_,_blueDark_r,_blue_,_blue_,_brownDark_r,_blue_,_blue_,,,,,,,,,,,,,,,,,,,,,,,,
-4080,_blue_,_blue_,_pink_,_blueDark_r,_blue_,_blueDark_r,_blueDark_r,_blue_,_blueDark_r,,,,,,,,,,,,,,,,,,,,,,,,
-4020,_blue_,_blue_,_pink_,_blueDark_r,_blue_,_brownDark_r,_blueDark_r,_blueDark_r,_blue_,,,ICRF,ICRF,,,,,,,,,,,,,,,,,,,,
-3960,_blue_,_blue_,_blue_,_blue_,_blueDark_r,_blueDark_r,_blueDark_r,_blue_,_blue_,_brownDark_r,_blueDark_r,,,,,,,,,,,,,,,,,,,,,,
-3900,_blueDark_r,_pinkDark_,_blue_,_blue_,_blueDark_r,_blueDark_r,_blueDark_r,_blue_,_blue_,_blueDark_r,_brownDark_r,,,,,,,,,,,,,,,,,,,,,,
-3840,_blueDark_r,_blueDark_r,_blue_,_blue_,_blue_,_blueDark_r,_blue_,_blue_,_blue_,_blueDark_r,_blueDark_r,,,,,,,,,,,,,,,,,,,,,,
-3780,_blueDark_r,_pink_,_blueDark_r,_blue_,_pink_,_blue_,_blue_,_blue_,_blue_,_blueDark_r,_blueDark_r,,,,,,,,,,,,,,,,,,,,,,
-3720,_blue_,_pink_,_pink_,_blue_,_blueDark_r,_blueDark_r,_brownDark_r,_blue_,_blue_,_blueDark_r,_blueDark_r,_blueDark_g,_blue_,,,,,,,,,,,,,,,,,,,,
-3660,_blue_,_pink_,_brownDark_r,_blueDark_r,_blue_,_pink_,_blueDark_r,_blue_,_blue_,_blueDark_r,_blueDark_r,_blueDark_g,_blue_,,,,,,,,,,,,,,,,,,,,
-3600,_blue_,,,_blueDark_r,_blueDark_r,_blue_,_brownDark_r,_blue_,_blue_,_blue_,_blue_,_blue_,_blue_,,,,,,,,,,,,,,,,,,,,
-3540,_blue_,,_brownDark_r,_blueDark_r,_blue_,_pinkDark_,_brownDark_r,_brown_r,_blueDark_g,_blue_,_blue_,_pink_,_blue_,ICRF,,,,,,,,,,,,,,,,,,,
-3480,_blue_,_blue_,_brownDark_r,_blue_,_blue_,,_brownDark_r,_blueDark_r,_blue_,_blue_,_blue_,_blue_,_blueDark_g,,ICRF,ICRF,,,,,,,,,,,,,,,,,
-3420,_blue_,_blue_,_blue_,_blue_,_blueDark_r,_blue_,_brownDark_r,_blueDark_r,_blue_,_pink_,_blueDark_r,_blueDark_r,_blueDark_g,,,,,,,,,,,,,,,,,,,,
-3360,_blue_,_blue_,_blueDark_r,_blue_,_blueDark_r,,_brownDark_r,_blueDark_r,_blue_,_blueDark_r,_blueDark_r,_brownDark_r,_blue_,,,,,,,,,,,,,,,,,,,,
-3300,_blue_,_blueDark_g,_pink_,_blue_,_blue_,,_brownDark_r,_brownDark_r,_blueDark_r,_blueDark_g,_blueDark_r,_blue_,_blueDark_g,,,,ICRF,ICRF,,,,,,,,,,,,,,,
-3240,_blue_,_blue_,_brownDark_r,_blue_,_blueDark_r,,_brownDark_r,_brownDark_r,_blueDark_r,_blueDark_g,_blue_,_blue_,_blueDark_g,_blue_,,,,,ICRF,ICRF,,,,,,,,,,,,,
-3180,_blue_,_blueDark_r,_pink_,_blue_,_blueDark_r,_pink_,_blueDark_r,_blue_,_blue_,_blueDark_g,_blue_,_blue_,_brownDark_g,_blue_,_blue_,_blue_,,,,,,,,,,,,,,,,,
-3120,_blueDark_r,_brownDark_g,_pink_,_pink_,_blue_,_blueDark_r,_brownDark_r,_blue_,_blue_,_blue_,_brownDark_r,_blue_,_blueDark_g,_brownDark_r,_blue_,_blue_,,,,,ICRF,ICRF,,,,,,,,,,,
-3060,_blue_,_blue_,_blueDark_r,_blue_,_blue_,_blueDark_r,_brownDark_r,_brownDark_r,_blue_,_brownDark_r,_blue_,_blue_,_blueDark_r,_brown_r,_blue_,_blue_,,,,,,,,,,,,,,,,,
-3000,_blue_,_blueDark_g,_blueDark_r,_blue_,_blue_,_brown_r,_brownDark_r,_blue_,_blue_,_blue_,_brownDark_r,_blue_,_blue_,_brownDark_r,_blue_,_blue_,_blueDark_r,_blue_,,,,,,,,,,,,,,,
-2940,_blue_,_brownDark_g,_brownDark_r,_blue_,_blue_,_brown_r,_blueDark_r,_brownDark_g,_blue_,_blue_,_blue_,_blue_,_blue_,_brown_r,_blue_,_blueDark_r,_blueDark_r,_blue_,_blueDark_r,_blueDark_r,,,ICRF,ICRF,,,,,,,,,
-2880,_blueDark_r,_pink_,_brownDark_r,_blue_,_blue_,_brown_r,_brownDark_r,_blue_,_blue_,_blue_,_blueDark_r,_brown_r,_blue_,_brownDark_r,_blue_,_blueDark_r,_blue_,_blue_,_blue_,_blue_,,,,,,,,,,,,,
-2820,_blueDark_r,_blueDark_r,_blueDark_r,_blue_,_blue_,_brownDark_r,_brownDark_r,_pink_,_blue_,_blue_,_pink_,_brownDark_r,_blue_,_brownDark_r,_blue_,_blue_,_blueDark_r,_blue_,_blue_,_blueDark_r,_blue_,_blue_,,,,,,,,,,,
-2760,_blue_,_blue_,_blue_,_blue_,_pink_,_brownDark_r,_brownDark_r,_pink_,_blueDark_r,_blueDark_r,_blueDark_r,_brownDark_r,_blue_,_blueDark_r,_blue_,_blue_,_blueDark_r,_blue_,_blue_,_blue_,_blue_,_blue_,,,,,,,,,,,
-2700,_blue_,_pinkDark_,_blue_,_blue_,_pink_,_pink_,_blue_,_blue_,_blue_,_blueDark_r,_blue_,_blueDark_r,_blue_,_brown_r,_blue_,_blue_,_blue_,_brown_r,_blueDark_r,_blue_,_blueDark_r,_blue_,,,,,,,,,,,
-2640,_brownDark_r,_blueDark_g,_pinkDark_,_blue_,_pinkDark_,_pink_,_blue_,_pink_,_blueDark_r,_blue_,_blue_,_blue_,_blue_,_blue_,_blueDark_g,_blueDark_r,_blue_,_blueDark_r,_blue_,_blue_,_blueDark_r,_blue_,_pink_,_blueDark_r,ICRF,,,,,,,,
-2580,_blue_,_blue_,_pink_,_blue_,_pink_,_pink_,_blue_,_pink_,_blue_,_brownDark_r,_brownDark_r,_blue_,_blueDark_r,_blue_,_blue_,_blue_,_blue_,_blueDark_r,_blueDark_r,_blue_,_blue_,_blue_,_blueDark_g,_blueDark_r,,,,,,,,,
-2520,_blue_,_blue_,,_blue_,_brownDark_r,_brownDark_r,_blueDark_r,_pink_,_blue_,_blueDark_r,_blueDark_r,_blue_,_blue_,_blueDark_r,_blue_,_brownDark_r,_blue_,_blue_,_blue_,_blue_,_blue_,_blue_,_pinkDark_,_blue_,,,,,,,,,
-2460,_blueDark_r,_blue_,_blueDark_g,_blue_,_brownDark_r,_brownDark_r,_blue_,_blueDark_r,_blue_,_brownDark_r,_blue_,_blue_,_blue_,_pink_,_blue_,_blue_,_blue_,_brownDark_r,_blue_,_blue_,_blue_,_blue_,_pink_,_blue_,,,,,,,,,
-2400,_blue_,_blue_,_blueDark_r,_blue_,_brownDark_r,_pink_,_blueDark_r,_blueDark_r,_blue_,_blueDark_r,_blue_,_brownDark_r,_blue_,_brown_r,_blue_,_blue_,_blue_,_blue_,_blue_,_blue_,_blue_,_blue_,_brownDark_r,_brownDark_r,,,,,,,,,
-2340,_blue_,_brownDark_r,_blueDark_r,_blue_,_brownDark_r,_pink_,_blue_,_blueDark_r,_blueDark_r,_blue_,_brownDark_r,_blue_,_blue_,_blue_,_blue_,_blueDark_r,_blue_,_blue_,_blueDark_r,_blue_,_brown_r,_blue_,_pink_,_brownDark_r,_blue_,ICRF,ICRF,,,,,,
-2280,_blueDark_r,_blueDark_g,_blueDark_g,_blue_,_brownDark_r,_pink_,_blue_,_blue_,_blue_,_blue_,_brownDark_r,_blueDark_r,_blue_,_blue_,_blue_,_blue_,_blue_,_blue_,_blueDark_r,_blue_,_blueDark_r,_blue_,_pink_,_blue_,_blue_,,,,,,,,
-2220,_pink_,_pink_,_blue_,_brownDark_r,_pink_,_blueDark_g,_blue_,_blueDark_r,_blueDark_r,_blue_,_brownDark_r,_blue_,_blue_,_blue_,_blue_,_blueDark_r,_blue_,,_pink_,_brownDark_r,_brownDark_r,_blue_,_pink_,_brownDark_r,_blue_,,,,,,,,
-2160,_blueDark_r,_blueDark_r,_blue_,_blue_,_blueDark_r,_pink_,_blue_,_blueDark_r,_blue_,_blue_,_brownDark_r,_blueDark_r,_blue_,_blueDark_r,_brownDark_r,_blueDark_r,_blue_,,_blueDark_g,_blue_,_brownDark_r,_blue_,_blueDark_r,_brown_r,_blue_,,,,,,,,
-2100,_blue_,_blue_,_blue_,_blue_,_blue_,_pink_,_brownDark_r,_blue_,_blueDark_r,_blueDark_r,_brownDark_r,_blueDark_r,_blue_,_brownDark_r,_brownDark_r,_brownDark_r,_blue_,,_blue_,_brownDark_r,_brownDark_r,_blue_,_blueDark_g,_blueDark_r,_blueDark_r,,,,,,,,
-2040,_pinkDark_,_pink_,_pink_,_blue_,_blue_,_brownDark_r,_blueDark_r,_blue_,_blue_,_blue_,_blueDark_r,_blueDark_r,_blueDark_r,_brownDark_r,_blueDark_r,_blueDark_r,_blue_,,_blueDark_r,_brownDark_r,_blue_,_blue_,_blue_,_blue_,_pink_,_pinkDark_,_blueDark_g,,,,,,
-1980,_blue_,_blue_,_blueDark_r,_blue_,_brownDark_r,_blue_,_brownDark_r,_blueDark_r,_blue_,_brownDark_r,_brownDark_r,_blue_,_blue_,_pink_,_blue_,_blue_,_blueDark_r,,_blue_,_brownDark_r,_blue_,_blue_,_blueDark_g,_blue_,_brownDark_g,_blue_,,,,,,,
-1920,_pink_,_pink_,_blueDark_r,_blue_,_blueDark_r,_pink_,_brownDark_r,_blue_,_brownDark_r,_brownDark_r,_blue_,_blue_,_blue_,_brown_r,_blue_,_blue_,_blueDark_r,,_blueDark_r,_blueDark_r,_blueDark_r,_blueDark_g,_pink_,_blueDark_r,_blueDark_g,,_blue_,,,,,,
-1860,_blue_,_blueDark_g,,_blue_,_pink_,_blueDark_r,_brownDark_r,_blue_,_blue_,_brownDark_r,_blue_,_blue_,_blue_,_blueDark_r,_blueDark_r,_blue_,_brown_r,_blueDark_r,_blue_,_blue_,_pink_,_blue_,_brown_g,_brownDark_r,_blue_,_blueDark_r,_pinkDark_,,,,,,
-1800,_pink_,_pink_,_blue_,_blue_,_pink_,_pink_,_blue_,_blue_,_blue_,_brownDark_r,_blueDark_r,_blue_,_blue_,_brownDark_r,_blue_,_blue_,_blue_,_blue_,_blue_,_brownDark_r,_pink_,_blue_,_blueDark_r,_brownDark_r,_blue_,_pink_,_blueDark_r,,,,,,
-1740,_blueDark_g,_blueDark_r,_blueDark_r,_pink_,_brownDark_r,_pink_,_brownDark_r,_blue_,_blue_,_pink_,_blue_,_blue_,_blue_,_blue_,_blue_,_blue_,_blue_,_blueDark_g,_blueDark_r,_blue_,_brown_r,_blue_,_blueDark_r,_brownDark_r,_blueDark_g,_brownDark_g,_blue_,,,,,,
-1680,_brownDark_r,_brownDark_g,,_blue_,_blue_,_pink_,_blue_,_blue_,_blueDark_g,_blueDark_r,_blueDark_r,_blueDark_r,_brownDark_r,_blueDark_r,_blueDark_r,_blue_,_blue_,_blue_,_blue_,_blue_,_brownDark_r,_blue_,_blue_,_brownDark_r,_pink_,_pink_,_blueDark_r,,,,,,
-1620,_blueDark_r,_pink_,,_blueDark_r,_blue_,_blueDark_g,_blueDark_r,_blue_,_pink_,_pink_,_pink_,_blue_,_blue_,_pink_,_pink_,_blueDark_r,_blue_,_blueDark_r,_blue_,_blueDark_r,_brownDark_r,_blue_,_blue_,_brownDark_r,_blue_,_blueDark_g,_brownDark_r,,,,,,
-1560,_blueDark_g,_blueDark_r,_blue_,_brownDark_r,_brownDark_r,_blueDark_g,_blue_,_blueDark_r,_blueDark_g,_blueDark_r,_pink_,_blueDark_r,_blue_,_blue_,_blueDark_g,_blue_,_blue_,_brownDark_r,_pink_,_blueDark_g,_blueDark_r,_blue_,_blueDark_g,_brownDark_r,_blue_,_pink_,_blue_,,,,,,
-1500,_blue_,_blue_,_pinkDark_,_blue_,_blue_,_pink_,_pink_,_blueDark_r,_pink_,_brownDark_r,_pink_,_blue_,_blue_,_blue_,_blue_,_blue_,_brownDark_r,_pink_,_brown_r,_blue_,_pink_,_blue_,_blue_,_blueDark_r,_blue_,_blueDark_g,_brownDark_g,,,,,,
-1440,_blue_,_blueDark_r,,_brown_r,_blueDark_r,_pink_,_pink_,_blueDark_r,_blue_,_blue_,_pink_,_brownDark_r,_blue_,_blueDark_r,_blue_,_blue_,_blue_,_blueDark_g,_blue_,_blue_,_blueDark_r,_blue_,_blue_,_blueDark_r,_blueDark_g,_blue_,_pink_,,,,,,
-1380,_blue_,_brownDark_g,,_blueDark_r,_brownDark_r,_blue_,_blueDark_r,_blue_,_blueDark_r,_blue_,_blueDark_r,_brownDark_r,_blue_,_brown_r,_blueDark_g,_blue_,_blueDark_r,_brownDark_r,_blue_,_blueDark_r,_blueDark_g,_blueDark_r,_blue_,_blueDark_r,_blueDark_g,_pink_,_pinkDark_,,,,,,
-1320,_blue_,_brownDark_r,,_blueDark_r,_blue_,_blue_,_blueDark_r,_pink_,_blue_,_blue_,_pink_,_blue_,_blue_,_blueDark_r,_blue_,_blue_,_blueDark_r,_brownDark_r,_blue_,_blue_,_blueDark_r,_brownDark_r,_pinkDark_,_pink_,_blueDark_g,,_brown_g,,,,,,
-1260,_blue_,_pink_,,_blue_,_blueDark_r,_blueDark_g,_blue_,_brownDark_r,_blue_,_blue_,_blue_,_brownDark_r,_blue_,_brownDark_r,_pink_,_blue_,_brownDark_r,_blueDark_r,_blue_,_blue_,_blueDark_r,_pink_,_brownDark_r,_brownDark_r,_blueDark_g,,_blue_,,,,,,
-1200,_blue_,_pink_,,_blue_,_blue_,_blue_,_pink_,_brownDark_r,_blue_,_blueDark_r,_brownDark_r,_blue_,_blue_,_brownDark_r,_blue_,_blue_,_brownDark_r,_blueDark_r,_brownDark_r,_blue_,_pink_,_brownDark_r,_blueDark_g,_pink_,_blue_,_blueDark_r,_blueDark_r,,,,,,
-1140,_blueDark_r,_pink_,,_blueDark_r,_blue_,_blueDark_g,_blueDark_r,_pink_,_brownDark_r,_blue_,_blueDark_r,_blue_,_blueDark_r,_blue_,_blue_,_blueDark_r,_blue_,_pink_,_brownDark_r,_blue_,_blueDark_g,_brownDark_r,_pink_,_pink_,_blue_,_blueDark_g,_brownDark_r,,,,,,
-1080,_blue_,_brownDark_r,,_blueDark_r,_blueDark_r,_pink_,_blue_,_blueDark_r,_blueDark_r,_blueDark_g,_blue_,_blue_,_blue_,_brownDark_r,_blue_,_blue_,_blueDark_r,_pink_,_brownDark_r,_blueDark_r,_blue_,_brownDark_r,_blue_,_pinkDark_,_blue_,_blue_,_pink_,,,,,,
-1020,_blueDark_r,_blueDark_r,,_pinkDark_,_brownDark_r,_blue_,_blue_,_blue_,_blue_,_blueDark_g,_pink_,_blueDark_r,_blue_,_brownDark_r,_brownDark_r,_blue_,_blueDark_r,_blueDark_r,_brownDark_r,_blue_,_pink_,_pink_,_blueDark_r,_blueDark_g,_blue_,_blueDark_g,_blue_,,,,,,
-960,_blue_,_pink_,,_blueDark_g,_blue_,_blueDark_r,_blue_,_blueDark_r,_blueDark_r,_pink_,_brownDark_r,_blueDark_r,_blueDark_r,_brownDark_r,_blue_,_blue_,_blueDark_r,_pink_,_blue_,_blueDark_r,_pink_,_pink_,_pink_,_blueDark_g,_brownDark_g,_brownDark_g,_pink_,,,,,,
-900,_blue_,_brownDark_r,,_blueDark_g,_pink_,_pink_,_blue_,,_blue_,_pink_,_brownDark_r,_brownDark_r,_blue_,_blue_,_brownDark_r,_blue_,_blue_,_brownDark_r,_blue_,_brown_r,_pinkDark_,_brownDark_r,_blue_,_blueDark_g,_blueDark_g,_blue_,_blueDark_r,,,,,,
-840,_blue_,_blue_,,_blue_,_pink_,_pink_,_blue_,_blue_,_blue_,_pink_,_brownDark_r,_blueDark_r,_blue_,_blueDark_r,_brownDark_r,_brownDark_r,_blue_,_pinkDark_,_blue_,_blueDark_r,_pinkDark_,_pink_,_blueDark_g,_blueDark_r,_brown_g,_blue_,_blueDark_r,,,,,,
-780,_blue_,_brownDark_r,,_blue_,_pink_,_pink_,_blue_,_brownDark_r,_blueDark_r,_pink_,_pink_,_blue_,_blue_,_brownDark_r,_brownDark_r,_blueDark_r,_blue_,_blue_,_pink_,_blue_,_blueDark_r,_blueDark_r,_blue_,_blue_,_blue_,_pink_,_blue_,,,,,,
-720,_blueDark_g,_blueDark_r,,_pink_,_pink_,_pink_,_blue_,_blueDark_r,_blueDark_g,_pink_,_blue_,_blueDark_r,_blue_,_brownDark_r,_blueDark_r,_blueDark_r,_blueDark_r,_blueDark_g,_pink_,_blue_,_pinkDark_,_blueDark_r,,_blueDark_r,_blue_,_pink_,_pink_,,,,,,
-660,,_blue_,,_pink_,_pink_,_pink_,_blueDark_r,_pink_,_blueDark_g,_pink_,_blueDark_r,_blue_,_blue_,_brownDark_r,_blue_,_blueDark_r,_blueDark_r,_pink_,_pink_,_blue_,_pink_,_blueDark_r,_blueDark_g,_pink_,_blue_,_pink_,_blueDark_g,,,,,,
-600,_blue_,_pink_,,_blue_,_pink_,_pink_,_blue_,_pink_,_blueDark_g,_brownDark_r,_blue_,_blue_,_blue_,_brownDark_r,_brownDark_r,_blue_,_blue_,_pinkDark_,_blueDark_r,_blue_,_blue_,_brownDark_r,_pink_,_pink_,_blue_,,_brownDark_g,,,,,,
-540,_blue_,_blueDark_r,,_blueDark_r,_pink_,_pink_,_pink_,_brownDark_r,,_pink_,_blue_,_blueDark_r,_blue_,_pink_,_pink_,_blue_,_blue_,_pink_,_pink_,_blue_,_brownDark_g,_blueDark_r,_pink_,_pink_,_blue_,_pink_,_blueDark_g,,,,,,
-480,_blue_,_pink_,,_blueDark_r,_pink_,_pink_,_blueDark_r,_pink_,,_pink_,_blueDark_g,_blue_,_blue_,_blueDark_r,_blueDark_r,_blueDark_r,_blue_,_blue_,_pink_,_blueDark_r,_pink_,_pink_,_pink_,,_blueDark_g,_pink_,_blueDark_r,,,,,,
-420,_pinkDark_,_pink_,,_pink_,_pink_,_pinkDark_,_pink_,_pink_,,_pink_,_pink_,_blue_,_blue_,_pink_,_brownDark_r,_blue_,_brownDark_r,_blue_,_pink_,_brownDark_r,_pink_,_blueDark_r,_pink_,,_blueDark_g,_blue_,_blue_,,,,,,
-360,_blue_,_blue_,,_pinkDark_,_blueDark_r,_pink_,_blueDark_r,_blue_,,_pink_,_blueDark_r,_blue_,_blueDark_g,_pink_,_blueDark_r,_pink_,_blueDark_r,_pink_,_pink_,_brownDark_r,_pink_,_pink_,_pink_,,_blue_,_pink_,_brownDark_g,,,,,,
-300,_blue_,_pink_,,_brownDark_g,_pink_,_pink_,_blueDark_r,_blue_,,_pink_,_blueDark_r,_blue_,_blue_,_brown_r,_pink_,_blue_,_pink_,_pink_,_brownDark_r,_blue_,_pinkDark_,_pinkDark_,_pink_,,_brownDark_g,_blue_,_blueDark_g,,,,,,
-240,_blue_,_brownDark_r,,_brownDark_g,_blue_,_pink_,_blueDark_r,_blueDark_r,,_brownDark_r,_brownDark_r,_blue_,_blue_,_pink_,_pink_,_blue_,_pink_,_pink_,_brownDark_r,_blue_,_pink_,_pink_,_pinkDark_,,_blue_,_blue_,,,,,,,
-180,_blueDark_g,_brownDark_r,,_pink_,_brownDark_r,_pink_,_blue_,_pink_,,_pink_,_brownDark_r,_blueDark_r,_blue_,_pink_,_blueDark_r,_blueDark_r,_blueDark_r,_pink_,_pink_,_blue_,_blueDark_r,_pink_,_blueDark_g,,_blueDark_g,_blueDark_g,_brownDark_r,,,,,,
-120,_brownDark_r,_blue_,,_blue_,_brownDark_r,_pink_,_blue_,_brownDark_r,,_pink_,_pink_,_brownDark_r,_blue_,_brownDark_r,_blueDark_r,_brownDark_r,_brownDark_r,,_pink_,_blueDark_r,_brownDark_r,_pink_,_pink_,,_blueDark_g,_blueDark_r,_brownDark_r,,,,,,
-60,_blueDark_r,_blue_,,_blueDark_g,_blueDark_g,_pink_,_blue_,_blue_,,_pink_,_pinkDark_,_blue_,_blue_,_brownDark_r,_brownDark_r,_blueDark_r,_pink_,,_blueDark_g,_blueDark_g,_pink_,_pink_,_pink_,,_blue_,_pink_,_brownDark_r,,,,,,
0,_pink_,,,,_brownDark_r,_pink_,_blueDark_r,_blueDark_r,,_brownDark_r,_brownDark_r,_blueDark_r,_blueDark_r,_brownDark_r,_brownDark_r,_blue_,_blueDark_r,,_pink_,_blueDark_g,_blueDark_r,_pink_,_blueDark_r,,_blue_,_pink_,_pink_,,,,,,
60,_blueDark_r,_pinkDark_,,,_brownDark_r,_pink_,_blue_,_brownDark_r,,_brownDark_r,_pink_,_blueDark_r,_brownDark_g,_brownDark_r,_brownDark_r,_pink_,_brownDark_r,,_pink_,_blue_,_pinkDark_,_pink_,_pink_,,_blueDark_r,,_brownDark_r,,,,,,
120,_blueDark_r,_pinkDark_,,_brownDark_r,_pink_,_pink_,_blue_,_pinkDark_,,_blueDark_r,_brown_r,_blue_,_blueDark_g,_brownDark_r,_blueDark_r,_pink_,_brownDark_r,,_blueDark_g,_pink_,_pink_,_pink_,_pinkDark_,,_blue_,_pink_,_blueDark_r,,,,,,
180,,_pink_,,_pinkDark_,_blue_,_pink_,_blue_,_pink_,,_pink_,_brownDark_r,_blue_,_blue_,_pink_,_blueDark_r,_blue_,_brownDark_r,,_blue_,_blueDark_g,_brownDark_r,_pink_,,,_pink_,_blue_,_pink_,,,,,,
240,_blue_,,,_brownDark_r,_blue_,_pink_,_blue_,_pink_,,_blue_,_brownDark_r,_blue_,_blueDark_g,_blueDark_r,_pink_,_brownDark_r,_brownDark_r,,_blueDark_g,_blueDark_g,_blueDark_r,_pink_,_blueDark_r,,_brownDark_r,_pink_,_pink_,,,,,,
300,_brownDark_r,_pink_,,_blueDark_r,_blueDark_r,_pink_,_blueDark_r,_blueDark_r,,_pink_,_pink_,_blueDark_r,_blue_,_pink_,_blueDark_r,_pinkDark_,_brownDark_r,,_blue_,_blue_,_blue_,_brownDark_r,,,_pink_,_pink_,_pink_,,,,,,
360,_pink_,,,_blueDark_r,_blue_,_blueDark_r,_blueDark_r,,,_blue_,_blueDark_r,_blue_,_blue_,_blueDark_r,_brownDark_r,_blueDark_r,_blue_,,_pink_,_blue_,_blue_,_pinkDark_,_pink_,,_brownDark_r,,,,,,,,
420,_blue_,,,_blueDark_g,_blue_,_pinkDark_,,_blueDark_r,,_pinkDark_,_brownDark_r,_blue_,_blue_,_pinkDark_,_blueDark_r,_brownDark_r,_blueDark_r,,_blueDark_r,_blue_,_blue_,_pink_,_pinkDark_,,_blueDark_r,,_blueDark_r,,,,,,
480,_blue_,,,_pink_,,_blueDark_r,_pink_,_pinkDark_,,_blueDark_r,_brownDark_r,_brownDark_r,_pink_,_pink_,_blue_,_blueDark_r,_blue_,,_blueDark_r,_blue_,_blue_,_pink_,_brownDark_r,,_pink_,,_blue_,,,,,,
540,_blue_,,,_blue_,_blue_,_pinkDark_,_pink_,_brownDark_r,,_blueDark_r,_brownDark_r,_blue_,_pink_,_blue_,_blue_,_pink_,_pinkDark_,,_blueDark_r,_blueDark_g,_blue_,,_brown_r,,_brownDark_r,,,,,,,,
600,_blue_,,,_blue_,_pink_,_blue_,_pink_,_pink_,,_blueDark_r,_pink_,_blue_,_pink_,_blueDark_r,_blue_,_blueDark_r,_pinkDark_,,_blueDark_g,_brownDark_g,_blue_,_pink_,_pink_,,_pink_,,,,,,,,
660,,,,_brownDark_r,_pinkDark_,_pinkDark_,_blue_,,,_blueDark_r,_pink_,_blue_,_blueDark_r,_blue_,_blueDark_r,_blueDark_r,_blue_,,_blueDark_g,_blueDark_g,_blue_,_pink_,_brownDark_g,,_brownDark_r,,,,,,,,
720,,,,_blue_,_blue_,,_blueDark_r,_pink_,,_blueDark_r,_blueDark_r,_blue_,_pink_,_pink_,_blueDark_g,_blue_,_pink_,,_pinkDark_,_blueDark_g,_blue_,_blueDark_r,_blue_,,_pinkDark_,,,,,,,,
780,,,,_blue_,_blue_,_blueDark_r,_blue_,,,_blue_,_blueDark_g,_blue_,_brownDark_r,_blueDark_r,_blue_,_blue_,_blue_,,_pink_,_blue_,_blue_,_brown_r,_blueDark_r,,_pink_,,,,,,,,
840,,,,_blue_,_blue_,_pink_,_brownDark_r,,,_blueDark_r,_pink_,_blueDark_r,_blue_,_pinkDark_,_blue_,_pink_,_blue_,,_pink_,_blue_,_pink_,_blueDark_r,_brownDark_r,,_pink_,,,,,,,,
900,,,,,_blueDark_r,_pink_,_brownDark_r,,,_blueDark_r,_pinkDark_,_blue_,_brown_g,_blueDark_r,_blueDark_r,_blue_,_pink_,,_blueDark_r,_blueDark_g,_blue_,_pink_,_blueDark_r,,_pinkDark_,,,,,,,,
960,,,,,_blue_,_pink_,_blueDark_r,,,_blueDark_r,_pink_,_blueDark_r,,_pink_,_blueDark_r,_pink_,_pink_,,_blueDark_r,_blue_,_blue_,,_brownDark_r,,_pinkDark_,,,,,,,,
1020,,,,,_pink_,_pink_,_pink_,,,,_pink_,_pink_,_blue_,_blue_,_blueDark_r,_blueDark_g,_pinkDark_,,_blueDark_g,,_blue_,,_blue_,,_blueDark_r,,,,,,,,
1080,,,,,_brownDark_r,_pink_,_blue_,,,_blueDark_g,_pink_,_blue_,_blue_,_pinkDark_,_blueDark_r,_blue_,_blueDark_r,,_blue_,_blue_,_blue_,_pink_,,,_pinkDark_,,,,,,,,
1140,,,,,_blueDark_r,_pink_,_pink_,,,_pink_,_pink_,_pink_,_blue_,_pink_,_pink_,_blue_,_blue_,,_blueDark_r,_blue_,_brown_r,_blueDark_r,_pink_,,_blueDark_r,,,,,,,,
1200,,,,,_blueDark_r,_pinkDark_,_blueDark_g,,,_blue_,_pinkDark_,_pink_,_blueDark_r,_pink_,_pinkDark_,_blue_,_pinkDark_,,,_pink_,_blueDark_r,,_blueDark_r,,_blue_,,,,,,,,
1260,,,,,_blueDark_r,_pinkDark_,_blueDark_g,,,_blueDark_g,_brownDark_r,_blueDark_r,_pink_,_blueDark_r,_pinkDark_,_blue_,_blueDark_r,,_blue_,_blueDark_r,_blue_,_pinkDark_,,,_pinkDark_,,,,,,,,
1320,,,,,_blueDark_r,_pink_,_brownDark_g,,,_blue_,_pink_,_blueDark_r,_pink_,_blueDark_r,_pink_,_blue_,_pinkDark_,,_blueDark_r,_pink_,_blueDark_g,,,,_blueDark_r,,,,,,,,
1380,,,,,_pink_,_pinkDark_,_blueDark_r,,,_pink_,_blueDark_r,_brownDark_r,,_blueDark_r,_blueDark_r,_blue_,_pink_,,_blueDark_r,_blue_,_blueDark_r,,,,_blueDark_r,,,,,,,,
1440,,,,,_pinkDark_,_pink_,_blue_,,,_blueDark_r,_blueDark_r,_blueDark_r,_brownDark_r,_blueDark_r,_pink_,_blue_,_blue_,,_blueDark_g,_pink_,_blue_,,,,_pink_,,,,,,,,
1500,,,,,_blueDark_g,_pinkDark_,_blue_,,,_blueDark_g,_pinkDark_,_brownDark_r,_pink_,_brownDark_r,_brownDark_r,_pink_,_blue_,,_pink_,_blue_,_blue_,,,,_blueDark_r,,,,,,,,
1560,,,,,_blueDark_r,_pinkDark_,_pinkDark_,,,_blueDark_g,_pink_,_brownDark_r,_pink_,_brownDark_r,_blueDark_g,_blue_,_blueDark_r,,_pink_,_pink_,_blueDark_r,,,,_pinkDark_,,,,,,,,
1620,,,,,,_pink_,_blueDark_r,,,_blue_,_pink_,_blue_,_blueDark_r,_brownDark_r,_blueDark_r,_pink_,_blue_,,_pinkDark_,_pink_,_blue_,,,,_blueDark_r,,,,,,,,
1680,,,,,,_blue_,_blueDark_r,,,_blue_,_pink_,_blue_,_blue_,_blueDark_r,_pink_,_blue_,_blue_,,_pink_,_brownDark_r,_blue_,,,,_pink_,,,,,,,,
1740,,,,,,_pink_,_blue_,,,_blue_,_pink_,_blue_,_blue_,_blueDark_r,_blue_,_blue_,_blueDark_r,,_blueDark_r,_brownDark_r,_pinkDark_,,,,_pinkDark_,,,,,,,,
1800,,,,,,_brownDark_r,_blueDark_g,,,_blue_,_pinkDark_,_blueDark_r,_blue_,_brownDark_r,_blue_,_pinkDark_,_brownDark_r,,_blueDark_r,_blueDark_r,_blue_,,,,_pink_,,,,,,,,
1860,,,,,,,_blue_,,,_blue_,_pink_,_blueDark_r,,_blueDark_r,_blue_,_blueDark_r,_pinkDark_,,_pink_,_pink_,,,,,_pink_,,,,,,,,
1920,,,,,,,_blue_,,,_blue_,,_blueDark_r,,_blueDark_r,_blueDark_g,_blueDark_g,_pink_,,_blueDark_g,_brownDark_r,,,,,_blueDark_r,,,,,,,,
1980,,,,,,,_blue_,,,_blue_,,_blueDark_r,,_pink_,_pinkDark_,_blue_,,,_blue_,_brownDark_r,,,,,_pinkDark_,,,,,,,,
2040,,,,,,,_pink_,,,_blue_,_pink_,_pink_,,_blueDark_r,_blue_,_pink_,,,_blue_,_pink_,,,,,_pink_,,,,,,,,
2100,,,,,,,_pinkDark_,,,_blueDark_r,_brownDark_r,_pink_,,_blueDark_r,_blue_,_blueDark_r,,,_blue_,_pink_,,,,,_blue_,,,,,,,,
2160,,,,,,,_pink_,,,_blue_,_pink_,_blueDark_g,,_blue_,_blue_,_brownDark_r,,,,_blueDark_r,,,,,_brownDark_r,,,,,,,,
2220,,,,,,,_pink_,,,_blue_,_pink_,_blueDark_g,,_pink_,_pinkDark_,_blueDark_r,,,,_pink_,,,,,_blueDark_r,,,,,,,,
2280,,,,,,,_blueDark_g,,,,_pink_,_blueDark_g,,_blue_,,,,,,_blueDark_r,,,,,_blue_,,,,,,,,
2340,,,,,,,_blueDark_g,,,,_pink_,_pink_,,_blue_,,,,,,_blueDark_r,,,,,_blueDark_r,,,,,,,,
2400,,,,,,,_pinkDark_,,,,_pinkDark_,_blueDark_g,,_blue_,,,,,,_blueDark_r,,,,,_pink_,,,,,,,,
2460,,,,,,,_blue_,,,,_pink_,_blue_,,_blue_,,,,,,_blueDark_r,,,,,_blueDark_r,,,,,,,,
2520,,,,,,,_blue_,,,,_pink_,_brownDark_r,,_blue_,,,,,,_pink_,,,,,_blue_,,,,,,,,
2580,,,,,,,,,,,_pink_,_blue_,,,,,,,,_blueDark_r,,,,,_blue_,,,,,,,,
2640,,,,,,,,,,,_pinkDark_,_pinkDark_,,,,,,,,_pink_,,,,,,,,,,,,,
2700,,,,,,,,,,,_pinkDark_,_pink_,,,,,,,,_pinkDark_,,,,,,,,,,,,,
2760,,,,,,,,,,,_pinkDark_,_pink_,,,,,,,,_blueDark_r,,,,,,,,,,,,,
2820,,,,,,,,,,,_pink_,_pink_,,,,,,,,,,,,,,,,,,,,,
2880,,,,,,,,,,,_pinkDark_,_blue_,,,,,,,,,,,,,,,,,,,,,
2940,,,,,,,,,,,_pinkDark_,_pink_,,,,,,,,,,,,,,,,,,,,,
3000,,,,,,,,,,,_pinkDark_,_pink_,,,,,,,,,,,,,,,,,,,,,
3060,,,,,,,,,,,,_pink_,,,,,,,,,,,,,,,,,,,,,
3120,,,,,,,,,,,,_pinkDark_,,,,,,,,,,,,,,,,,,,,,
3180,,,,,,,,,,,,_pink_,,,,,,,,,,,,,,,,,,,,,
3240,,,,,,,,,,,,_pink_,,,,,,,,,,,,,,,,,,,,,
3300,,,,,,,,,,,,_pink_,,,,,,,,,,,,,,,,,,,,,
3360,,,,,,,,,,,,_pink_,,,,,,,,,,,,,,,,,,,,,
3420,,,,,,,,,,,,_pink_,,,,,,,,,,,,,,,,,,,,,
3480,,,,,,,,,,,,_pinkDark_,,,,,,,,,,,,,,,,,,,,,
3540,,,,,,,,,,,,_pink_,,,,,,,,,,,,,,,,,,,,,
3600,,,,,,,,,,,,_pink_,,,,,,,,,,,,,,,,,,,,,
