time to NEB,1,2i,2ii,3i,3ii,4,5i,5ii,2,4,5i,5ii,6,7i,7ii,2i,2ii,3i,3ii,4i,4ii,5i,5ii,6i,6ii,7i,7ii
-8520,,,,,,,,,,,,,,,,,,,,,,,,,,,
-8460,,,,,,,,,,,,,,,,,,,,,,,,,,,
-8400,,,,,,,,,,,,,,,,,,,,,,,,,,,
-8340,,,,,,,,,,,,,,,,,,,,,,,,,,,
-8280,,,,,,,,,,,,,,,,,,,,,,,,,,,
-8220,,,,,,,,,,,,,,,,,,,,,,,,,,,
-8160,,,,,,,,,,,,,,,,,,,,,,,,,,,
-8100,,,,,,,,,,,,,,,,,,,,,,,,,,,
-8040,,,,,,,,,,,,,,,,,,,,,,,,,,,
-7980,,,,,,,,,,,,,,,,,,,,,,,,,,,
-7920,,_pink_,_blueDark_r,,,,,,,,,,,,,,,,,,,,,,,,
-7860,,_brownDark_g,_pink_,,,,,,,,,,,,,,,,,,,,,,,,
-7800,,_pink_,_pink_,,,,,,,,,,,,,,,,,,,,,,,,
-7740,,_pink_,_blueDark_g,,,,,,,,,,,,,,,,,,,,,,,,
-7680,,_pink_,_blue_,,,,,,,,,,,,,,,,,,,,,,,,
-7620,,_pinkDark_,_blueDark_g,,,,,,,,,,,,,,,,,,,,,,,,
-7560,,_blueDark_r,_blueDark_g,,,,,,,,,,,,,,,,,,,,,,,,
-7500,,_blue_,_blueDark_r,,,,,,,,,,,,,,,,,,,,,,,,
-7440,,_blue_,_blueDark_r,,,,,,,,,,,,,,,,,,,,,,,,
-7380,,_blueDark_r,_brownDark_r,,,,,,,,,,,,,,,,,,,,,,,,
-7320,,_blueDark_r,_pink_,,,,,,,,,,,,,,,,,,,,,,,,
-7260,,_blueDark_r,_pink_,,,,,,,,,,,,,,,,,,,,,,,,
-7200,,_pink_,_pink_,,,,,,,,,,,,,,,,,,,,,,,,
-7140,,_blueDark_r,_pink_,,,,,,,,,,,,,,,,,,,_brownDark_r,_brownDark_r,,,,
-7080,,_brown_r,_pink_,,,,_blue_,_brownDark_r,,,,,,,,,,,,,,_brownDark_r,_brownDark_r,,,_blueDark_r,_brownDark_r
-7020,,_blue_,_pink_,,,,_blue_,_brownDark_r,,,,,,,,,,,,,,_brownDark_r,_blueDark_r,,,_blue_,_brownDark_r
-6960,,_blue_,_pink_,,,,_blue_,_blue_,,,,,,,,,,,,,,_brownDark_r,_brownDark_r,,,_blueDark_r,_brownDark_r
-6900,,_blueDark_r,_pink_,,,,_blue_,_blue_,,,,,,,,,,,,,,_brownDark_r,_blueDark_r,,,_blue_,_pink_
-6840,,_blueDark_r,_pink_,,,,_blue_,_blueDark_r,,,,,,,,,,,,,,_blueDark_r,_brownDark_r,,,_blue_,_brownDark_r
-6780,,_blue_,_pink_,,,,_blue_,_brownDark_r,,,,,,,,,,,,,,_brownDark_r,_brownDark_r,,,_blueDark_g,_pink_
-6720,,_blue_,_brownDark_r,,,,_blue_,_blueDark_r,,,,,,,,,,,,,,_brownDark_r,_blueDark_r,,,_blue_,_brownDark_r
-6660,,_blueDark_r,_brownDark_r,,,,_blue_,_blue_,,,,,,,,,,,,,,_brownDark_r,_blueDark_r,,,_blueDark_r,_brownDark_r
-6600,,_brownDark_r,_blueDark_r,,,,_blue_,_blue_,,,,,,,,,,,,,,_brownDark_r,_blueDark_r,,,_blue_,_brownDark_r
-6540,,_brownDark_r,_pink_,,,,_blueDark_r,_blue_,,,,,,,,,,,,,,_brownDark_r,_blueDark_r,,,_blue_,_blueDark_r
-6480,,_blueDark_r,_pink_,,,,_blue_,_blue_,,_brownDark_r,,,,,,,,,,,,_brownDark_r,,,,_blue_,_blueDark_r
-6420,,_blueDark_r,_pink_,,,,_blueDark_r,_blueDark_r,,_brownDark_r,,,,,,,,,,,,_brownDark_r,_pink_,,,_blue_,_blueDark_r
-6360,,_blueDark_r,_pink_,,,,_blueDark_r,_blue_,,_blueDark_g,,,,,,,,,,,,_brownDark_r,_brownDark_r,,,_blue_,_blue_
-6300,,_brownDark_r,_brownDark_r,,,,_blue_,_blue_,,_blue_,,,,,,,,,,,,_brownDark_r,_pink_,,,_blue_,_brownDark_r
-6240,,_brownDark_r,_pink_,,,,_blue_,_blue_,,_blue_,,,,,,,,,,,,_brownDark_r,_blueDark_r,,,_blueDark_r,_pink_
-6180,,_brownDark_r,_pink_,,,,_blueDark_r,_blueDark_r,,_blue_,,,,,,,,,,,,_brownDark_r,,,,_blue_,_pinkDark_
-6120,,_brownDark_r,_pink_,,,,_blue_,_blueDark_r,,,,,,,,,,,,,,_brownDark_r,_blueDark_r,,,_blue_,_pink_
-6060,,_blueDark_r,_pink_,,,,_blueDark_r,_blueDark_r,,,,,,,,,,,,,,_pink_,_brownDark_r,,,_blue_,_pink_
-6000,,_brownDark_r,_pink_,,,,_blue_,_blue_,,,,,,,,,,,,,,_brownDark_r,_brownDark_r,,,_pink_,_brownDark_r
-5940,,_brownDark_r,_pink_,,,,_blue_,_blue_,,,,,,,,,,,,,,_brownDark_r,_blueDark_r,,,_blue_,_brownDark_r
-5880,,_blueDark_r,_pink_,,,,_blue_,_blue_,,,,,,,,,,,,,,_brownDark_r,_brownDark_r,,,_blue_,_brownDark_r
-5820,,_brownDark_r,_pink_,,,,_blueDark_r,_blue_,,_brownDark_g,,,,,,,,,,,,_brownDark_r,_brownDark_r,,,_blue_,_pink_
-5760,,_blueDark_r,_brownDark_r,,,,_blue_,_blue_,,_brownDark_g,,,,,,,,,,,,_brownDark_r,_blueDark_r,,,_blue_,_blue_
-5700,,_blueDark_r,_blueDark_r,,,,_blueDark_r,_blue_,,_blue_,,,,,,,,,,,,_brownDark_r,_blueDark_r,,,_blueDark_g,_pink_
-5640,,_pink_,_pink_,,,,_blue_,_blue_,,_pink_,,,,,,,,,,,,_brownDark_r,_blue_,,,_blue_,_brownDark_r
-5580,_brownDark_r,_blue_,_blueDark_r,,,,_brownDark_r,_blueDark_r,,_blue_,,,,,,,,,,,,_brownDark_r,_blue_,,,_blue_,_brownDark_r
-5520,_brownDark_r,_blueDark_r,_blue_,,,,_blue_,_blue_,,_brownDark_g,,,,,,,,,,,,_brownDark_r,_blue_,,,_blueDark_r,_brownDark_r
-5460,_brownDark_r,_blueDark_r,_blue_,,,,_blue_,_brownDark_r,_pink_,_blueDark_g,,,,,,,,,,,,_brownDark_r,_blue_,,,_blue_,_brownDark_r
-5400,_brownDark_r,_blueDark_r,_brownDark_r,,,,_brownDark_r,_blueDark_r,_blueDark_r,_brownDark_g,,,,,,,,,,,,_brownDark_r,_blueDark_r,,,_blue_,_brownDark_r
-5340,_brownDark_r,_blueDark_r,_brownDark_r,,,,_brownDark_r,_blue_,_blue_,_blue_,,,,,,,,,,,,_brownDark_r,_blue_,,,_blue_,_pink_
-5280,_brownDark_r,_brownDark_r,_brownDark_r,,,,_brownDark_r,_blue_,_blueDark_g,_blueDark_g,,,,,,,,,,,,_pink_,_blue_,,,_blueDark_r,_brownDark_r
-5220,_brownDark_r,_brownDark_r,_blueDark_r,,,,_brownDark_r,_blueDark_r,_pink_,_blueDark_g,,,,,,,,,,,,_pink_,_blueDark_r,,,_pink_,
-5160,_brownDark_r,_blueDark_r,_blue_,,,,_brownDark_r,_blue_,_blue_,_blue_,,,,,,,,,,,,_pink_,_blue_,,,_blue_,_brownDark_r
-5100,_brownDark_r,_blueDark_r,_brownDark_r,,,,_blueDark_r,_blue_,_blue_,_blueDark_g,,,,,,,,,,,,_pink_,_blueDark_r,,,_brownDark_r,_pink_
-5040,_brownDark_r,_blueDark_r,_blue_,,,,_blue_,_blueDark_r,_brownDark_r,_blueDark_g,,,,,,,,,,,,_pink_,_blueDark_r,,,_blue_,_pink_
-4980,_blue_,_blue_,_blueDark_r,,,,_blueDark_r,_blueDark_r,_blueDark_r,,,,,,,,,,,,,_pink_,_blue_,,,_blue_,_brownDark_r
-4920,_brownDark_r,_blue_,_brownDark_r,,,,_blueDark_r,_brownDark_r,_pink_,,,,,,,,,,,,,_pink_,_blueDark_r,,,_blue_,_pink_
-4860,_blueDark_r,_blue_,_brownDark_r,,,,_blue_,_blueDark_r,,,,,,,,,,,,,,_pink_,_blue_,,,_blueDark_r,_brownDark_r
-4800,_blueDark_r,_blue_,_brownDark_r,,,,_blue_,_brownDark_r,,_blue_,,,,,,,,,,_blue_,_blue_,_pink_,_blue_,,,_blueDark_r,_pink_
-4740,_brownDark_r,_blue_,_blueDark_r,,,,_blue_,_blueDark_r,,_brownDark_g,,,,,,,,,,_blue_,_blueDark_r,_brownDark_r,_blue_,,,_blue_,_pink_
-4680,_brownDark_r,_blue_,_blueDark_r,,,,_blueDark_g,_blue_,,_brownDark_g,,,,,,,,,,_blueDark_r,_blueDark_r,_brownDark_r,_blue_,,,_blue_,_brownDark_g
-4620,_brownDark_r,_blue_,_blue_,,,,_blue_,_blue_,,,,,,,,,,,,_blue_,_blue_,_pink_,_blue_,,,_blue_,_pink_
-4560,_brownDark_r,_blue_,_blueDark_r,,,,_blue_,_brownDark_r,,,,,,_brownDark_r,_pink_,,,,,_blue_,_blueDark_r,_pink_,_blue_,,,_blue_,_blueDark_r
-4500,_pink_,_blue_,_blue_,,,,_blue_,_blueDark_r,,,,,,_blueDark_r,_blueDark_g,,,,,_pink_,_blue_,_brownDark_r,_blueDark_g,,,_blue_,
-4440,_blueDark_r,_blue_,_blueDark_g,,,,_blue_,_blue_,,_blueDark_r,,,,_brown_r,_blueDark_r,,,,,_brownDark_r,_brownDark_r,_brownDark_r,_blueDark_g,,,_blue_,_blueDark_r
-4380,_brownDark_r,_brown_r,_brownDark_r,,,,_blue_,_brownDark_r,,_pink_,,,,_brownDark_r,_blue_,,,,,_brownDark_r,_blue_,_brownDark_r,_blueDark_g,,,_blue_,
-4320,_blueDark_r,_blueDark_r,_brownDark_r,,,,_blue_,_blueDark_r,_blueDark_g,_pink_,,,_blueDark_g,_brownDark_r,_blue_,,,,,_brownDark_r,_blueDark_r,_brownDark_r,_blueDark_g,,,_blueDark_r,_blue_
-4260,_brownDark_r,_brownDark_r,_brownDark_r,,,,_blue_,_blue_,_brownDark_g,_blue_,,,_blueDark_r,_pinkDark_,_blueDark_r,,,,,_pink_,_blueDark_r,_brownDark_r,_blueDark_g,,,_blueDark_r,_blueDark_r
-4200,_blueDark_r,_blueDark_r,_brownDark_r,,,_pink_,_blue_,_blueDark_r,_blue_,_brownDark_g,,,_blue_,_brownDark_r,_blue_,,,,,_blueDark_r,_brown_r,_brownDark_r,_pink_,,,_blueDark_r,
-4140,_blueDark_r,_blue_,_brownDark_r,,,_blueDark_g,_blue_,_blue_,_blueDark_r,_pinkDark_,,,_brown_r,_blue_,_blue_,,,,,_blueDark_r,_blue_,_blueDark_r,_pink_,,,_blue_,_blue_
-4080,_brownDark_r,_blueDark_r,_brownDark_r,,,_brown_r,_blue_,_blueDark_r,_blue_,,,,_brown_r,_brownDark_r,_pink_,,,,,_blue_,_blueDark_r,_brownDark_r,_blueDark_g,,,_blue_,_blueDark_r
-4020,_pink_,_blueDark_r,_brownDark_r,,,_pink_,_blue_,_blue_,_blue_,_blueDark_g,,,_blueDark_r,_brownDark_r,_blue_,,,,,_brownDark_r,_blue_,_brownDark_r,_pink_,,,_blue_,_blueDark_r
-3960,_blueDark_r,_pink_,_blueDark_r,,,_pink_,_blue_,_blueDark_r,_blue_,_blueDark_g,,,_blue_,_brownDark_r,_blue_,,,,,_blueDark_r,_blueDark_r,_pink_,_blue_,,,_blue_,_blueDark_r
-3900,_blueDark_r,_pink_,_blueDark_r,,,_pink_,_blueDark_r,_blue_,_blue_,_blue_,,,_blue_,_brownDark_r,_brownDark_r,,,,,_blueDark_r,_blueDark_r,_brownDark_r,_blue_,,,_brownDark_r,
-3840,_pink_,_brownDark_r,_blueDark_r,,,_brownDark_r,_blueDark_r,_blueDark_r,_blue_,_pink_,,,_blueDark_r,_blueDark_r,_brownDark_r,,,,,_brownDark_r,_blue_,_brownDark_r,_blue_,,,_blue_,_blue_
-3780,_blueDark_r,_blueDark_r,_blueDark_r,,,_brownDark_r,_blue_,_blue_,_blueDark_r,_blueDark_g,,,_blueDark_r,_blueDark_r,_blueDark_r,,,,,_blue_,_brown_r,_brownDark_r,_blue_,,,,_blue_
-3720,_brownDark_r,_blue_,_blueDark_r,,,_blue_,_blue_,_blue_,_blue_,_blue_,,,_blue_,_blue_,_blue_,,,,,_blueDark_r,_blue_,_brownDark_r,_blue_,,,_pink_,_blue_
-3660,_brownDark_r,_blue_,_blueDark_r,,,_blueDark_r,_blue_,_brownDark_r,_blue_,_blue_,,,_blue_,_blue_,_blueDark_r,,,,,_blueDark_r,_blue_,_brownDark_r,_blue_,,,_blueDark_r,_blue_
-3600,_brownDark_r,_brownDark_r,_blueDark_r,,,_pink_,_blue_,_blueDark_r,_blueDark_r,_blueDark_g,,,_blue_,_blueDark_r,_blue_,,,,,_brownDark_r,_blue_,_brownDark_r,_blue_,,,_blue_,_brownDark_r
-3540,_brownDark_r,_brown_r,_brownDark_r,,,_pink_,_blueDark_r,_blueDark_r,_brownDark_r,_blueDark_g,,,_blue_,_blue_,_blue_,,,,,_pink_,_blue_,_brownDark_r,_blue_,,,_blue_,_blue_
-3480,_blueDark_r,_brownDark_r,_brownDark_r,,,_pink_,_blue_,_brownDark_r,_brownDark_r,_pink_,,,_blueDark_r,_blueDark_r,_blue_,,,,,_blueDark_g,_blueDark_r,_brownDark_r,_blue_,,,_blue_,_pink_
-3420,_blueDark_r,_blueDark_r,_brownDark_r,,,_blue_,_blue_,_blueDark_r,_blue_,_blue_,,,_blue_,_blue_,_blue_,,,,,_blue_,_blue_,_brownDark_r,_blue_,,,_blueDark_r,_pink_
-3360,_blue_,_blue_,_blueDark_r,,,_blueDark_g,_blue_,_brownDark_r,_blue_,_pink_,,,_blue_,_blueDark_r,_blue_,,,,,_brown_r,_blue_,_pink_,_blue_,,,_blue_,_pinkDark_
-3300,_blue_,_blue_,_blueDark_r,,,_pinkDark_,_blue_,_blueDark_r,_blue_,_blue_,,,_blueDark_r,_blue_,_blueDark_g,,,,,_brownDark_r,_blue_,_brownDark_r,_blue_,,,_blue_,_brownDark_r
-3240,_blueDark_r,_blue_,_brownDark_r,,,_blueDark_r,_blue_,_blueDark_r,_pink_,_blue_,,,_blue_,_blueDark_r,_blueDark_g,,,,,_blueDark_r,_blue_,_brownDark_r,_blue_,,,_blueDark_r,_pink_
-3180,_blueDark_r,_blue_,_blueDark_r,,,_blueDark_g,_blueDark_r,_blueDark_r,_blue_,_blue_,,,_blue_,_blueDark_r,_blueDark_g,,,,,_blueDark_r,_blue_,_brownDark_r,_blue_,,,_pink_,_brownDark_r
-3120,_blueDark_r,_blueDark_r,_blueDark_r,,,_blueDark_r,_blue_,_pink_,_blueDark_g,_blue_,,,_blue_,_brownDark_r,_blue_,,,,,_blue_,_blueDark_r,_brownDark_r,_blue_,,,_blue_,_pink_
-3060,_brownDark_r,_blueDark_r,_brownDark_r,,,,_blueDark_r,_blueDark_r,_pink_,_blue_,,,_blue_,_blueDark_r,_blueDark_g,,,,,_brown_r,_blue_,_brownDark_r,_blue_,,,_blue_,_blueDark_r
-3000,_blueDark_r,_blueDark_r,_brownDark_r,,,_blue_,_blueDark_r,_blueDark_r,_blue_,_blue_,,,_blueDark_g,_blue_,_brownDark_g,,,,,_blue_,_blue_,_pink_,_blue_,,,_blue_,_blueDark_r
-2940,_brownDark_r,_brownDark_r,_brownDark_r,,,_blue_,_blueDark_r,_blueDark_r,_blue_,_blueDark_r,,,_blue_,_blue_,_brownDark_g,,,,,_blue_,_blue_,_brownDark_r,_blue_,,,_blue_,_blue_
-2880,_brownDark_r,_blue_,_brownDark_r,,,_blueDark_g,_blueDark_r,_blueDark_r,_brownDark_g,_pink_,,,_blue_,_pink_,_brownDark_g,,,,,_blueDark_r,_blueDark_r,_brownDark_r,_blue_,,,_blue_,_pink_
-2820,_pink_,_blue_,_brownDark_r,,,_pink_,_blue_,_blue_,_blue_,_pink_,,,_blue_,_blueDark_r,_blue_,,,,,_blue_,_blue_,_brownDark_r,_blueDark_r,,,_pink_,
-2760,_pink_,_blueDark_r,_brownDark_r,_blueDark_r,_blueDark_g,_blueDark_r,_blueDark_r,_blue_,_blue_,_pink_,,,_blueDark_r,_blue_,_blueDark_g,,,,,_blue_,_blue_,_brownDark_r,_blue_,,,_blue_,_blue_
-2700,_pink_,_brownDark_r,_brownDark_r,_blue_,_blueDark_r,_blueDark_r,_blueDark_r,_brownDark_r,_blue_,_blueDark_g,,,_brown_r,_brownDark_r,_brownDark_g,,,,,_blue_,_blue_,_brownDark_r,_blue_,,,_blueDark_g,_brownDark_r
-2640,_blueDark_r,_blueDark_r,_blueDark_r,_blue_,_blueDark_g,_brownDark_r,_blue_,_blueDark_r,_pink_,,,,_blue_,_blueDark_r,_pink_,,,,,_blue_,_blue_,_brownDark_r,_blue_,,,_brownDark_r,_pink_
-2580,_brownDark_r,_blueDark_r,_blue_,_blue_,_pink_,_blue_,_blue_,_blueDark_r,_pink_,_blueDark_r,,,_blueDark_r,_brownDark_r,_blue_,,,,,_blueDark_g,_blue_,_brownDark_r,_blueDark_g,,,_blue_,_pink_
-2520,_pink_,_blueDark_r,_blue_,_blue_,_pink_,_pink_,_blueDark_r,_blue_,_blueDark_r,_pink_,,,_brownDark_r,_blueDark_r,_blue_,,,,,_blueDark_r,_blue_,_brownDark_r,_brownDark_g,,,_blue_,_blueDark_g
-2460,_brownDark_r,_blue_,_brownDark_r,_blue_,_pink_,_blueDark_r,_blue_,_blueDark_r,_blue_,_blue_,,,_blue_,_blue_,_brownDark_r,,,,,_blueDark_r,_blueDark_r,_pink_,_blue_,,,_pink_,_pink_
-2400,_brownDark_r,_blueDark_r,_blueDark_r,_blue_,_pink_,_pink_,_brownDark_r,_blue_,_pinkDark_,_pink_,,,_blueDark_r,_blue_,_pink_,_blueDark_r,_brownDark_r,,,_brown_r,_blueDark_r,_pink_,_blueDark_g,,,_blue_,_pink_
-2340,_pink_,_blueDark_r,_blue_,_blueDark_r,_pink_,_pink_,_blueDark_r,_blue_,_brownDark_r,_blue_,,,_blue_,_brownDark_r,_pink_,_pink_,_brownDark_r,,,_brownDark_r,_blue_,_brownDark_r,_pink_,,,_blue_,_blue_
-2280,_blueDark_r,_blue_,_blue_,_blue_,_brownDark_g,_pink_,_brownDark_r,_brownDark_r,_pink_,_blue_,,,_blue_,_brownDark_r,_blue_,_pink_,_pink_,,,_brownDark_r,_blue_,_brownDark_r,_blueDark_r,,,_pink_,_pink_
-2220,_blueDark_r,_pink_,_blueDark_g,_blue_,_pink_,_blueDark_r,_brownDark_r,_blue_,_blueDark_r,_blueDark_g,,,_blueDark_r,_blue_,_brownDark_r,_brownDark_g,_brownDark_r,,,_brownDark_r,_blue_,_brownDark_r,_brownDark_g,,,_pink_,_blue_
-2160,_brownDark_r,_blue_,_blueDark_r,_blue_,_pink_,_blueDark_r,_brownDark_r,_blue_,_blueDark_r,_pink_,,,_blue_,_blue_,_pink_,_pink_,_brownDark_r,,,_brownDark_r,_blue_,_brownDark_r,_pink_,,,_blueDark_g,_blue_
-2100,_brown_r,_blueDark_r,_brownDark_r,_blueDark_g,_pink_,_pink_,_brownDark_r,_blue_,_pink_,_blue_,,,_brownDark_r,_blue_,_brownDark_r,_pink_,_blueDark_r,,,_blue_,_blue_,_brownDark_r,_pink_,,,_blueDark_r,_blue_
-2040,_brown_r,_blueDark_r,_brownDark_r,_blue_,_blueDark_r,_brownDark_r,_brownDark_r,_blue_,_blueDark_g,_brownDark_g,,,_blue_,_blue_,_pink_,_pink_,_blue_,,,_blueDark_r,_brownDark_r,_brownDark_r,_pink_,,,_blue_,_blueDark_r
-1980,_blueDark_r,_blue_,_pink_,_blue_,_blueDark_g,_blueDark_r,_brownDark_r,_brownDark_r,_blueDark_r,_pink_,,,_blue_,_blueDark_r,_pink_,_blueDark_g,_blueDark_r,,,_blue_,_brownDark_r,_brownDark_r,_blueDark_g,,,_blueDark_r,
-1920,_brown_r,_blueDark_r,_brownDark_r,_blue_,_pink_,_blueDark_r,_blue_,_blue_,_blue_,_blueDark_g,,,_pink_,_blue_,_pink_,_pink_,_brownDark_r,,,_blue_,_blueDark_r,_blue_,_brownDark_g,,,_pink_,
-1860,_brownDark_r,_blueDark_r,_blue_,_pink_,_pink_,_blue_,_blue_,_blue_,_pink_,_blue_,,,_blueDark_r,_blue_,_pink_,_brownDark_r,_brownDark_r,_pink_,_blue_,_blue_,_blueDark_r,_blueDark_r,_pink_,,,_pink_,_pink_
-1800,_brownDark_r,_blue_,_pink_,_pink_,_pink_,_blueDark_g,_blueDark_r,_blue_,_brownDark_r,_blue_,,,_blue_,_brownDark_r,_pink_,_pink_,_brownDark_r,_brownDark_r,_pink_,_blue_,_brownDark_r,_blue_,_blue_,,,_blueDark_r,_brownDark_r
-1740,_brownDark_r,_blue_,_blueDark_r,_blueDark_r,_pink_,_blue_,_blue_,_blue_,_pink_,,_blueDark_r,_blueDark_r,_pink_,_blueDark_r,_blue_,_brown_g,_blueDark_r,_brownDark_r,_pink_,_blue_,_pink_,_blueDark_r,_blueDark_r,,,,_blueDark_g
-1680,_brownDark_r,_blue_,_pink_,_brownDark_r,_brownDark_r,,_blue_,_blue_,_blueDark_r,_brownDark_g,_blue_,_blue_,_blueDark_r,_brownDark_r,_brownDark_r,_brownDark_g,_blueDark_r,_brownDark_r,_pink_,_blueDark_r,_pink_,_brownDark_r,_pink_,,,_blueDark_r,_pink_
-1620,_brownDark_r,_blue_,_blue_,_brownDark_r,_blue_,_blueDark_g,_blueDark_r,_blue_,_pink_,,_blue_,_blue_,_brownDark_r,_brownDark_r,_brownDark_r,_brownDark_r,_brownDark_r,_brownDark_r,_pink_,_blue_,_brownDark_r,_brownDark_r,_pink_,,,_pinkDark_,_pink_
-1560,_brownDark_r,_blue_,_blue_,_blueDark_r,_brownDark_r,_pink_,_blue_,_blueDark_r,,_blueDark_g,_blue_,_pink_,_blue_,_pink_,_brownDark_r,_pink_,_brownDark_r,_pink_,_pink_,_brownDark_r,_pink_,_blueDark_r,_brownDark_r,,,_pink_,_pink_
-1500,_blue_,_pink_,_blueDark_r,_blueDark_r,_blueDark_g,_blue_,_blue_,_blueDark_r,_pink_,_blueDark_g,_blue_,_brownDark_r,_pink_,_pink_,_pink_,_brownDark_r,_blueDark_r,_blueDark_r,_blueDark_g,_brownDark_r,_pink_,_blueDark_r,_blueDark_r,,,_pink_,_pink_
-1440,_blue_,_blueDark_r,_brownDark_r,_blue_,_pink_,_blueDark_g,_blue_,_blue_,_blueDark_r,_blue_,_blue_,_brownDark_r,_blue_,_brownDark_r,_brownDark_r,_brownDark_r,_blueDark_r,_blueDark_r,_pink_,_brownDark_r,_blueDark_r,_pink_,_brownDark_r,,,_blue_,_pinkDark_
-1380,_blue_,_blueDark_g,_brownDark_r,_blueDark_r,_pink_,_blue_,_blue_,_blue_,_pink_,_brownDark_g,_blue_,_brownDark_r,_blue_,_blue_,_blueDark_r,_blue_,_brownDark_r,_blueDark_r,_brownDark_r,_blueDark_r,_pink_,_pink_,_blueDark_r,,,_pink_,_pinkDark_
-1320,_blueDark_r,_blue_,_blueDark_r,_blueDark_r,_brownDark_g,_blue_,_blue_,,_pink_,_pink_,_blueDark_r,_brownDark_r,_blue_,_pink_,_blue_,_blueDark_r,_brownDark_r,_brownDark_r,_brownDark_r,_blueDark_r,_blueDark_g,_blueDark_r,_blueDark_r,_pink_,_blueDark_g,_brownDark_g,_blueDark_g
-1260,_blueDark_r,_pink_,_blueDark_r,_blue_,_pink_,_blue_,_blueDark_r,_blue_,_pink_,,_pink_,_brownDark_r,_blue_,_pinkDark_,_blueDark_r,_blue_,_pink_,_blueDark_r,_blueDark_r,_brownDark_r,_blueDark_r,_pink_,_blueDark_r,_pink_,_pink_,_pink_,_blue_
-1200,_blue_,_brownDark_r,_pink_,_brownDark_r,_pink_,_pink_,_blueDark_r,_blueDark_r,_pinkDark_,_brownDark_r,_blueDark_r,_pink_,_brownDark_r,_pinkDark_,_pink_,_blue_,_brownDark_r,_blueDark_g,_pink_,_brownDark_r,_blue_,_pink_,_brownDark_r,_blueDark_g,_pink_,_brownDark_r,_brownDark_g
-1140,_pink_,_brownDark_r,_pink_,_brownDark_r,_pink_,_pink_,_blue_,_blue_,_pink_,_blue_,_blueDark_r,_pink_,_blue_,_blueDark_r,_pink_,_blue_,_brownDark_r,_blueDark_g,_blueDark_r,_brownDark_r,_blue_,_pink_,_brownDark_r,_blueDark_g,_blue_,_blue_,_blue_
-1080,_pink_,_pink_,_pink_,_blue_,_pink_,_blueDark_g,_blueDark_r,_blueDark_r,_pink_,_blue_,_pink_,_pink_,_blue_,_pink_,_pinkDark_,_blueDark_r,_brownDark_r,_brownDark_r,_blueDark_g,_blueDark_r,_pink_,_pink_,_blueDark_r,_blue_,_pink_,_pink_,_blueDark_r
-1020,_pinkDark_,_blueDark_r,_pink_,_blueDark_r,_pink_,_pink_,_blue_,_brownDark_r,_brownDark_r,_blue_,_blue_,_pinkDark_,_blue_,_blueDark_r,_pink_,_blueDark_r,_blueDark_r,_brownDark_r,_brownDark_g,_blueDark_r,_blueDark_r,_pink_,_blue_,_blue_,_pink_,_blueDark_g,_brownDark_r
-960,_blue_,_blueDark_r,_pink_,_blueDark_r,_blue_,_pink_,_blue_,_blue_,_pink_,_blue_,_blueDark_g,_brownDark_g,_blue_,_blue_,_pinkDark_,_blue_,_brownDark_r,_brownDark_r,_brownDark_g,_blueDark_r,_blueDark_g,_pink_,_blueDark_r,,_blueDark_g,_brownDark_r,_pink_
-900,_blue_,_pinkDark_,_pink_,_blue_,_blue_,_pinkDark_,_blueDark_g,,_blueDark_r,,_blueDark_r,_brownDark_g,_blue_,_blue_,_pinkDark_,_blueDark_g,_pink_,,_blueDark_r,_blueDark_r,_brownDark_r,_pink_,_blueDark_r,,_pink_,_brownDark_r,_blue_
-840,_blueDark_g,_brownDark_r,_pink_,_blueDark_g,_blueDark_r,_blue_,_blue_,_pink_,_pink_,_brownDark_g,_blueDark_r,_pink_,_blue_,_blue_,_blue_,_pink_,_blue_,_blueDark_r,_pink_,_pink_,_pink_,_brownDark_r,_blue_,_pink_,_pink_,_brownDark_r,_blueDark_r
-780,_pink_,_blueDark_r,_pink_,_blue_,_pink_,_blueDark_r,_blue_,_pink_,_pink_,_pink_,_blue_,_pink_,_blue_,,_blue_,_blue_,_blueDark_r,_pink_,_pink_,_brownDark_r,_pink_,_pink_,_blue_,_blue_,_pinkDark_,_blueDark_r,_blueDark_r
-720,_pink_,_pink_,_pink_,_blueDark_r,_pink_,_blue_,_pink_,_pink_,_blueDark_r,,_brownDark_r,_pink_,_blue_,_blueDark_r,_blueDark_r,_blueDark_r,_pink_,_pinkDark_,_pinkDark_,_pink_,_pink_,_pink_,_blue_,_blue_,_pink_,_pinkDark_,_blue_
-660,_pink_,_pink_,_pink_,_brownDark_r,_blueDark_g,_blueDark_r,_pinkDark_,_brownDark_r,_blue_,_blue_,_pinkDark_,_blueDark_r,_pink_,_pink_,_blue_,_brownDark_r,_blueDark_g,_pink_,_pink_,_pink_,_pink_,_pink_,_blueDark_g,_blueDark_r,_blueDark_r,_brownDark_r,_blue_
-600,_pink_,_brown_r,_pink_,_blue_,_pink_,_pink_,_pink_,_brownDark_r,_pink_,_pink_,_pinkDark_,_blueDark_r,_blue_,_pink_,_blue_,_pink_,_blueDark_r,_pink_,_pink_,_pink_,_pink_,_blueDark_r,_pinkDark_,_pink_,_pink_,_pink_,_blueDark_g
-540,_brown_g,_pink_,_brownDark_r,_blueDark_r,_brownDark_g,_blueDark_r,_pink_,_blue_,_brownDark_r,_blue_,_brownDark_r,_blueDark_r,_pinkDark_,_pink_,_pink_,_pink_,_brownDark_r,_pink_,_pink_,_brownDark_r,_pink_,_pink_,_pinkDark_,_pink_,_pinkDark_,_brownDark_r,_blue_
-480,_pink_,_pinkDark_,_brownDark_r,_pink_,_pinkDark_,_blueDark_r,_brownDark_r,_blueDark_r,_pink_,_blueDark_g,_pink_,_blue_,_brownDark_r,_brownDark_g,_brownDark_r,_pink_,_brownDark_r,_pink_,_pinkDark_,_blueDark_r,_pink_,_brownDark_g,_pinkDark_,_pink_,,_brownDark_r,_blueDark_g
-420,_pink_,_blue_,_pinkDark_,_brownDark_r,_pink_,_blue_,_blueDark_r,_blueDark_r,_blue_,_brownDark_g,_pink_,_blue_,_blueDark_r,_blueDark_r,_pinkDark_,_pink_,_blueDark_g,_pink_,_pinkDark_,_pink_,_brownDark_g,_pink_,_pinkDark_,_pinkDark_,_blueDark_r,_brownDark_r,_brownDark_r
-360,_pink_,_pink_,_pink_,_pink_,_pink_,_blue_,_pink_,_blue_,_blue_,_blue_,_pinkDark_,_blue_,_pink_,_pink_,,_blueDark_r,_blue_,_pink_,_pink_,_blueDark_r,_pink_,_pink_,_pink_,_pinkDark_,,_pink_,_blue_
-300,_blueDark_r,_brownDark_r,_pink_,_pink_,_brownDark_r,_pink_,_pinkDark_,_blueDark_r,_pinkDark_,_blueDark_g,_blueDark_r,_blueDark_r,_pink_,_pink_,_brownDark_r,_pink_,_pink_,_pink_,_brownDark_r,_brownDark_r,_pink_,_pink_,_pink_,_pink_,,_blueDark_r,_blue_
-240,_pinkDark_,_pinkDark_,_pinkDark_,_brownDark_r,_pink_,_blueDark_r,,_brownDark_r,_pink_,_pink_,_brownDark_r,_blueDark_g,_pink_,_pink_,_blueDark_r,_pink_,_blueDark_r,_blueDark_g,_pink_,_pink_,_pink_,_brownDark_r,_pink_,_pink_,_blue_,_blueDark_r,_blue_
-180,_pink_,_pink_,_pink_,_blueDark_r,_pink_,_pink_,_blueDark_g,_brownDark_r,,_blueDark_g,_brownDark_r,_blue_,_pink_,_pink_,_blueDark_r,_pink_,_pink_,_blueDark_g,_pinkDark_,_blue_,_pink_,_pink_,_blueDark_g,_pink_,_pinkDark_,,_brownDark_r
-120,_pink_,_pink_,_pink_,_blueDark_g,_pinkDark_,_pink_,_pink_,_brownDark_r,_pinkDark_,_pink_,_blue_,_pink_,_blue_,_pink_,_blueDark_r,_pinkDark_,_blueDark_r,_pink_,_brownDark_r,_pink_,_pink_,_blueDark_g,_pink_,_pinkDark_,_blue_,,_blue_
-60,_pink_,_pink_,_pink_,_blueDark_r,_blueDark_g,_blue_,_pinkDark_,_brownDark_r,_blueDark_r,_pink_,_brownDark_r,_pink_,_pink_,_blueDark_r,,_pink_,_brownDark_g,_pink_,_brownDark_r,_pink_,_blue_,_blue_,_pink_,_pink_,_pink_,_pink_,_pinkDark_
0,_pink_,_pink_,_pink_,_blue_,_pink_,,_pink_,_pink_,,_pink_,_blue_,_pinkDark_,_pink_,_pinkDark_,,_pink_,_pinkDark_,_blueDark_r,_pink_,_pink_,_brownDark_r,_pink_,_pink_,_pinkDark_,,_pink_,_brownDark_r
60,_blueDark_g,_pink_,_pink_,_pink_,_pink_,_blue_,_pink_,_blue_,,,_pink_,_pinkDark_,_pinkDark_,_pink_,_pink_,_pink_,_pinkDark_,_pink_,_blueDark_r,_pink_,_pink_,_blueDark_r,_pinkDark_,_blueDark_r,_pinkDark_,_brownDark_r,_pink_
120,_pink_,_pink_,_pink_,_pink_,_brownDark_g,,_blueDark_r,_brownDark_r,,,_pink_,_pink_,,_pink_,_pinkDark_,_pink_,_pinkDark_,_blue_,_blue_,_pink_,_pink_,_pink_,_pinkDark_,,,_pink_,_blue_
180,_blue_,_pinkDark_,_pink_,_pink_,_blueDark_g,_pink_,_blue_,,,,_pink_,_pink_,,_pink_,_pink_,_pink_,_pink_,_pink_,_pinkDark_,_pinkDark_,_pink_,_pink_,_pink_,,,_pink_,
240,,_pink_,_blueDark_r,_pink_,_pink_,_pinkDark_,_blue_,_pink_,,,_pink_,_brownDark_r,,_pink_,,_pinkDark_,_pinkDark_,_pinkDark_,,_blueDark_r,_pink_,_blueDark_g,_brownDark_r,,,_pink_,
300,_pink_,_pink_,,_pink_,_pinkDark_,_blue_,_brownDark_r,,,,_pink_,_pink_,,_blueDark_r,,_pinkDark_,_pinkDark_,_pinkDark_,_pinkDark_,_pink_,_pinkDark_,_pink_,_pinkDark_,,,_pinkDark_,
360,,_pink_,_pink_,_pinkDark_,_pink_,,_blueDark_g,_pink_,,,_pinkDark_,_pinkDark_,,_pinkDark_,_blue_,_pinkDark_,_pinkDark_,_brownDark_r,_brownDark_r,_pink_,_pinkDark_,_pinkDark_,_pink_,,,_pink_,
420,,_pinkDark_,_pink_,_pinkDark_,_pink_,_pink_,_pink_,_pink_,,,_pink_,_pink_,,_pinkDark_,,_pinkDark_,_pinkDark_,_pink_,_blueDark_r,_blueDark_r,_pinkDark_,_pinkDark_,_pink_,,,,
480,_brownDark_r,_pinkDark_,_pink_,_pink_,_pinkDark_,_pink_,,_blueDark_r,,,_blueDark_r,_pinkDark_,,_brownDark_r,,_pink_,_pinkDark_,_blue_,_blueDark_r,_brownDark_r,_pinkDark_,_pinkDark_,_pink_,,,,
540,_pinkDark_,_pinkDark_,,_pinkDark_,_pink_,,_pinkDark_,_pinkDark_,,,_pink_,_pinkDark_,,_pinkDark_,_pinkDark_,_pink_,_pinkDark_,_pink_,,_pink_,_pink_,_pinkDark_,_pinkDark_,,,,
600,_pinkDark_,_pinkDark_,,_pinkDark_,_pinkDark_,,_pinkDark_,,,,_pink_,_blue_,,_pink_,,_brownDark_r,_pinkDark_,_pinkDark_,_pinkDark_,_brownDark_r,_pinkDark_,_pink_,_pinkDark_,,,,
660,_pinkDark_,_blueDark_r,,_pinkDark_,,,_pinkDark_,,,,_pink_,_pink_,,_pinkDark_,,_pinkDark_,_pinkDark_,_brownDark_g,,_pink_,_pink_,_pink_,_pink_,,,,
720,_pinkDark_,_pink_,,_pinkDark_,,,_pink_,,,,,_pink_,,_blueDark_r,,_pinkDark_,_pink_,_blue_,_pink_,_blue_,_pink_,_pinkDark_,_pinkDark_,,,,
780,_pinkDark_,_pink_,,_brownDark_r,,,_blueDark_g,,,,_blue_,_pink_,,,,_pinkDark_,_blue_,_pinkDark_,_pinkDark_,_pink_,_pink_,_pinkDark_,_pinkDark_,,,,
840,_pinkDark_,,,_pink_,,,,,,,_pinkDark_,_pink_,,,,_pinkDark_,_pink_,_blueDark_r,_pink_,_blueDark_g,,_pinkDark_,_pinkDark_,,,,
900,_pinkDark_,_blueDark_r,,_pinkDark_,,,_brownDark_r,,,,_blueDark_r,_pink_,,_pink_,,_pink_,_pinkDark_,_pinkDark_,_pink_,_pink_,_pinkDark_,_pinkDark_,_pink_,,,,
960,_pinkDark_,_pink_,,_pinkDark_,,,,,,,_blueDark_g,_pinkDark_,,,,_pinkDark_,_brownDark_g,_pinkDark_,_pinkDark_,_blueDark_r,,_pinkDark_,_pinkDark_,,,,
1020,_pinkDark_,,,_pinkDark_,,,,,,,_pink_,_pink_,,_pinkDark_,,_pinkDark_,_pink_,_pink_,_pinkDark_,_pink_,,_pink_,_pinkDark_,,,,
1080,_brown_r,_pinkDark_,,_brownDark_r,,,_pink_,,,,,_pink_,,_pinkDark_,,_pink_,_pinkDark_,_pink_,_pinkDark_,_pinkDark_,,_pinkDark_,_pink_,,,,
1140,_pinkDark_,,,_pink_,,,_pink_,,,,_pinkDark_,_blueDark_g,,_pink_,,_pink_,_pink_,_pink_,_pinkDark_,_pinkDark_,,_pinkDark_,_blueDark_r,,,,
1200,_brown_r,,,_pink_,,,,,,,_pinkDark_,_blueDark_r,,_pinkDark_,,_pinkDark_,_pink_,_pinkDark_,,_pink_,,_pink_,_blueDark_r,,,,
1260,_pinkDark_,,,_pink_,,,_blue_,,,,_blue_,,,_blueDark_r,,_pink_,_pink_,_pink_,,_brownDark_r,,_pinkDark_,_pink_,,,,
1320,,,,_pink_,,,_blueDark_g,,,,,_pink_,,_pinkDark_,,_pinkDark_,_pinkDark_,_pinkDark_,,_blueDark_r,,_pinkDark_,_blue_,,,,
1380,,,,_pink_,,,,,,,,,,_pinkDark_,,_pinkDark_,_blueDark_g,_pink_,,_blue_,,_pink_,_pink_,,,,
1440,_pinkDark_,,,_pink_,,,,,,,,_pinkDark_,,_pinkDark_,,_pink_,_pinkDark_,_pinkDark_,,_pink_,,_pinkDark_,_pinkDark_,,,,
1500,_pinkDark_,,,,,,,,,,,,,,,_pinkDark_,_pinkDark_,_blueDark_r,,_brownDark_r,,_pinkDark_,_pink_,,,,
1560,,,,,,,,,,,,,,,,,_pinkDark_,_pinkDark_,,_pink_,,_brownDark_r,_pinkDark_,,,,
1620,,,,,,,,,,,,,,,,_pink_,_pinkDark_,_pinkDark_,,_pink_,,_pinkDark_,_blue_,,,,
1680,,,,,,,,,,,,,,,,_pinkDark_,_pinkDark_,_pinkDark_,,_pinkDark_,,_pinkDark_,_pink_,,,,
1740,,,,,,,,,,,,,,,,_pinkDark_,_pinkDark_,_pinkDark_,,_blueDark_r,,_pinkDark_,_pinkDark_,,,,
1800,,,,,,,,,,,,,,,,_pinkDark_,_pink_,_pinkDark_,,_pink_,,_blue_,_pinkDark_,,,,
1860,,,,,,,,,,,,,,,,_pink_,_pinkDark_,_pinkDark_,,,,_blueDark_r,_brownDark_r,,,,
1920,,,,,,,,,,,,,,,,_pinkDark_,_pink_,_pink_,,,,,,,,,
1980,,,,,,,,,,,,,,,,_pinkDark_,_pink_,_pinkDark_,,,,,,,,,
2040,,,,,,,,,,,,,,,,_pink_,_pinkDark_,_pinkDark_,,,,,,,,,
2100,,,,,,,,,,,,,,,,_pinkDark_,_pinkDark_,_pinkDark_,,,,,,,,,
2160,,,,,,,,,,,,,,,,_pink_,_pinkDark_,_pink_,,,,,,,,,
2220,,,,,,,,,,,,,,,,_pinkDark_,_pinkDark_,_pink_,,,,,,,,,
2280,,,,,,,,,,,,,,,,_brownDark_g,_pink_,,,,,,,,,,
2340,,,,,,,,,,,,,,,,_pinkDark_,_blueDark_r,,,,,,,,,,
2400,,,,,,,,,,,,,,,,_pinkDark_,_pink_,,,,,,,,,,
2460,,,,,,,,,,,,,,,,_pink_,,,,,,,,,,,
2520,,,,,,,,,,,,,,,,_pink_,_pinkDark_,,,,,,,,,,
2580,,,,,,,,,,,,,,,,_pinkDark_,_pinkDark_,,,,,,,,,,
2640,,,,,,,,,,,,,,,,_pinkDark_,_pinkDark_,,,,,,,,,,
2700,,,,,,,,,,,,,,,,_pinkDark_,_pink_,,,,,,,,,,
2760,,,,,,,,,,,,,,,,_brownDark_r,_pink_,,,,,,,,,,
2820,,,,,,,,,,,,,,,,_pinkDark_,_pink_,,,,,,,,,,
2880,,,,,,,,,,,,,,,,_pinkDark_,_pinkDark_,,,,,,,,,,
2940,,,,,,,,,,,,,,,,_pinkDark_,_pink_,,,,,,,,,,
3000,,,,,,,,,,,,,,,,_pink_,,,,,,,,,,,
3060,,,,,,,,,,,,,,,,,_blueDark_r,,,,,,,,,,
3120,,,,,,,,,,,,,,,,,_pinkDark_,,,,,,,,,,
