time to NEB,1i,1ii,1,2,3,1i,1ii,2,3i,3ii,1,2,3,5i,5ii,6i,6ii,1i,1,3,4,5i,1,2i,2ii,4i,4ii,5i,5ii,6i,6ii,1i,1ii,2,3,4,5i,5ii,1,3i,3ii,4,5i,5ii,1i,1ii,3i,3ii,4i,4ii,5i,5ii,6ii,7i,7ii,,
-8640,,,,,,,,,,,,,,,,,,,,,,,,,,,,,,,,,,,,,_blueDark_r,_pink_,,,,,,,,,,,,,,,,,,,
-8580,,,,,,,,,,,,,,,,,,,,,,,,,,,,,,,,,,,,,_blue_,_pink_,,,,,,,,,,,,,,,,,,,
-8520,,,,,,,,,,,,,,,,,,,,,,,,,,,,,,,,,,,,,_blueDark_g,_blue_,,,,,,,,,,,,,,,,,,,
-8460,,,,,,,,,,,,,,,,,,,,,,,,,,,,,,,,,,,,,_blue_,_blueDark_r,,,,,,,,,,,,,,,,,,,
-8400,,,,,,,,,,,,,,,,,,,,,,,,,,,,,,,,,,,,,_blue_,_pink_,,,,,,,,,,,,,,,,,,,
-8340,,,,,,,,,,,,,,,,,,,,,,,,,,,,,,,,,,,,,_blueDark_r,_blue_,,,,,,,,,,,,,,,,,,,
-8280,,,,,,,,,,,,,,,,,,,,,,,,,,,,,,,,,,,,,_blueDark_r,_blueDark_r,,,,,,,,,,,,,,,,,,,
-8220,,,,,,,,,,,,,,,,,,,,,,,,,,,,,,,,,,,,,_blue_,_brownDark_g,,,,,,,,,,,,,,,,,,,
-8160,,,,,,,,,,,,,,,,,,,,,,,,,,,,,,,,,,,,,_blue_,_blue_,,,,,,,,,,,,,,,,,,,
-8100,,,,,,,,,,,,,,,,,,,,,,,,,,,,,,,,,,,,,_blue_,_blue_,,,,,_blueDark_r,_blue_,,,,,,,,,,,,,
-8040,,,,,,,,,,,,,,,,,,,,,,,,,,,,,,,,,,,,,_blue_,_blue_,,,,,_blueDark_r,_blue_,,,,,,,,,,,,,
-7980,,,,,,,,,,,,,,,,,,,,,,,,,,,,,,,,,,,,,_blue_,_blueDark_g,,,,,_pink_,_blue_,,,,,,,,,,,,,
-7920,,,,,,,,,,,,,,,,,,,,,,,,,,,,,,,,,,,,,_brownDark_r,_blueDark_r,,,,,_brown_r,_blue_,,,,,,,,,,,,,
-7860,,,,,,,,,,,,,,,,,,,,,,,,,,,,,,,,,,,,,_brownDark_r,_blue_,,,,,_blueDark_r,_blue_,,,,,,,,,,,,,
-7800,,,,,,,,,,,,,,,,,,,,,,,,,,,,,,,,,,,,,_blue_,_blueDark_r,,,,,_pink_,_blueDark_g,,,,,,,,,,,,,
-7740,,,,,,,,,,,,,,,,,,,,,,,,,,,,,,,,,,,,,_blueDark_r,_blueDark_r,,,,,_blueDark_r,_blue_,,,,,,,,,,,,,
-7680,,,,,,,,,,,,,,,,,,,,,,,,,,,,,,,,,,,,,_blueDark_r,_blue_,,,,,_brownDark_r,_blue_,,,,,,,,,,,,,
-7620,,,,,,,,,,,,,,,,,,,,,,,,,,,,,,,,,,,,,_blueDark_r,_blueDark_g,,,,,_blue_,_blue_,,,,,,,,,,,,,
-7560,,,,,,,,,,,,,,,,,,,,,,,,,,,,,,,,,,,,,_blue_,_blue_,,,,,_blueDark_r,_blue_,,,,,,,,,,,,,
-7500,,,,,,,,,,,,,,,,,,,,,,,,,,,,,,,,,,,,,_blue_,_blue_,,,,,_blueDark_r,_blue_,,,,,,,,,,,,,
-7440,,,,,,,,,,,,,,,,,,_blue_,,,,,,,,,,,,,,,,,,,_blue_,_blueDark_r,,,,,_blue_,_blue_,,,,,,,,,,,,,
-7380,,,,,,,,,,,,,,,,,,_brownDark_r,,,,,,,,,,,,,,,,,,,_blue_,_blueDark_r,,,,,_blue_,_blue_,,,,,,,,,,,,,
-7320,,,,,,,,,,,,,,,,,,_blueDark_r,,,,,,,,,,,,,,,,,,,_blue_,_blueDark_r,,,,,_blue_,_blue_,,,,,,,,,,,,,
-7260,,,,,,,,,,,,,,,,,,,,,,,,,,,,,,,,,,,,,_blue_,_blueDark_r,,,,,_blue_,_blue_,,,,,,,,,,,,,
-7200,,,,,,,,,,,,,,,,,,,,,,,,,,,,,,,,,,,,,_blue_,_blue_,,,,,_blue_,_blueDark_r,,,,,,,,,,,,,
-7140,,,,,,,,,,,,,,,,,,,,,,,,,,,,,,,,,,,,,_blue_,_blue_,,,,,_blue_,_blueDark_r,,,,,,,,,,,,,
-7080,,,,,,,,,,,,,,,,,,_brown_g,,,,,,,,,,,,,,,,,,,_blueDark_r,_blue_,,,,,_blue_,_blueDark_r,,,,,,,,,,,,,
-7020,,,,,,,,,,,,,,,,,,_pink_,,,,,,,,,,,,,,,,,,,_brownDark_r,_blueDark_r,,,,,_blue_,_blueDark_r,,,,,,,,,,,,,
-6960,,,,,,,,,,,,,,,,,,_blueDark_r,,,,,,,,,,,,,,,,,,,_blueDark_r,_blue_,,,,,_blueDark_r,_blue_,,,,,,,,,,,,,
-6900,,,,,,,,,,,,,,,,,,_blue_,,,,,,,,,,,,,,,,,,,_blueDark_r,_brownDark_r,,,,,_blue_,_blueDark_r,,,,,,,,,,,,,
-6840,,,,,,,,,,,,,,,,,,_brownDark_r,,,,,,,,,,,,,,,,,,,_blue_,_blue_,,,,,_blueDark_r,_blue_,,,,,,,,,,,,,
-6780,,,,,,,,,,,,,,,,,,_blueDark_r,,,,,,,,,,,,,,,,,,,_pink_,_blue_,,,,,_blueDark_r,_blue_,,,,,,,,,,,,,
-6720,,,,,,,,,,,,,,,,,,_brown_r,,,,,,,,,,,,,,,,,,,_brownDark_r,_brownDark_r,,,,,_blueDark_r,_blue_,,,,,,,,,,,,,
-6660,,,,,,,,,,,,,,,,,,,,,,,,,,,,,,,,,,,,,_brownDark_r,_brownDark_r,,,,,_blue_,_blue_,,,,,,,,,,,,,
-6600,,,,,,,,,,,,,,,,,,_pink_,,,,,,,,,,,,_blueDark_r,_blue_,,,,,,_brownDark_r,_blueDark_r,,,,,_blue_,_blue_,,,,,,,,,,,,,
-6540,,,,,,,,,,,,,,,,,,_pinkDark_,,,,,,,,,,,,_blueDark_r,_blueDark_r,,,,,,_blue_,_blue_,,,,,_blue_,_blue_,,,,,,,,,,,,,
-6480,_blueDark_r,_brownDark_r,,,,,,,,,,,,,,,,_pinkDark_,,,,,,,,,,,,_blue_,_blue_,,,,,,_blue_,_blue_,,,,_blueDark_r,,_blueDark_r,,,,,,,,,,,,,
-6420,_blueDark_r,_brown_r,,,,,,,,,,,,,,,,_brownDark_r,,,,,,,,,,,,_blue_,_blue_,,,,,,_blueDark_r,_blue_,,,,_blueDark_r,_blueDark_r,_blue_,,,,,,,,,,,,,
-6360,_brown_r,_brownDark_r,,,,,,,,,,,,,,,,_blueDark_r,,,,,,,,,,,,_blue_,_blue_,,,,,,_blueDark_r,_blueDark_r,,,,_blue_,_brown_r,_blueDark_r,,,,,,,,,,,,,
-6300,_pink_,_brownDark_r,,,,,,,,,,,,,,,,_brownDark_r,,,,,,,,,,,,_blue_,_blue_,,,,,,_blue_,_blue_,,,,,_blue_,_blue_,,,,,,,,,,,,,
-6240,_blue_,_brown_r,,,,,,,,,,,,,,,,_pink_,,,,,,,,,,,,_blue_,_blueDark_r,,,,,,_brown_r,_blue_,_blueDark_r,,,,_blue_,_blue_,,,,,,,,,,,,,
-6180,_blue_,_brown_r,,,,,,,,,,,,,,,,_brownDark_r,,,,,,,,,,,,_blue_,_blue_,,,,,,_pink_,_blue_,_blue_,,,,_blue_,_blue_,,,,,,,,,,,,,
-6120,_blueDark_r,_brown_r,_blue_,,,,,_pink_,,,,,,,,,,_pinkDark_,,,,,,,,,,,,,_brownDark_r,,,,,,_pink_,_blueDark_g,_blueDark_r,,,,_pink_,_blue_,,,,,,,,,,,,,
-6060,_brown_r,_brownDark_r,_blue_,,,,,_brownDark_r,,,,,,,,,,_pinkDark_,,,,,,,,,,,,,_blueDark_g,,,,,,_blueDark_r,_brownDark_r,_brownDark_r,,,,_pink_,_blueDark_r,,,,,,,,,,,,,
-6000,_blueDark_r,_pink_,_blueDark_r,,,,,_pink_,,,,,,,,,,_pink_,,,,,,,,,,,,,_blue_,,,,,,_blue_,_blue_,_blueDark_r,,,,_pink_,_blue_,,,,,,,,,,,,,
-5940,_blue_,_brownDark_r,_brown_r,,,,,_pink_,,,,,,,,,,_pinkDark_,,,,,,,,,,,,,_blue_,,,,,,_pink_,_blue_,_blueDark_r,,,,_blue_,_blue_,,,,,,,,,,,,,
-5880,_blue_,_blueDark_r,_pink_,,,,,_brown_g,,,,,,,,_blueDark_r,_blueDark_r,_pinkDark_,,,,,,,,,,_blue_,_blue_,,_blueDark_r,,,,,,_pinkDark_,_blue_,_blueDark_r,,,,_blueDark_r,_blue_,,,,,,,,,,,,,
-5820,_blue_,_pink_,_blue_,,,,,_brown_g,,,,,,,,_blue_,_brownDark_r,_blueDark_r,,,,,,,,,,_blue_,_blue_,_blueDark_r,_brownDark_r,,,,,,_blue_,_blue_,_brownDark_r,,,,_blueDark_r,_blue_,,,,,,,,,,,,,
-5760,_brownDark_r,_blueDark_r,_blueDark_r,,,,,_pink_,,,,,,,,_blue_,_blueDark_r,_pink_,,,,,,,,,,_blue_,_blue_,_blue_,_brownDark_r,,,,,,_blueDark_g,_blueDark_r,_brownDark_r,,,,_brown_r,_blue_,,,,,,,,,,,,,
-5700,_brownDark_r,_brown_r,_pink_,,,,,_brown_g,,,,,,,,_blue_,_blueDark_r,_pinkDark_,,,,,,,,,,_blue_,_blue_,_brownDark_r,_blueDark_r,,,,,,_blue_,_blueDark_r,_pink_,,,,_brownDark_r,_blue_,,,,,,,,,,_brownDark_r,_blueDark_r,,
-5640,_blueDark_r,_brown_r,_brown_r,,,,,_pinkDark_,,,,,,,,_blueDark_r,_blue_,_blueDark_r,,,,,,,,,,_blue_,_blue_,_brownDark_r,_blueDark_r,,,,,,_blue_,_blue_,_pink_,,,,_blueDark_r,_blue_,,,,,,,,,,_brownDark_r,_blueDark_r,,
-5580,_blueDark_r,_blue_,_blueDark_r,,,,,_pink_,,,,,,,,_brownDark_r,_blue_,_brownDark_r,,,,,,,,,,_blue_,_blue_,,_brownDark_r,,,,,,_blue_,_blue_,_blue_,,,,_blueDark_r,_blue_,,,,,,,,,,_blueDark_r,_blueDark_r,,
-5520,_blue_,_blue_,_pink_,,,,,_pink_,,,,,,,,_blue_,_pink_,_blueDark_r,,,,,,,,,,_blue_,_blue_,,_blue_,,,,,,_blue_,_blue_,_blue_,,,,_brown_r,_blueDark_r,,,,,,,,,,_blue_,_blue_,,
-5460,_brownDark_r,_blue_,_blue_,,,,,_pinkDark_,,,,,,,,_blue_,_brownDark_r,_blue_,,,,,,_blue_,_blue_,_blue_,_blueDark_r,_blue_,_blue_,,_blue_,,,,,,_blueDark_r,_blueDark_r,_blue_,,,,_blueDark_r,_blueDark_g,,,,,,,,,,_blueDark_r,_blueDark_g,,
-5400,_brownDark_r,_brown_r,_blueDark_r,,,,,_pink_,,,,,,,,_blue_,_brownDark_r,_blue_,,,,,,_blue_,_blue_,_blue_,_blue_,_blue_,_blue_,,_blueDark_r,,,,,,_blueDark_r,_blue_,_blueDark_r,,,,_brownDark_r,_blueDark_g,,,,,,,,,_blueDark_g,_blueDark_r,_pink_,,
-5340,_pink_,_brown_r,_blue_,,,,,_brownDark_r,,,,,,,,_blue_,_brownDark_r,_blue_,,,,,,_blue_,_blue_,_blueDark_r,_blue_,_blue_,_blue_,,_blueDark_r,,,,,,_blue_,_blueDark_r,_blue_,,,,_blueDark_r,_blue_,,,,,,,,,_blueDark_g,_brownDark_r,_pink_,,
-5280,_blueDark_r,_brownDark_r,_brown_r,,,,,_blueDark_r,_blueDark_r,_brownDark_r,,,,,,_blue_,_blueDark_r,_blue_,,,,,,_blue_,_blue_,_brown_r,_brownDark_r,_blueDark_r,_blue_,,_blue_,,,,,,_blueDark_r,_blue_,_blue_,,,,_blueDark_r,_blue_,,,,,,,,,_brown_g,_pink_,_blueDark_r,,
-5220,_brownDark_r,_blueDark_r,_brown_r,,,,,_pink_,_blue_,_blueDark_r,,,,,,_blueDark_g,_brownDark_r,_blue_,,,,,,,_blue_,_blue_,_brownDark_r,_blue_,_blue_,_brownDark_r,_blue_,,,,,,_blue_,_blue_,_blue_,,,,_blue_,_blueDark_r,,,,,,,,,_blueDark_g,_blue_,_blue_,,
-5160,_brown_r,_blueDark_r,_blueDark_r,,,,,_pink_,_blueDark_r,_blue_,,,,,,_blue_,_blue_,_blue_,,,,,,,_blue_,_brown_r,_brownDark_r,_blueDark_r,_blue_,_blueDark_r,_blue_,,,,,,_blueDark_g,_blue_,_blue_,,,,_blue_,_blueDark_r,,,,,,,,,_blueDark_r,_blue_,_blue_,,
-5100,_brown_r,_blue_,_blueDark_r,,,,,_blue_,_blue_,_blueDark_r,,,,,,_blue_,_blueDark_r,_blueDark_g,,,,,,,_blueDark_r,_brownDark_r,_brownDark_r,_blue_,_blue_,_blue_,_blue_,,,,,,_blueDark_g,_blue_,_blue_,,,,_blueDark_r,_blueDark_r,,,,,,,,,_blue_,_blue_,_pink_,,
-5040,_blueDark_r,_blueDark_r,_brownDark_r,,,,,_brownDark_r,_blueDark_r,_blueDark_r,,,,,,_blue_,_blueDark_r,_blue_,,,,,,,_brownDark_r,_brown_r,_brownDark_r,_blue_,_blue_,_blue_,_brownDark_r,,,,,,_blue_,_blue_,_blue_,,,,_brownDark_r,_blue_,,,,,,,,,_pink_,_blue_,_blueDark_r,,
-4980,_blueDark_r,,_blueDark_g,,,,,_pink_,_blueDark_r,_brown_r,,,,,,_blue_,_blueDark_r,_brownDark_r,,,,,,,_brownDark_r,_brownDark_r,_brownDark_r,_blue_,_blue_,,_blueDark_r,,,,,,_blueDark_g,_blue_,_blue_,,,,_brownDark_r,_blue_,,,,,,,,,_blueDark_g,_blue_,_blueDark_g,,
-4920,_blue_,,_pink_,,,,,_blueDark_r,_blue_,_blueDark_r,,,,,,_blueDark_r,_blue_,_pink_,,,,,,,_brownDark_r,_blueDark_r,,_blue_,_blue_,_brownDark_r,_blue_,,,,,,_blueDark_g,_blue_,_blue_,,,,_pink_,_blue_,,,,,,,_blueDark_r,_blueDark_r,_blueDark_g,_blueDark_r,_pink_,,
-4860,_blue_,,_brownDark_r,,,,,_pink_,_blue_,_blueDark_r,,,,,,_blueDark_r,_blueDark_r,_blue_,,,,,,,_blue_,_blue_,,_blue_,_blue_,_brownDark_r,_blueDark_r,,,,,,_blue_,_blue_,_blue_,,,,_blue_,_blue_,,,,,,,_brownDark_r,_blue_,_blue_,_blueDark_r,_pink_,,
-4800,_blue_,,_pink_,,,,,_pink_,_blue_,_blueDark_r,,,,,,_brownDark_r,_blue_,,,,,,,,_blue_,_blueDark_r,,_blueDark_r,_blue_,_blueDark_r,_blue_,,,,,,_blueDark_g,_blueDark_r,_blue_,,,,_blueDark_r,_blue_,,,,,,,_brownDark_r,_blue_,_blue_,_blueDark_r,_blue_,,
-4740,_brownDark_r,,_blueDark_r,,,,,_pink_,_blue_,_brownDark_r,,,,,,_brownDark_r,_brown_r,_pink_,,,,,,,_blue_,_blueDark_r,,_blue_,_blueDark_r,_blue_,_blue_,,,,,,_brownDark_g,_blueDark_r,_blue_,,,,_blue_,_blueDark_r,,,,,,,_blue_,_brownDark_r,_brown_r,_blueDark_r,_blue_,,
-4680,_brownDark_r,,_pink_,,,,,_pinkDark_,_blue_,_blueDark_r,,,,,,_brownDark_r,_blueDark_r,_blueDark_g,,,,,,,_blue_,_brownDark_r,,_blue_,_blue_,_blue_,_blue_,,,,,,_blueDark_g,_blueDark_r,_blue_,,,,_blue_,_blueDark_r,,,,,,,_blue_,_brownDark_r,_brown_r,_blueDark_r,_blue_,,
-4620,_blueDark_r,,_blueDark_r,,,,,_pink_,_blueDark_r,_blue_,,,,,,_brownDark_r,_blue_,_blueDark_g,,,,,,,_blue_,_blueDark_r,,_blueDark_r,_blue_,_blue_,_blueDark_r,,,,,,_blue_,_brownDark_r,_blue_,,,,_brownDark_r,_blue_,,,,,,,_blueDark_r,_brownDark_r,_brownDark_r,_blue_,_blue_,,
-4560,_blue_,,_pink_,,,,,_brownDark_g,_blue_,_brownDark_r,,,,,,_brownDark_r,_blue_,_blue_,,,,,,,_brownDark_r,_blue_,,_brownDark_r,_blue_,_blueDark_r,_blue_,,,,,,_blue_,_blue_,_blue_,,,,_blueDark_r,_blueDark_r,,,,,,,_blue_,_blueDark_r,_brown_r,_blue_,_blue_,,
-4500,_blue_,,_pinkDark_,,,,,_pink_,_brownDark_r,_brownDark_r,,,,,,_blueDark_r,_blue_,_blueDark_r,,,,,,,_brownDark_r,_blueDark_r,,_brownDark_r,_blue_,_blue_,_blue_,,,,,,_blue_,_blue_,_blueDark_r,,,,,_blueDark_r,,,,,,,_brownDark_r,_blueDark_r,_blueDark_r,_blue_,_blue_,,
-4440,_blueDark_r,,_blueDark_r,,,,,_pink_,_brownDark_r,_brownDark_r,,,,,,_blue_,_blue_,_blue_,,,,,,,_brownDark_r,_blueDark_r,,_blue_,_blue_,_blueDark_g,_blue_,,,,,,_blue_,_blueDark_r,_brownDark_r,,,,,_blue_,,,,,,,_brownDark_r,_brownDark_r,_blueDark_r,_blue_,_blue_,,
-4380,_blue_,,_blueDark_r,,,,,_pink_,_brownDark_r,_blueDark_r,,,,,,_blue_,_blue_,_pink_,,,,,,,_blueDark_r,_blue_,,_blue_,_blue_,_blue_,_blue_,_blue_,_blueDark_r,,,,_blue_,_blueDark_r,_brownDark_r,,,,_blueDark_r,_blueDark_r,,,,,,,_brownDark_r,_brownDark_r,_blue_,_blue_,_blue_,,
-4320,_blueDark_r,,_pink_,,,,,_blueDark_r,_blueDark_r,_blue_,,,,,,_blue_,_blueDark_r,_blue_,,,,,,,_pink_,_blue_,,_brownDark_r,_blue_,_blue_,_blue_,_brown_r,_brownDark_r,,,,_blue_,_brownDark_r,_brownDark_r,,,,_brownDark_r,_blue_,,,,,,,_brown_r,_blueDark_r,_blue_,_blue_,_blueDark_r,,
-4260,_blue_,,_blueDark_g,,,,,_brown_r,_blueDark_r,_blue_,,,,,,_blue_,_blue_,_blue_,,,,,,,_brown_r,_blue_,,_blueDark_r,_blueDark_r,_brownDark_r,_blue_,_brown_r,_blueDark_r,,,,_blue_,_brownDark_r,_brownDark_r,,,,_brown_r,_blue_,,,,,,,_brownDark_r,_blue_,_blue_,_blueDark_r,_blue_,,
-4200,_blueDark_r,,_pink_,,,,,_brownDark_r,_pink_,_blue_,,,,,,_blue_,_blue_,_blue_,,,,,,,_pink_,_blue_,,_brownDark_r,_blue_,_brownDark_r,_blue_,_pink_,_brownDark_r,,,,_blue_,_blueDark_r,_brownDark_r,,,,_brownDark_r,_blue_,,,,,,,_brown_r,_blueDark_r,_pink_,_blue_,_blue_,,
-4140,_blueDark_r,,_blueDark_r,,,,,_brownDark_r,_blueDark_r,_blue_,,,,,,_brown_r,_blue_,_blueDark_r,,,,_brownDark_g,,,_pink_,_blueDark_r,,_brownDark_r,_blue_,_brownDark_r,_blue_,_blueDark_r,_brownDark_r,,,,_blueDark_r,_blueDark_r,_brownDark_r,,,_brownDark_r,_brownDark_r,_blue_,,,,,,,_blue_,_blueDark_r,_blue_,_blue_,_blue_,,
-4080,_blueDark_r,,_pink_,,,,,_brownDark_r,_brownDark_r,_blue_,,,,,,_brown_r,_blueDark_r,_blue_,,,,_blue_,,,_blue_,_blueDark_r,,_blue_,_blue_,_blueDark_r,_blueDark_r,_blueDark_r,_blueDark_r,,,,_blueDark_r,_brownDark_r,_brownDark_r,,,_brownDark_r,_blue_,_blue_,,,,,,,_blue_,_blueDark_r,_brownDark_g,_blue_,_blue_,,
-4020,_brownDark_r,,_blueDark_r,,,,,_pinkDark_,_blueDark_r,_blueDark_r,,,,,,_blueDark_r,_blue_,,,,,_brownDark_g,,,_blue_,_blue_,,_blue_,_blueDark_r,_blueDark_r,_blue_,_blueDark_r,_brownDark_r,,,,_blue_,_blueDark_r,_brownDark_r,,,_pink_,_blueDark_r,_blue_,,,,,,,_blue_,_blueDark_r,_brownDark_g,_blue_,_blue_,,
-3960,_brownDark_r,,_blueDark_r,,,,,_pink_,_blueDark_r,_blue_,,,,,,_blue_,_brownDark_r,,,,,_brownDark_g,,,_blue_,_blue_,,_blueDark_r,_blueDark_r,_brownDark_r,_brownDark_r,_brownDark_r,_blue_,,,,_blue_,_pink_,_brownDark_r,,,_blueDark_r,_blueDark_r,_blueDark_r,,,,,,,_blue_,_blueDark_r,_blueDark_r,_blue_,_blueDark_g,,
-3900,_brownDark_r,,_blue_,,,,,_pink_,_blue_,_blue_,,,,,,_blueDark_r,_blueDark_r,,,,,_blueDark_g,,,_blueDark_r,_blue_,,_brownDark_r,_blueDark_r,_blueDark_r,_blueDark_r,_brownDark_r,_blue_,,,,_blueDark_r,_brownDark_r,_brownDark_r,,,_blueDark_g,_blueDark_r,_blue_,,,,,,,_blue_,_blueDark_r,_blue_,_blue_,_blue_,,
-3840,_brownDark_r,,_blueDark_r,,,,,_pink_,_blue_,_blueDark_r,,,,,,_blueDark_r,_blueDark_r,_blue_,,,,_brownDark_g,,,_brownDark_r,_blue_,,_blueDark_r,_blue_,_blueDark_r,_blue_,_blueDark_r,_blue_,,,,_blue_,_brownDark_r,_brownDark_r,,,_blue_,_blueDark_r,_blue_,,,,,,,_blueDark_r,_blue_,_pink_,_blue_,_blueDark_g,,
-3780,_brownDark_r,,_blueDark_r,,,,,_pink_,_brownDark_r,_brown_r,,,,,,_blue_,_blueDark_r,_blueDark_r,,,,_pink_,,_blueDark_r,_brownDark_r,_blue_,_blue_,_blueDark_r,_blue_,_blueDark_r,_blue_,_brownDark_r,_blue_,,,,_blueDark_r,_brownDark_r,_blueDark_r,,,_blue_,_blue_,_blue_,,,,,,,_blueDark_r,_blue_,_blueDark_g,_blue_,_blue_,,
-3720,_brown_r,,_blue_,_blueDark_r,,,,_pink_,_brownDark_r,_blue_,,,,,,_blueDark_r,_blueDark_g,_blueDark_r,,,,_brownDark_g,,_blue_,_blue_,_blue_,_blue_,_blueDark_r,_blue_,_blueDark_r,_blue_,_blueDark_r,_brownDark_r,,,,_blue_,_brownDark_r,_blueDark_r,,,_blueDark_r,_pinkDark_,_blue_,,,,,,,_blueDark_r,_brownDark_r,_pink_,_blue_,_blue_,,
-3660,_brownDark_r,,_blue_,_blue_,,,,_brown_g,_blueDark_r,_brownDark_r,,,,,,_blue_,_blueDark_g,_blue_,,,,_brownDark_g,,_blueDark_r,_brownDark_r,_blueDark_r,_blue_,_brownDark_r,_blue_,_blue_,_blueDark_r,_blue_,_blue_,,,,_blue_,_blue_,_blueDark_r,,,_blue_,_blue_,_blue_,,,,,,,_blueDark_r,_blueDark_r,_blueDark_r,_blueDark_r,_blue_,,
-3600,_brownDark_r,,_blue_,_brownDark_r,,,,_pink_,_blueDark_r,_brownDark_r,,,,,,_blue_,_blue_,_blue_,,,,_brownDark_g,,_blueDark_r,_brownDark_r,_blue_,_blue_,_brownDark_r,_blue_,_blue_,_blueDark_g,_blueDark_r,_blue_,,,,_blue_,_blueDark_r,_blueDark_r,,,_blueDark_g,_blueDark_r,_blue_,,,,,,,_blueDark_r,_blueDark_r,_blueDark_r,_blue_,_blueDark_g,,
-3540,_blue_,,_blue_,_blueDark_r,,,,_pink_,_blueDark_r,_brownDark_r,,,,,,_blue_,_blue_,_blue_,,,,_brownDark_g,,_blue_,_blue_,_blueDark_r,_blue_,_brownDark_r,_blue_,_blue_,_brownDark_r,_blueDark_r,_blueDark_r,,,,_blue_,_blue_,_blueDark_r,,,_blue_,_blueDark_g,_blue_,,,,,,,_blueDark_r,_blueDark_r,_pink_,_blue_,_blue_,,
-3480,_brown_r,,_blue_,_brownDark_r,,,,_blueDark_r,_brown_r,_blueDark_r,,,,,,_blue_,_blueDark_r,_blue_,,,,_pink_,,_blue_,_blue_,_blueDark_r,_blue_,_brownDark_r,_blueDark_r,_brownDark_r,_blue_,_blueDark_r,_blue_,,,,_blue_,_blue_,_blueDark_r,,,_blueDark_r,_brownDark_r,_blue_,,,,,,,_blueDark_r,_blueDark_r,_brown_r,_blue_,_blue_,,
-3420,_blueDark_r,,_blueDark_r,_brownDark_r,,,,_brown_g,_brown_r,_blueDark_r,,,,,,_brown_r,_brownDark_g,_blue_,,,,_brown_g,,_blue_,_blueDark_r,_blueDark_r,_blue_,_brownDark_r,_blue_,_blue_,_blue_,_blueDark_r,_brownDark_r,,,,_blue_,_blue_,_blueDark_r,,,_pinkDark_,_brownDark_r,_blueDark_r,,,,,,,_blueDark_r,_blueDark_r,_brown_r,_blue_,_pink_,,
-3360,_pink_,,_pink_,_blueDark_r,,,,_brown_g,_brownDark_r,_blue_,,,,,,_blueDark_r,_blueDark_g,_brownDark_g,,,,_blueDark_r,,_blue_,_blue_,_blueDark_r,_blueDark_r,_brownDark_r,_blue_,_blue_,_blue_,_blue_,_blue_,,,,_blue_,_brownDark_r,_blueDark_r,,,,_brownDark_r,_blueDark_r,,,,,,,_blue_,_brownDark_r,_brown_r,_blue_,_blueDark_r,,
-3300,_blue_,,_blueDark_r,_brownDark_r,,,,_blueDark_r,_blueDark_r,_blueDark_r,,,,,,_brownDark_r,_pink_,_blue_,,,,_pink_,,_blue_,_blue_,_blueDark_r,_blueDark_r,_brownDark_r,_blue_,_blue_,_blueDark_r,_blue_,_blue_,,,,_blue_,_brownDark_r,_blue_,,,,_blueDark_r,_blueDark_r,,,,,,,_blueDark_r,_brownDark_r,_pink_,_blue_,_blue_,,
-3240,_blue_,,_blueDark_r,_blue_,_blueDark_r,,,_brownDark_r,_blueDark_r,_blueDark_r,,,,,,_brownDark_r,_pink_,_blue_,,,,_blueDark_g,,_blue_,_blue_,_blue_,_brownDark_r,_blueDark_r,_blueDark_r,_blue_,_blue_,_brownDark_r,_blueDark_r,,,,_blue_,_blue_,_blue_,,,,_blueDark_r,_blueDark_r,,,,,,,_brownDark_r,_blueDark_r,_brown_r,_blue_,_blue_,,
-3180,_blue_,,_blueDark_g,_blueDark_r,_blueDark_r,,,_blueDark_g,_blueDark_r,_blueDark_r,,,,,,_brownDark_r,_blueDark_r,_blue_,,,,_blueDark_g,,_blueDark_r,_blueDark_r,_blue_,_brownDark_r,_blueDark_r,_blueDark_r,_blue_,_blue_,_brownDark_r,_blue_,,,,_blue_,_blue_,_blue_,,,,_blueDark_r,_blueDark_r,,,,,,,_blue_,_blueDark_r,_brown_r,_blue_,_pink_,,
-3120,_blueDark_r,,_blue_,_blueDark_r,_blueDark_r,,,_brownDark_r,_brown_r,_pink_,,,,,,_brownDark_r,_pink_,,,,,_brownDark_g,,_blue_,_blueDark_r,_blue_,_brownDark_r,_blue_,_blue_,_blue_,_blue_,_brownDark_r,_blue_,,,,_blue_,_blue_,_blue_,,,,_pink_,_brownDark_r,,,,,,,_blue_,_blue_,_pink_,_blue_,_blue_,,
-3060,_brownDark_r,,_blue_,_brownDark_r,_blueDark_r,,,_blueDark_r,_blue_,_brownDark_r,,,,,,_brownDark_r,_blue_,,,,,_pink_,,_blue_,_blue_,_blue_,_brownDark_r,_brownDark_r,_brownDark_r,_blue_,_blue_,_brownDark_r,_blueDark_r,,,,_brown_r,_blue_,_blue_,,,,_blueDark_r,_blueDark_r,,,,,,,_blue_,_brownDark_r,_blue_,_blue_,_blueDark_r,,
-3000,_blueDark_r,,_blueDark_g,_blueDark_r,_blue_,,,_blue_,_blue_,_blueDark_r,,,,,,_blue_,_brownDark_r,,,,,_pink_,,_blue_,_blue_,_blue_,_brownDark_r,_brownDark_r,_brownDark_r,_blue_,_blueDark_r,_brownDark_r,_blue_,,,,_blue_,_blue_,_blueDark_g,,,,_blueDark_r,_brownDark_r,,,,,,,_blue_,_brown_r,_blue_,_brownDark_r,_blueDark_r,,
-2940,_blueDark_r,,_blueDark_r,_blueDark_r,_pink_,,,_pink_,_blueDark_r,_blue_,,,,,,_blue_,_blue_,_blue_,,,,_pink_,,_blue_,_blueDark_r,_blue_,_brownDark_r,_pink_,_blueDark_r,_blue_,_blue_,_brown_r,_brownDark_r,,,,_blue_,_blue_,_blue_,,,,_blueDark_r,_brownDark_r,,,,,,,_blue_,_brownDark_r,_blue_,_pink_,_blue_,,
-2880,_blueDark_r,,_pink_,_blueDark_r,_blueDark_r,,,_blueDark_r,_blueDark_r,_blue_,,,,,,_blue_,_brownDark_r,_blue_,,,,_blue_,,_blue_,_blue_,_blue_,_blueDark_r,_blueDark_r,_blueDark_r,_blue_,_blueDark_r,_brown_r,_brown_r,,,,_brownDark_r,_blue_,_blue_,,,,_pink_,_blueDark_r,,,,,,,_blue_,_brownDark_r,_brownDark_g,_blueDark_r,_blueDark_r,,
-2820,_blueDark_r,,_blueDark_g,_brownDark_r,_blueDark_r,,,_brownDark_r,_blueDark_r,_blueDark_r,,,,,,_blueDark_r,_brownDark_r,_blueDark_g,,,,_blue_,,_blue_,_blue_,_blue_,_brownDark_r,_blue_,_brownDark_r,_blue_,_blue_,_brown_r,_pink_,,,,_blue_,_blue_,_blue_,,,,_blueDark_r,_blueDark_r,,,,,,,_blue_,_brownDark_r,_pink_,_blueDark_r,_pink_,,
-2760,_blueDark_r,,_blue_,_brownDark_r,_blue_,,,_blue_,_blue_,_blue_,,,,,,_blueDark_r,_blueDark_r,_pinkDark_,,,,_blue_,,_blue_,_blue_,_blue_,_brownDark_r,_blue_,_brownDark_r,_brownDark_r,_blue_,_brownDark_r,_blueDark_r,,,,_blueDark_g,_blue_,_blue_,,,,_blue_,_brownDark_r,,,,,,,_blue_,_brownDark_r,_blue_,_blue_,_blueDark_r,,
-2700,_brownDark_r,,_blueDark_r,_brownDark_r,_blueDark_r,,,_pink_,_brown_r,_blueDark_r,,,,,,_blueDark_r,_brown_r,_blue_,,,,_pink_,,_blue_,_blue_,_blue_,_brownDark_r,_blue_,_blueDark_r,_blueDark_r,_blue_,_brownDark_r,_blue_,,,,_blue_,_pink_,_blue_,,,_pink_,_blue_,_blueDark_r,,,,,,,_blue_,_brownDark_r,_pink_,_blue_,_blueDark_r,,
-2640,_pink_,,_blue_,_blueDark_r,_brownDark_r,,,_blueDark_r,_brownDark_r,_blueDark_r,,,,,,_blueDark_r,_brown_r,_blue_,,,,_blue_,,_blue_,_blueDark_r,_blue_,_blueDark_r,_blueDark_r,_brownDark_r,_blueDark_r,_brownDark_r,_brownDark_r,_blue_,,,,_blueDark_g,_blue_,_blue_,,,_blue_,_blue_,_pinkDark_,,,,,,,_blue_,_blueDark_r,_brown_g,_blue_,_blueDark_g,,
-2580,_brownDark_r,,_pink_,_pink_,_blue_,,,_blue_,_brown_r,_blueDark_r,,,,,,_blueDark_r,_blue_,_blue_,,,,_blue_,,_blue_,_blueDark_r,_blue_,_brownDark_r,_blue_,_brownDark_r,_blue_,_blue_,_brownDark_r,_brown_r,,,,_blue_,_blueDark_r,_blue_,,,_pink_,_blue_,_blue_,,,,,,,_blue_,_blueDark_r,_blueDark_r,_blue_,_blue_,,
-2520,_pink_,,_blue_,_brownDark_r,_blueDark_r,,,_brownDark_r,_brownDark_r,_brownDark_r,,,,,,_blue_,_blueDark_r,_blue_,,,,_pink_,,_blue_,_blue_,_blue_,_blue_,_blue_,_blue_,_blueDark_r,_blue_,_brownDark_r,_blueDark_g,,,,_blueDark_g,_blueDark_r,_blueDark_g,,,_blue_,_blue_,_pink_,,,,,,,_blueDark_r,_brown_r,_pink_,_blue_,_blue_,,
-2460,_pink_,,_pink_,_brown_r,_brownDark_r,,,_blue_,_blue_,_blue_,,,,,,_blue_,_blueDark_r,_blue_,,,,_blue_,,_blue_,_blue_,_blueDark_r,_blueDark_r,_blue_,_blueDark_r,_brownDark_r,_blue_,_brownDark_r,_blueDark_r,,,,_blue_,_blue_,_blueDark_g,,,_blueDark_g,_blue_,_blueDark_r,,,,,,,_blue_,_brownDark_r,_brown_r,_blue_,_blue_,,
-2400,_brownDark_r,,_blue_,_brownDark_r,_brownDark_r,,,_brownDark_r,_blueDark_r,_blue_,,,,,,_blue_,_blue_,_blueDark_r,,,,_blue_,,_blue_,_blueDark_r,_blue_,_brownDark_r,_blue_,_blue_,_blue_,_blue_,_blueDark_r,_blueDark_r,,,,_blue_,_blue_,_blue_,,,_blueDark_r,,_blue_,,,,,,,_blueDark_r,_blue_,_blue_,_blue_,_blueDark_r,,
-2340,_pink_,,_blueDark_r,_pink_,_blueDark_g,,,_blueDark_r,_pink_,_blue_,,,,,,_blueDark_r,_blueDark_r,_blue_,,,,_blue_,,_blue_,_blue_,_blueDark_r,_blueDark_r,_blueDark_g,_blue_,_blue_,_blue_,_brownDark_r,_blue_,,,,_blueDark_r,_blueDark_r,_blue_,,,,_blue_,_blueDark_r,,,,,,,_blueDark_r,_blue_,_blue_,_blueDark_r,_blue_,,
-2280,_pink_,,_pink_,_blueDark_r,_pink_,,,_brownDark_r,_blueDark_r,_blue_,,,,,,_blueDark_r,_blue_,_blue_,,,,_blue_,,_blue_,_blueDark_r,_blue_,_brownDark_r,_blue_,_blueDark_g,_brownDark_r,_blue_,_brownDark_r,_blueDark_r,,,,_blue_,_brownDark_r,_blue_,,,_blue_,,_blue_,,,,,,,_blue_,_blue_,_blueDark_r,_blue_,_blue_,,
-2220,_pink_,,_blue_,_blue_,_pink_,,,_pink_,_brownDark_r,_blue_,,,,,,_pink_,_blue_,_blue_,,,,_blueDark_g,,_blue_,_blueDark_r,_blue_,_brownDark_r,_blue_,_blue_,_brownDark_r,_blue_,_blueDark_r,_blue_,,,,_blue_,_blue_,_pink_,,,_blue_,_blueDark_r,_blue_,,,,,,,_blueDark_r,_blueDark_r,_blue_,_blue_,_blue_,,
-2160,_pink_,,_blueDark_r,_blueDark_r,_pink_,,,_brownDark_r,_blueDark_r,_blue_,,,,,,_blue_,_blue_,_blue_,,,,_pink_,,_blueDark_r,_blue_,_blue_,_brownDark_r,_blue_,_blueDark_r,_blue_,_brownDark_r,_brownDark_r,_brown_r,,,,_blue_,_brown_r,_blueDark_r,,,_blue_,_blue_,_blue_,,,,,,,_blue_,_blueDark_r,_blueDark_r,_blue_,_blueDark_r,,
-2100,_pink_,,_blueDark_g,_blueDark_r,_blueDark_g,,,_pink_,_pink_,_blueDark_g,,,,,,_blueDark_g,_blue_,_blueDark_r,,,,_blueDark_g,,_blue_,_blue_,_blue_,_blueDark_r,_brownDark_r,_brownDark_r,_blue_,_blue_,_brownDark_r,_blue_,,,,_brownDark_r,_brownDark_r,_blue_,,,_pink_,_pink_,_blue_,,,,,,,_blue_,_brownDark_r,_blueDark_g,_blue_,_blue_,,
-2040,_pink_,,_blueDark_r,_blue_,_blue_,,,_blueDark_r,_pinkDark_,_pink_,,,,,,_blueDark_g,_blue_,_blueDark_r,,,,_blue_,,_blue_,_blue_,_blue_,_brownDark_r,_blueDark_r,_brownDark_r,_brownDark_r,_blueDark_r,_brownDark_r,_blue_,,,,_blue_,_brownDark_r,_blue_,,,_pink_,_blueDark_r,_blue_,,,,,,,_blue_,_brown_r,_blue_,_blue_,_blueDark_r,,
-1980,_pinkDark_,,_blueDark_r,_blueDark_r,_blueDark_r,,,_blueDark_r,_pink_,_blue_,,,,,,_pink_,_brown_r,_blue_,,,_blue_,_blueDark_g,,_blue_,_pink_,_blue_,_blueDark_r,_blue_,_brownDark_r,_blueDark_r,_blue_,_blueDark_r,_blueDark_r,,,,_blue_,_pink_,_blueDark_r,,,_brown_g,_blueDark_r,_pink_,,,,,,,_blue_,_brown_r,_blue_,_blueDark_r,_blueDark_r,,
-1920,_pink_,,_blueDark_g,_blue_,_pink_,,,_blue_,_pink_,_blueDark_g,,,,,,_brownDark_g,_brown_r,_blue_,,,_pink_,_blueDark_g,,_blue_,_blue_,_blueDark_r,_blueDark_r,_pink_,_blue_,_blueDark_r,_blueDark_r,_blueDark_r,_blue_,,,,_blue_,_brownDark_r,_blueDark_r,,,_blueDark_g,,_blue_,,,,,,,_blue_,_blueDark_r,_brownDark_r,_blueDark_r,_blue_,,
-1860,_pink_,,_blueDark_g,_brownDark_r,_brownDark_r,,,_brown_r,_pink_,_pink_,,,,,,_pink_,_brownDark_r,_blue_,,,_blue_,_blue_,,_blue_,_blueDark_g,_blue_,_blueDark_r,_pink_,_blue_,_blue_,_blueDark_r,_brownDark_r,_brownDark_r,,,,_blue_,_brownDark_r,_blue_,,,_blueDark_r,_blue_,_blue_,,,,,,,_blue_,_blueDark_r,_blueDark_r,_blueDark_r,_blue_,,
-1800,_pink_,,_blue_,_blueDark_r,_pink_,,,_blueDark_r,_pink_,_pink_,,,,,,_blueDark_r,_blueDark_r,_blue_,,,_blueDark_r,_blueDark_r,,_blue_,_blue_,_blueDark_r,_blue_,_blue_,_blueDark_r,_blue_,_brownDark_r,_brownDark_r,_brown_r,,,,_blue_,_pink_,_blueDark_r,,,_blue_,_blueDark_g,_blue_,,,,,,,_blue_,_blueDark_r,_brownDark_r,_blue_,_blue_,,
-1740,_pink_,,_blueDark_g,_blueDark_r,_brownDark_r,,,_brownDark_r,_pinkDark_,_pink_,,,,,,_blueDark_r,_blueDark_r,_blue_,,,_blue_,_blue_,,_blue_,_blueDark_g,_blue_,_blue_,_blueDark_g,_blue_,_blue_,_blueDark_r,_brownDark_r,_brown_r,,,,_blue_,_blueDark_r,_blue_,,,_blue_,_pink_,_blue_,,,,,,,_blue_,_blueDark_r,_blueDark_r,_brownDark_r,_blueDark_g,,
-1680,_pink_,,_blueDark_g,_brown_r,_brownDark_r,,,_blue_,_blueDark_g,_pink_,,,,,,_blueDark_g,_blue_,_blue_,,,_blueDark_r,_blue_,,_blue_,_blue_,_blue_,_blueDark_r,_blue_,_blueDark_g,_blue_,_brownDark_r,_blueDark_r,_blueDark_r,,,,_blueDark_r,_blue_,_blue_,,,_blue_,_blue_,_blue_,,,,,,,_blue_,_blueDark_r,_blueDark_r,_brownDark_r,_blueDark_g,,
-1620,_pink_,,_blue_,_brownDark_r,_brownDark_r,,,_blueDark_r,_pink_,_brown_g,,,,,,_pinkDark_,_brownDark_r,_blue_,,,_blueDark_g,_blue_,,_blue_,_brown_g,_blueDark_r,_brownDark_r,_pink_,_blue_,_blueDark_r,_brownDark_r,_blueDark_r,_brownDark_r,,,_blue_,_brownDark_r,_blue_,_brownDark_r,,,_blue_,,_blue_,,,,,,,_blue_,_blueDark_r,_blueDark_r,_brownDark_r,_blueDark_g,,
-1560,_pinkDark_,,_blueDark_g,_brownDark_r,_brown_r,,,_brownDark_r,_pink_,_blue_,,,,,,_pink_,_blueDark_r,_blue_,,,_blue_,_blueDark_g,,_blue_,_brown_g,_blue_,_brownDark_r,_blue_,_blueDark_r,_brownDark_r,_brownDark_r,_blueDark_r,_blue_,,,_blue_,_blue_,_blue_,_blue_,,,_blueDark_g,_blue_,_pink_,,,,,,,_blueDark_r,_blue_,_blue_,_brownDark_r,_blueDark_r,,
-1500,_blueDark_r,,_pink_,_brown_r,_brown_r,,,_blue_,,_blue_,,,,,,_blueDark_g,_blue_,_blue_,,,_pink_,_blueDark_g,,_pink_,_brown_g,_blue_,_brownDark_r,_blue_,_pink_,_brownDark_r,_blue_,_blueDark_r,_blue_,,,_pink_,_blueDark_r,_blue_,_blueDark_r,,,_blueDark_r,,_brown_r,,,,,,,_blue_,_blue_,_blue_,_blueDark_r,_blueDark_r,,
-1440,_blueDark_r,,_brownDark_r,_brownDark_r,_brown_r,,,_blueDark_g,_pink_,_brown_g,,,,,,_blueDark_r,_blue_,_blue_,,_blue_,_pink_,_blue_,,_blue_,_pink_,_brownDark_r,_brownDark_r,_blue_,_blue_,_brownDark_r,_blueDark_r,_blueDark_r,_blue_,,,_blue_,_blue_,_pink_,_blueDark_r,,,_blue_,_blue_,_pink_,,,,,,,_blue_,_blue_,_blue_,_blueDark_r,_pink_,,
-1380,_pink_,,_blue_,_blue_,_brownDark_r,,,_blueDark_r,_blueDark_r,_blueDark_g,,,,,,_blue_,_blue_,_blue_,,_blueDark_r,_blueDark_g,_blue_,,_blue_,_brownDark_g,_blue_,_brownDark_r,_blueDark_r,_blue_,_brownDark_r,_blue_,_blueDark_r,_pink_,,,_blue_,_blue_,_blue_,_pink_,,,_brown_g,_blue_,_blue_,,,,,,,_blueDark_r,_blue_,_blue_,_blue_,_blueDark_r,,
-1320,_pinkDark_,,_blueDark_g,_brownDark_r,_brown_r,,,_blue_,_blueDark_g,_blueDark_r,,_blueDark_r,,,,_blue_,_blue_,_blue_,,_pink_,_pink_,_blue_,,_blueDark_g,_pink_,_blue_,_brownDark_r,_blueDark_r,_blue_,_brownDark_r,_blue_,_pink_,,,,_blue_,_blue_,_blue_,_pink_,,,_pink_,_blue_,_blue_,,,,,,,_blueDark_r,_blue_,_pink_,_blueDark_r,_pink_,,
-1260,_pink_,,_blueDark_g,_blue_,_brownDark_r,,,_blue_,_pink_,_pink_,,_blueDark_r,,,,_blue_,_blue_,,,_blue_,_blue_,_blue_,,_brown_g,_pink_,_blue_,_brownDark_r,_blue_,_blue_,_brownDark_r,_blue_,_pink_,_pink_,,,_blue_,_pink_,_pink_,_blue_,,,_pink_,_blue_,_blue_,,,,,,,_blueDark_g,_blueDark_g,_blueDark_r,_brownDark_r,_blueDark_r,,
-1200,_brownDark_r,,_blueDark_g,_blue_,_blue_,,,_brownDark_r,_pink_,_pink_,_pink_,_blueDark_r,,,,_pink_,_blueDark_r,_blue_,,_blue_,_pink_,_blue_,_blue_,_brown_g,_brownDark_g,_blueDark_r,_brown_r,_blueDark_r,_blue_,_brownDark_r,_blueDark_r,_brownDark_r,_blueDark_r,,,_blue_,_blue_,_blueDark_r,_brownDark_r,,,_pink_,_blueDark_r,_blue_,,,,,,,_blue_,_blueDark_g,_blueDark_r,_pinkDark_,_pink_,,
-1140,_pinkDark_,,_pink_,_blue_,_blueDark_r,,,_brownDark_r,_blue_,_pink_,_pink_,_blueDark_r,,,,_blueDark_r,_brownDark_r,_blue_,,_blue_,_pink_,_blueDark_r,_blueDark_r,_pink_,_brownDark_g,_blue_,_brownDark_r,_blueDark_r,_blue_,_brownDark_r,_blue_,_blueDark_r,_blue_,,_blue_,_blueDark_r,_blueDark_r,_brownDark_r,_brownDark_r,,,_pink_,_pink_,_blue_,,,,,_blueDark_g,_blue_,_blueDark_r,_pink_,_pink_,_pink_,_pink_,,
-1080,_pinkDark_,,_blue_,_blueDark_r,_brownDark_r,,,_blue_,_pink_,_pink_,_blueDark_g,_blue_,,,,_pink_,_brown_r,,,_blue_,_blueDark_g,_blue_,_blue_,_pink_,_pink_,_blueDark_r,_blueDark_r,_pink_,_blueDark_r,_brownDark_r,_blue_,_pink_,_blueDark_r,,_blueDark_r,_brownDark_r,_blueDark_g,_blueDark_g,_blueDark_r,,,_pink_,_pinkDark_,_blueDark_g,,,,,_blue_,_blueDark_r,_brownDark_r,_blueDark_r,_pink_,_blueDark_r,_pink_,,
-1020,_pinkDark_,,_blueDark_r,_blue_,_pink_,,,_brownDark_r,_pink_,_brownDark_r,_brownDark_g,_blue_,,,,_pink_,_brown_r,_blue_,,_pink_,_blueDark_g,_blueDark_g,_blueDark_g,_blueDark_g,_pink_,_blue_,_blue_,_brownDark_r,_blueDark_r,_blueDark_r,_blue_,_blue_,_pink_,,_blue_,_blueDark_r,_pink_,_blue_,_blueDark_r,,,_blueDark_g,_pink_,_blueDark_r,,,,,_blue_,_blue_,_blue_,_brownDark_r,_blueDark_r,_pink_,_pink_,,
-960,_pink_,,_blueDark_r,_blue_,_brownDark_r,,,_pink_,_blueDark_g,_brownDark_r,_pink_,_blueDark_r,,,,_pink_,_brown_r,_blue_,_blueDark_r,,_pink_,_blueDark_r,_blueDark_r,_blue_,_blueDark_r,_blue_,_blue_,_blueDark_r,_blue_,_blueDark_r,_blueDark_r,_blue_,_pink_,,_blue_,_blueDark_r,_pink_,_blueDark_g,_pink_,,,_pink_,_blueDark_r,_blueDark_g,,,,,_blue_,_blueDark_r,_brownDark_r,_brownDark_r,,_blueDark_r,_blueDark_g,,
-900,_pink_,,_blueDark_g,_blueDark_r,_pink_,,,_brownDark_r,_blue_,_pinkDark_,_pink_,_blueDark_r,,,,_blueDark_g,_pink_,,_blue_,,_pinkDark_,_blueDark_r,_blue_,_blue_,_blueDark_r,_blue_,_blueDark_r,_blue_,_blue_,_blue_,_blue_,_blueDark_r,_blueDark_g,,_blue_,_blueDark_r,_blue_,_blue_,_pink_,,,_pink_,,_blueDark_r,,,,,_pink_,_brownDark_r,_brownDark_r,_brownDark_r,_pink_,_pink_,_pink_,,
-840,_pink_,,_blueDark_r,_pink_,_pink_,,,_brownDark_r,_pinkDark_,_brownDark_r,_pink_,_blueDark_r,,,,_blueDark_r,_brownDark_r,_blue_,_blue_,_blue_,_pink_,_blue_,_pinkDark_,_brownDark_r,_blue_,_blueDark_r,_brownDark_r,_blue_,_blue_,_blueDark_r,_blue_,_pink_,_blueDark_r,,_blue_,_blueDark_r,_blueDark_r,_brown_g,_pink_,,,_pink_,_blueDark_g,_blueDark_g,,,,,_blueDark_r,_blueDark_r,_blueDark_r,_brownDark_r,_brownDark_r,_pink_,_pink_,,
-780,_pink_,,_blueDark_r,_blue_,_pink_,,,_brownDark_r,_blueDark_r,_brownDark_r,_brownDark_r,_blueDark_r,,,,_blue_,_blueDark_r,_blue_,_brownDark_r,_pink_,_pink_,_pink_,_blue_,_blueDark_g,_pink_,_blue_,_brownDark_r,_blue_,_blue_,_brown_r,_blueDark_r,_pink_,_pink_,_pink_,_blue_,_pink_,_pink_,_pink_,_brownDark_r,_pink_,_brownDark_r,_pink_,_blue_,_pink_,,,,,_blue_,_brownDark_r,_blueDark_r,_blueDark_r,_pink_,_blueDark_r,_pink_,,
-720,_blueDark_r,,_pink_,_blue_,_pink_,,,_blueDark_r,_blue_,_pink_,_blueDark_g,_blueDark_r,,,,_blue_,_blue_,_blue_,_blueDark_r,_blue_,_pink_,_blueDark_r,_blue_,_blueDark_r,_brownDark_r,_blue_,_brownDark_r,_pink_,_blueDark_r,_blueDark_r,_blue_,_pink_,_blueDark_r,_pink_,_blueDark_r,_blueDark_g,_brownDark_r,_pink_,_pink_,_blueDark_g,_blue_,_blueDark_g,_pink_,_pink_,,,,,_blue_,_blue_,_pink_,_blue_,_blueDark_g,_blueDark_r,_pink_,,
-660,_blueDark_r,,_blueDark_r,_brown_r,_pink_,,,_blue_,_pink_,_pink_,_blueDark_r,_blue_,,,,_pink_,_blue_,,_blueDark_r,_pink_,_pink_,_pink_,_blue_,_pink_,_blueDark_g,_blue_,_brownDark_r,_brownDark_r,_blueDark_r,_blue_,_brownDark_r,_brown_r,_pink_,_pinkDark_,_blueDark_r,_blue_,_blue_,_blue_,_pink_,_pink_,_blueDark_r,_blueDark_g,_blueDark_r,_blue_,,,,,_brownDark_r,_blue_,_pink_,_blue_,_pink_,_blueDark_r,_pink_,,
-600,_blueDark_r,,_blueDark_g,_pink_,_brownDark_r,,,_blue_,_blue_,_pink_,_blueDark_r,_blue_,,_blueDark_r,,_brownDark_r,_blueDark_r,_pink_,_blueDark_r,_blueDark_r,_pink_,_blue_,_blue_,_blueDark_r,_pink_,_blue_,_brownDark_r,_pink_,_blue_,_blue_,_pink_,_pink_,_pink_,_brownDark_r,_blue_,_pink_,_pink_,_pink_,_blue_,_blue_,_brownDark_r,_blueDark_r,_pink_,_blue_,,,,,_brownDark_r,_pink_,_brownDark_r,_blueDark_r,_pink_,_pink_,_pink_,,
-540,_blue_,,_pink_,_blueDark_r,_pink_,,,_pink_,_blueDark_g,_pinkDark_,_pinkDark_,_blueDark_r,,_brownDark_r,,_pink_,_pink_,_blue_,_blue_,_blueDark_r,_brownDark_r,_blueDark_g,_blue_,_blueDark_r,_pink_,_blue_,_brownDark_r,_pink_,_blue_,_blueDark_r,_blue_,_pink_,_pink_,_pink_,_blue_,_pink_,_blueDark_r,_pink_,_brownDark_r,_blueDark_r,_brownDark_r,_blueDark_r,_pink_,_brownDark_g,,,,,_blue_,_blueDark_r,_blueDark_r,_blueDark_r,_blue_,_blueDark_g,_pink_,,
-480,_brownDark_r,,_blue_,_pink_,_pink_,,,_blueDark_r,_blueDark_g,_pink_,_pink_,_blue_,,_blue_,,_pink_,_brownDark_r,_blue_,_brownDark_r,_pink_,_pink_,_pink_,_blueDark_r,_pink_,_pink_,_blue_,_blue_,_pink_,_blueDark_r,_blueDark_g,_blue_,_blue_,_pinkDark_,_brownDark_r,_blueDark_r,_pink_,_pink_,_pink_,_pink_,_blue_,_pink_,_blue_,_pink_,_pink_,_blueDark_r,_blueDark_r,,,_blue_,_brownDark_r,_blue_,_blue_,_pink_,_pink_,_pink_,,
-420,_blueDark_r,,_brownDark_r,_blueDark_g,_pink_,,,_pink_,_pink_,_pink_,_blueDark_r,_blue_,,_blue_,,_blue_,_pink_,_blueDark_g,_brownDark_r,,_blueDark_g,_blue_,_blueDark_r,_brownDark_r,_brownDark_g,_blue_,_brownDark_r,,_blueDark_r,_pink_,_brown_r,_pink_,_pink_,_pink_,_brownDark_r,_pink_,_blueDark_r,_pink_,_blue_,_blueDark_r,_brownDark_r,_blue_,_pink_,_blue_,_brown_r,_brownDark_r,,,_blue_,_blueDark_r,_blue_,_brownDark_r,_blueDark_r,_pink_,_pink_,,
-360,_brownDark_r,,_blueDark_r,_pink_,_pink_,_pinkDark_,_brownDark_r,_pinkDark_,_brownDark_g,_pink_,_pink_,_blueDark_r,,_blue_,,_brownDark_g,_brownDark_r,_blue_,_brownDark_r,_pink_,_blue_,_pink_,_blue_,_blueDark_r,_pink_,_pink_,_blue_,_pink_,_pink_,_blue_,_brownDark_r,_pinkDark_,_pink_,_brownDark_g,_pink_,_blueDark_g,_pink_,_blue_,_blueDark_r,_blue_,_pink_,_blueDark_r,_pinkDark_,_pink_,_brownDark_r,_pink_,,,_blueDark_r,_pink_,_blue_,_brown_r,_brownDark_r,_pink_,_pink_,,
-300,_brownDark_r,,_blue_,_pink_,_blueDark_g,_pink_,_pink_,_pink_,_blueDark_g,_pink_,_pink_,_pink_,,_blueDark_r,,_pink_,_pink_,,_brownDark_r,_blueDark_r,_pink_,_blue_,_brownDark_r,_blue_,_pink_,_blueDark_g,_blue_,_pinkDark_,_pink_,_blueDark_r,_brownDark_r,_blueDark_r,_blue_,_blueDark_g,_blueDark_r,_blueDark_r,_blueDark_g,_pink_,_brownDark_r,_pink_,_pink_,_pink_,_pink_,_blueDark_r,_brownDark_r,_pink_,,,_blue_,_blueDark_g,_blue_,_pink_,_brownDark_r,_pink_,_pink_,,
-240,_pink_,,_blueDark_r,_brownDark_g,_pink_,_pinkDark_,_brownDark_r,_pink_,_blueDark_g,_brownDark_r,_pink_,_brown_r,,_pink_,,_pink_,_brownDark_r,_blue_,_pink_,,_blueDark_r,_blue_,_blue_,_blueDark_r,_blue_,_pink_,_blue_,_pinkDark_,_blue_,_brownDark_r,_brown_r,_pink_,_pink_,_pink_,_pink_,_brown_g,_blueDark_g,_pink_,_brownDark_r,_pink_,_pinkDark_,_brownDark_r,_pinkDark_,_pink_,_brownDark_r,_pink_,,,_pink_,_pinkDark_,_blueDark_g,_pink_,_blueDark_r,_brownDark_r,_blueDark_r,,
-180,_blueDark_g,,_pink_,_pinkDark_,_brownDark_r,_pinkDark_,_blueDark_r,_brownDark_r,_pink_,_brownDark_r,_pink_,_blue_,,_pink_,_blue_,_pink_,_pinkDark_,_pink_,_brownDark_r,_pink_,_pink_,_blueDark_g,_blueDark_r,_blue_,_pink_,_blueDark_g,_blue_,_pink_,_pink_,_brownDark_r,_blueDark_r,_brownDark_r,_pink_,_blueDark_g,_blueDark_r,_pink_,_pink_,,_pink_,_blueDark_r,_pink_,_brownDark_r,_pink_,_pink_,_blueDark_g,_pink_,,,_pink_,_brownDark_r,_brownDark_r,_blueDark_r,_blue_,_pink_,_blue_,,
-120,_pink_,,_pinkDark_,_pinkDark_,_pinkDark_,_pink_,_pink_,_blue_,_brownDark_g,_pinkDark_,_pinkDark_,_pink_,,_pink_,_blueDark_r,_pink_,_pink_,_blueDark_r,_pink_,_blue_,_pink_,_pink_,_blue_,_pink_,_brownDark_r,_blue_,_blue_,_pink_,_blue_,_pink_,_brownDark_r,_pink_,,_brownDark_r,_pink_,_blue_,_pink_,_pink_,_pink_,_pink_,_pinkDark_,_pink_,_pink_,_blueDark_r,_pink_,_pink_,,,_pink_,_brownDark_r,_blue_,_blueDark_g,_pink_,_pink_,_blueDark_r,,
-60,_blueDark_g,,_pink_,_pink_,_pink_,_pink_,_blueDark_g,_brownDark_r,_blueDark_g,_pink_,_pink_,_blueDark_r,_blue_,_blueDark_g,_brownDark_r,_pink_,_pink_,_blue_,_pink_,_pink_,_pink_,_pinkDark_,_blue_,_pink_,_pink_,_pinkDark_,_blueDark_r,_pinkDark_,_pink_,_brownDark_r,_pink_,_blue_,_pink_,_blueDark_g,_pink_,_blue_,,_pink_,_brownDark_r,_blueDark_g,_pink_,_pink_,_pinkDark_,_pink_,_blueDark_r,_blueDark_g,_blue_,_pink_,_blueDark_g,_pink_,_blueDark_r,_pink_,_brownDark_r,_pinkDark_,_pink_,,
0,_pink_,,_blueDark_r,_blueDark_g,_pink_,_pink_,_pink_,_pink_,_pink_,_pinkDark_,_pinkDark_,_pink_,_blueDark_g,_blueDark_r,_pink_,_pink_,_pinkDark_,_blue_,_pink_,_pink_,_pink_,_brownDark_g,_blue_,_pink_,_pink_,_brownDark_r,_brownDark_r,_pink_,_blue_,_pink_,_pink_,_pink_,_pinkDark_,_brownDark_r,_brownDark_r,_blueDark_r,,_pink_,_brownDark_r,_pink_,_pink_,_pink_,,,_brownDark_r,_pink_,_pink_,_pink_,_pink_,_pink_,_brownDark_r,_pink_,_pink_,_pink_,_brownDark_r,,
60,_pinkDark_,,_pink_,_blueDark_g,_pink_,_brownDark_r,_pinkDark_,_pink_,,_pinkDark_,_blueDark_g,_blue_,_pink_,_brownDark_r,_pink_,_brownDark_r,_pinkDark_,,_pink_,_pink_,_pink_,_pink_,_pink_,_pink_,_pink_,_pink_,_pink_,_blueDark_r,_blue_,_brownDark_r,_brownDark_r,_brownDark_r,_pinkDark_,_pink_,_pink_,_pink_,,_pinkDark_,_brownDark_r,_blueDark_g,_pink_,_pink_,_pink_,_pink_,_brown_r,_brownDark_r,_brownDark_r,_brownDark_r,_blueDark_r,_brown_r,_brownDark_r,_pink_,_pink_,_pink_,_brownDark_r,,
120,_pink_,,_brown_r,_pink_,_pink_,_pink_,_pink_,_pink_,,_blueDark_g,_pinkDark_,_brownDark_r,_pink_,_brownDark_r,_pink_,_pinkDark_,_pink_,,_pinkDark_,_pink_,,_pink_,_pink_,_pink_,_pinkDark_,_blueDark_g,_pink_,_pink_,_blueDark_r,_brownDark_r,_pink_,_blueDark_r,,_pink_,_pink_,_blueDark_g,,_pink_,_pink_,_pink_,_pink_,_pink_,,,_blueDark_r,_brownDark_r,_blueDark_r,_pink_,_brownDark_r,_blueDark_r,_pink_,_pink_,,_pink_,_pink_,,
180,_pink_,,_pinkDark_,,_pinkDark_,_pink_,_pink_,_brownDark_r,,_pink_,_blueDark_r,_brownDark_r,_pinkDark_,_blue_,_blueDark_r,_pink_,_pinkDark_,,_pinkDark_,_pink_,,_pink_,_blue_,_blue_,_blueDark_r,_pink_,_pink_,_pink_,_pink_,_blue_,_pink_,_pink_,,_pink_,_brownDark_r,_pink_,,_pinkDark_,_brownDark_r,_brownDark_r,_brownDark_r,_pinkDark_,_pink_,_pink_,_blueDark_r,_blueDark_r,_blue_,_pinkDark_,_brownDark_g,_blue_,_blue_,_blueDark_g,,_blue_,_pink_,,
240,_pinkDark_,,_pink_,_blue_,_pinkDark_,_pink_,_pinkDark_,_pinkDark_,,_pink_,_blue_,_brownDark_r,_pink_,_pink_,_pink_,,_pinkDark_,,_pink_,_pink_,,_pink_,_pinkDark_,_blue_,_blue_,_pink_,_blue_,_blueDark_r,_blue_,_pink_,_pink_,_pinkDark_,,_blue_,_pink_,_pinkDark_,,,_pink_,_brownDark_g,_pink_,,,,_blue_,_blue_,_blueDark_r,_brownDark_r,_pink_,_brownDark_r,_pink_,_blueDark_r,,_blueDark_r,_blueDark_r,,
300,_blue_,,,_pink_,_pink_,_pinkDark_,_pinkDark_,_pink_,,_pink_,_blueDark_r,_pinkDark_,_pink_,_blue_,_blueDark_r,_blue_,_pinkDark_,,_pinkDark_,_blueDark_g,,_pinkDark_,_blueDark_g,_pink_,_blueDark_r,_pink_,_blue_,_pinkDark_,_blue_,_pinkDark_,_pink_,_pinkDark_,,_brownDark_r,_pink_,_pinkDark_,,,_pink_,_pinkDark_,_pinkDark_,,,_pink_,_blueDark_r,_pink_,_pink_,_blue_,_brownDark_r,_pink_,_brownDark_r,_pinkDark_,,,_blueDark_r,,
360,_blue_,,_pinkDark_,_brown_g,_blue_,_pinkDark_,_pinkDark_,_pink_,,_pinkDark_,_blue_,_pink_,_blueDark_g,_pink_,_pink_,_blue_,_pinkDark_,,_blueDark_r,_blueDark_r,,_pinkDark_,_pink_,_pink_,_pink_,_blue_,_pink_,_pinkDark_,_pink_,_pinkDark_,_blue_,,,_brownDark_g,_pinkDark_,_pink_,,,_blue_,_pinkDark_,_blueDark_r,,,,_pink_,_blue_,_blueDark_r,_pink_,_brownDark_g,_blueDark_r,_pink_,_pinkDark_,,_pink_,_blue_,,
420,_pinkDark_,,_brownDark_g,_pink_,_pinkDark_,_pinkDark_,_pinkDark_,_pinkDark_,,_pinkDark_,_blueDark_r,_pinkDark_,_blueDark_g,_pinkDark_,_pink_,_pink_,_pinkDark_,,_pinkDark_,,,_blueDark_g,_brownDark_g,_pinkDark_,_pinkDark_,_blueDark_r,_pinkDark_,_pink_,_pink_,_pinkDark_,_brownDark_r,_pinkDark_,,_blueDark_g,_pink_,_pinkDark_,,,_blueDark_r,_pink_,_pink_,,,,_brownDark_r,_blueDark_g,_blueDark_g,_brownDark_r,_pink_,_pinkDark_,_pink_,_pinkDark_,,_pinkDark_,_pinkDark_,,
480,_blueDark_r,,_pink_,_pinkDark_,_pink_,_pinkDark_,_pinkDark_,,,_pinkDark_,_pink_,_pink_,_blueDark_g,_blueDark_r,_pink_,_pink_,_pink_,,_pinkDark_,,,_blueDark_c,_blueDark_g,_brownDark_r,,_blue_,_pink_,_pink_,_blueDark_g,_brownDark_r,_blue_,_pinkDark_,,_blueDark_g,_pink_,_pinkDark_,,,_pink_,_brownDark_r,_pink_,,,,_pink_,_pink_,_pink_,_blueDark_r,_blueDark_r,_pinkDark_,_blue_,_pinkDark_,,_pinkDark_,_pinkDark_,,
540,_pink_,,_blueDark_g,_pinkDark_,_pinkDark_,_pinkDark_,_pinkDark_,_pink_,,_pinkDark_,_pinkDark_,_pink_,_pink_,_pinkDark_,_blueDark_g,_pinkDark_,,,_blueDark_g,,,_blue_,_pink_,_pinkDark_,,_blueDark_g,_pinkDark_,_pinkDark_,_pink_,_blue_,_pink_,,,_pink_,_blueDark_g,_pink_,,,,_brownDark_r,_pink_,,,,_pink_,_blue_,_pink_,_pinkDark_,_blueDark_r,_pink_,_pink_,_pink_,,_pinkDark_,_pink_,,
600,_pinkDark_,,,_pinkDark_,,_pinkDark_,_pink_,_pinkDark_,,_pinkDark_,_pink_,_pink_,_pink_,_pink_,_blueDark_g,_pink_,_pinkDark_,,_blueDark_r,,,_pink_,_pinkDark_,_pinkDark_,_blue_,_pinkDark_,_pinkDark_,_pinkDark_,_pink_,_pink_,_blue_,,,_blue_,_pink_,_blue_,,,_blue_,_pinkDark_,_pinkDark_,,,,_pink_,_pink_,_pinkDark_,_pinkDark_,_pink_,_pink_,_blue_,_blueDark_r,,_pinkDark_,_brownDark_r,,
660,_pinkDark_,,,_pinkDark_,_brownDark_r,_pinkDark_,_pinkDark_,,,_pink_,_blueDark_r,_pink_,_pinkDark_,_pink_,_pinkDark_,,_pink_,,_pink_,,,_blue_,_pink_,_pinkDark_,_pinkDark_,_pink_,_blueDark_g,_pink_,_pink_,_pinkDark_,_pinkDark_,,,_blue_,_pink_,_pinkDark_,,,,_pink_,,,,,_pink_,_blueDark_r,_pinkDark_,_pinkDark_,_blue_,_pink_,_blue_,_pink_,,_pinkDark_,,,
720,_pinkDark_,,_pinkDark_,_pinkDark_,_brown_r,_brownDark_g,_pinkDark_,_pinkDark_,,_blueDark_g,,_brownDark_r,_pinkDark_,_pinkDark_,_pinkDark_,,_pinkDark_,,_brownDark_r,,,_pink_,_pink_,_pinkDark_,_pinkDark_,_pinkDark_,_blue_,,_pink_,,,,,_blueDark_g,_pinkDark_,_pink_,,,_pinkDark_,_pinkDark_,_pink_,,,,_pink_,_pink_,_pinkDark_,_pinkDark_,_pinkDark_,_pink_,_pink_,_pinkDark_,,_pinkDark_,,,
780,_pinkDark_,,,_pinkDark_,_pink_,_pinkDark_,_pinkDark_,_pinkDark_,,_pink_,,_pink_,_brownDark_r,_pinkDark_,_pinkDark_,,_pinkDark_,,_pinkDark_,,,_pinkDark_,_pink_,_blue_,_blue_,_pink_,_pink_,,_pink_,_pink_,_blueDark_r,,,_pink_,,_blue_,,,,_blueDark_r,_brownDark_r,,,,_pinkDark_,_pink_,_pinkDark_,_pinkDark_,_brownDark_g,,_blueDark_r,_pink_,,_pinkDark_,_pinkDark_,,
840,_pink_,,_blue_,_pinkDark_,,_pinkDark_,_pinkDark_,,,_pinkDark_,,_pink_,_pink_,_pinkDark_,_pink_,,_pink_,,_pinkDark_,,,_pinkDark_,_pinkDark_,_pinkDark_,_pink_,_pink_,_pink_,,_pink_,_pink_,_pinkDark_,,,_blueDark_r,,_blue_,,,,_pink_,_pink_,,,,_pinkDark_,_pink_,_pinkDark_,_pinkDark_,_pinkDark_,_pink_,_blueDark_r,_pink_,,,_pinkDark_,,
900,_pinkDark_,,,,_pinkDark_,_pink_,_pinkDark_,_pink_,,_pinkDark_,,_pink_,_pink_,_pink_,_pinkDark_,,_pink_,,_pink_,,,_pink_,_pink_,_pink_,,_pinkDark_,_pink_,,_blue_,_blue_,_blueDark_r,,,_blueDark_g,,_pink_,,,,_pinkDark_,_pinkDark_,,,,_pinkDark_,_pink_,_pinkDark_,_pinkDark_,_pinkDark_,_pinkDark_,_blue_,_pink_,,_pink_,_pink_,,
960,_pink_,,_pink_,,_pinkDark_,_pink_,_pink_,_brownDark_r,,_pinkDark_,,_blueDark_g,_pink_,_pinkDark_,_pinkDark_,,_pinkDark_,,_pink_,,,_blueDark_g,_pink_,_blueDark_g,,_blueDark_g,_pinkDark_,,_brownDark_r,_pink_,_pinkDark_,,,_pinkDark_,,_pink_,,,,_blueDark_g,_pink_,,,,_pinkDark_,_blue_,_pink_,_pinkDark_,_pinkDark_,_pinkDark_,_pink_,_pink_,,_pinkDark_,_pink_,,
1020,_pinkDark_,,_pinkDark_,_pink_,,_pinkDark_,_pinkDark_,_pink_,,,,_pink_,_pinkDark_,_pink_,_pink_,,_pinkDark_,,_pink_,,,_pink_,_pinkDark_,_pink_,,_pink_,_pinkDark_,,_pinkDark_,_pink_,_blue_,,,_pink_,_pink_,_pink_,,,,_pink_,_pinkDark_,,,,_pink_,_pink_,_blueDark_g,_pinkDark_,_pinkDark_,_pinkDark_,_blueDark_r,_blueDark_g,,,,,
1080,_blueDark_g,,_pinkDark_,_pinkDark_,,_pinkDark_,_pinkDark_,_pinkDark_,,_pink_,,_pink_,_pink_,,_pink_,,,,_pink_,,,_pink_,_blueDark_r,_pink_,,_brownDark_g,_pinkDark_,,_pink_,,_blue_,,,_pinkDark_,_pinkDark_,_pink_,,,,_brownDark_r,_pink_,,,,_pink_,_pinkDark_,_pink_,_pinkDark_,_brownDark_g,_pinkDark_,_pink_,_pink_,,,_pinkDark_,,
1140,_pinkDark_,,_pinkDark_,,_pinkDark_,_pinkDark_,_pinkDark_,_pinkDark_,,,,_pink_,_pink_,,_pinkDark_,,,,_pinkDark_,,,_pinkDark_,_pinkDark_,_blueDark_r,,_pink_,_pinkDark_,,_brownDark_g,,_pinkDark_,,,_blueDark_g,_pinkDark_,_pinkDark_,,,,_brownDark_r,_blueDark_r,,,,_blue_,_pinkDark_,_pink_,_pink_,_brownDark_g,_pinkDark_,_pink_,_pinkDark_,,_pinkDark_,_pink_,,
1200,_pink_,,_pinkDark_,_pinkDark_,,_pinkDark_,_pinkDark_,,,,,_pinkDark_,_blue_,,,,,,_pinkDark_,,,,_pink_,_pinkDark_,,_blueDark_r,_pinkDark_,,_pink_,_pinkDark_,_pinkDark_,,,,_pink_,_pink_,,,,_pinkDark_,_pinkDark_,,,,_pinkDark_,_pink_,_pinkDark_,_pinkDark_,_pink_,_blueDark_r,_brown_g,_blueDark_g,,_pink_,_pinkDark_,,
1260,,_pinkDark_,_pinkDark_,_pink_,,_pinkDark_,_pink_,,,_pinkDark_,,_brown_r,_pink_,,_pink_,,,,_pinkDark_,,,_pinkDark_,_pinkDark_,_pinkDark_,,_pinkDark_,_pinkDark_,,_pink_,,,,,_pinkDark_,_pinkDark_,_pinkDark_,,,,_pinkDark_,_brownDark_r,,,,_pinkDark_,_pink_,_pink_,_pinkDark_,_pink_,_brownDark_r,_pink_,_pinkDark_,,_pinkDark_,_pinkDark_,,
1320,,_pinkDark_,,_pinkDark_,_blue_,_pink_,_pinkDark_,,,_pink_,,_blueDark_g,_pinkDark_,,_pinkDark_,,,,_pink_,,,_pinkDark_,_pinkDark_,_pinkDark_,,_pinkDark_,,,_pinkDark_,,,,,_pinkDark_,_pinkDark_,,,,,_pinkDark_,_pinkDark_,,,,,_blueDark_r,_pink_,_pinkDark_,_pinkDark_,_pinkDark_,_blue_,_pink_,,,_pinkDark_,,
1380,,,,,,_pink_,_pinkDark_,,,,,_blueDark_g,_pink_,,,,,,_pinkDark_,,,_pinkDark_,_pinkDark_,_pinkDark_,,_blueDark_g,_brownDark_r,,_pink_,,,,,_pinkDark_,_pinkDark_,_pink_,,,,_pinkDark_,_pinkDark_,,,,,_pinkDark_,_brownDark_g,_pink_,_pinkDark_,_pinkDark_,_pink_,_brownDark_r,,_pink_,_pink_,,
1440,,,,_pinkDark_,_pinkDark_,_blue_,_blue_,,,_pinkDark_,,_pinkDark_,_pinkDark_,,,,,,_pink_,,,_pink_,_pinkDark_,_pinkDark_,,_pink_,,,_pinkDark_,,,,,_pinkDark_,_pinkDark_,_pink_,,,,_pinkDark_,_pinkDark_,,,,_pink_,_pink_,_pink_,_pinkDark_,_pink_,_pinkDark_,_pink_,_pinkDark_,,_pinkDark_,_pinkDark_,,
1500,,_pinkDark_,,_pinkDark_,,_pinkDark_,_pinkDark_,,,,,_pinkDark_,_pink_,,,,,,_pinkDark_,,,_pinkDark_,anaphase,_pinkDark_,,_pink_,,,_pinkDark_,,,,,,_pinkDark_,_pinkDark_,,,,_pink_,_pinkDark_,,,,_pinkDark_,_pink_,_pinkDark_,_pink_,_pinkDark_,,_pink_,_pinkDark_,,,_blueDark_g,,
1560,,_pink_,,,,_pinkDark_,_pinkDark_,,,,,_pinkDark_,_pink_,,,,,,_pinkDark_,,,_pink_,,_pink_,,_pinkDark_,,,_pinkDark_,,,,,,_pinkDark_,_pinkDark_,,,,_pinkDark_,_pinkDark_,,,,_pinkDark_,_brownDark_r,_pinkDark_,_pink_,_pinkDark_,,_pink_,_brownDark_r,,,_brownDark_r,,
1620,,_pinkDark_,,_pinkDark_,,_pinkDark_,_pinkDark_,,,,,_pinkDark_,_pink_,,,,,,_pink_,,,_pink_,,_pink_,,_brownDark_r,,,_brownDark_g,,,,,_pink_,_pinkDark_,_pinkDark_,,,,_pinkDark_,_pinkDark_,,,,_pinkDark_,_pinkDark_,_pinkDark_,_pinkDark_,_pinkDark_,,_blue_,_pinkDark_,,,_pinkDark_,,
1680,,_pinkDark_,,,,_pinkDark_,_pinkDark_,,,,,_pink_,_pink_,,,,,,_pinkDark_,,,_pinkDark_,,_pinkDark_,,_pink_,,,_pink_,,,,,,_pinkDark_,_pinkDark_,,,,_pinkDark_,_pinkDark_,,,,,_pinkDark_,_pinkDark_,_pinkDark_,_pinkDark_,,_pink_,_pink_,,,,,
1740,,_pinkDark_,,,,_pink_,_pink_,,,,,_pinkDark_,_blueDark_r,,,,,,_pinkDark_,,,_pink_,anaphase,anaphase,,_pinkDark_,,,_pinkDark_,,,,,,_pinkDark_,_pinkDark_,,,,_pinkDark_,_pinkDark_,,,,,_blue_,_pink_,_pinkDark_,_pinkDark_,,_pinkDark_,_pink_,,,,,
1800,,_pinkDark_,,,,,,,,,,_pinkDark_,_blue_,,,,,,anaphase,,,_pinkDark_,,,,_pinkDark_,,,_pink_,,,,,,_pink_,_pinkDark_,,,,_pink_,_pinkDark_,,,,,_pinkDark_,_pinkDark_,_pinkDark_,_pink_,,_pinkDark_,_pink_,,,,,
1860,,_pinkDark_,,,,,,,,,,_pinkDark_,_pink_,,,,,,,,,_pinkDark_,,,,_pink_,,,,,,,,,_blueDark_g,_pink_,,,,anaphase,anaphase,,,,,_blue_,_pinkDark_,_pinkDark_,_pinkDark_,,_pink_,_pinkDark_,,,,,
1920,,_pink_,,,,,,,,,,_pinkDark_,_pinkDark_,,,,,,,,,_pink_,,,,_pinkDark_,,,,,,,,,_pinkDark_,_pinkDark_,,,,,,,,,,_pinkDark_,_pink_,_pinkDark_,,,_pinkDark_,_pinkDark_,,,,,
1980,,_pinkDark_,,,,,,,,,,_pink_,_pinkDark_,,,,,,,,,,,,,_brownDark_r,,,,,,,,,_pinkDark_,_pink_,,,,,,,,,,_pinkDark_,_pinkDark_,_pinkDark_,,,_pinkDark_,_pinkDark_,,,,,
2040,,_pinkDark_,,,,,,,,,,_pinkDark_,,,,,,,,,,,,,,_pinkDark_,,,,,,,,,_pink_,anaphase,,,,,,,,,,_pinkDark_,_pinkDark_,_pinkDark_,,,_blue_,_pink_,,,,,
2100,,_pinkDark_,,,,,,,,,,_pinkDark_,,,,,,,,,,,,,,_pink_,,,,,,,,,_pink_,,,,,,,,,,,_pink_,_pinkDark_,_pinkDark_,,,_pinkDark_,_pinkDark_,,,,,
2160,,_pinkDark_,,,,,,,,,,_pinkDark_,,,,,,,,,,,,,,_pink_,,,,,,,,,anaphase,,,,,,,,,,,_brownDark_r,_pink_,_pinkDark_,,,,,,,,,
2220,,_pinkDark_,,,,,,,,,,_pink_,,,,,,,,,,,,,,_pinkDark_,,,,,,,,,,,,,,,,,,,,anaphase,_pinkDark_,_pink_,,,,_pink_,,,,,
2280,,_pink_,,,,,,,,,,_pinkDark_,,,,,,,,,,,,,,_pinkDark_,,,,,,,,,,,,,,,,,,,,,_pinkDark_,_pinkDark_,,,,_pinkDark_,,,,,
2340,,,,,,,,,,,,_pinkDark_,,,,,,,,,,,,,,_pinkDark_,,,,,,,,,,,,,,,,,,,,,_pinkDark_,_pink_,,,,_pinkDark_,,,,,
2400,,,,,,,,,,,,_pinkDark_,,,,,,,,,,,,,,_pinkDark_,,,,,,,,,,,,,,,,,,,,,_pink_,_brownDark_r,,,,_pinkDark_,,,,,
2460,,,,,,,,,,,,_pinkDark_,,,,,,,,,,,,,,_pinkDark_,,,,,,,,,,,,,,,,,,,,,_pinkDark_,_pinkDark_,,,,_pinkDark_,,,,,
2520,,,,,,,,,,,,_brownDark_g,,,,,,,,,,,,,,_pinkDark_,,,,,,,,,,,,,,,,,,,,,_blueDark_g,_pinkDark_,,,,_pinkDark_,,,,,
2580,,,,,,,,,,,,_pinkDark_,,,,,,,,,,,,,,_pinkDark_,,,,,,,,,,,,,,,,,,,,,_brownDark_g,_pinkDark_,,,,,,,,,
2640,,,,,,,,,,,,_pink_,,,,,,,,,,,,,,_pinkDark_,,,,,,,,,,,,,,,,,,,,,_pink_,_pinkDark_,,,,,,,,,
2700,,,,,,,,,,,,_pinkDark_,,,,,,,,,,,,,,,,,,,,,,,,,,,,,,,,,,,,_pink_,,,,,,,,,
2760,,,,,,,,,,,,_pinkDark_,,,,,,,,,,,,,,anaphase,,,,,,,,,,,,,,,,,,,,,,_pinkDark_,,,,,,,,,
2820,,,,,,,,,,,,_pink_,,,,,,,,,,,,,,,,,,,,,,,,,,,,,,,,,,,,_pink_,,,,,,,,,
2880,,,,,,,,,,,,_pink_,,,,,,,,,,,,,,,,,,,,,,,,,,,,,,,,,,,,_pinkDark_,,,,,,,,,
2940,,,,,,,,,,,,_pinkDark_,,,,,,,,,,,,,,,,,,,,,,,,,,,,,,,,,,,,_pinkDark_,,,,,,,,,
3000,,,,,,,,,,,,_pinkDark_,,,,,,,,,,,,,,,,,,,,,,,,,,,,,,,,,,,,_pink_,,,,,,,,,
3060,,,,,,,,,,,,_pinkDark_,,,,,,,,,,,,,,,,,,,,,,,,,,,,,,,,,,,,,,,,,,,,,
3120,,,,,,,,,,,,_pinkDark_,,,,,,,,,,,,,,,,,,,,,,,,,,,,,,,,,,,,,,,,,,,,,
3180,,,,,,,,,,,,_brownDark_g,,,,,,,,,,,,,,,,,,,,,,,,,,,,,,,,,,,,,,,,,,,,,
3240,,,,,,,,,,,,_pinkDark_,,,,,,,,,,,,,,,,,,,,,,,,,,,,,,,,,,,,,,,,,,,,,
3300,,,,,,,,,,,,_pinkDark_,,,,,,,,,,,,,,,,,,,,,,,,,,,,,,,,,,,,,,,,,,,,,
3360,,,,,,,,,,,,_pinkDark_,,,,,,,,,,,,,,,,,,,,,,,,,,,,,,,,,,,,,,,,,,,,,
3420,,,,,,,,,,,,_pinkDark_,,,,,,,,,,,,,,,,,,,,,,,,,,,,,,,,,,,,,,,,,,,,,
3480,,,,,,,,,,,,_pinkDark_,,,,,,,,,,,,,,,,,,,,,,,,,,,,,,,,,,,,,,,,,,,,,
3540,,,,,,,,,,,,_pinkDark_,,,,,,,,,,,,,,,,,,,,,,,,,,,,,,,,,,,,,,,,,,,,,
3600,,,,,,,,,,,,anaphase,,,,,,,,,,,,,,,,,,,,,,,,,,,,,,,,,,,,,,,,,,,,,
3660,,,,,,,,,,,,,,,,,,,,,,,,,,,,,,,,,,,,,,,,,,,,,,,,,,,,,,,,,
3720,,,,,,,,,,,,,,,,,,,,,,,,,,,,,,,,,,,,,,,,,,,,,,,,,,,,,,,,,
3780,,,,,,,,,,,,,,,,,,,,,,,,,,,,,,,,,,,,,,,,,,,,,,,,,,,,,,,,,
3840,,,,,,,,,,,,,,,,,,,,,,,,,,,,,,,,,,,,,,,,,,,,,,,,,,,,,,,,,
3900,,,,,,,,,,,,,,,,,,,,,,,,,,,,,,,,,,,,,,,,,,,,,,,,,,,,,,,,,
3960,,,,,,,,,,,,,,,,,,,,,,,,,,,,,,,,,,,,,,,,,,,,,,,,,,,,,,,,,
4020,,,,,,,,,,,,,,,,,,,,,,,,,,,,,,,,,,,,,,,,,,,,,,,,,,,,,,,,,
4080,,,,,,,,,,,,,,,,,,,,,,,,,,,,,,,,,,,,,,,,,,,,,,,,,,,,,,,,,
4140,,,,,,,,,,,,,,,,,,,,,,,,,,,,,,,,,,,,,,,,,,,,,,,,,,,,,,,,,
4200,,,,,,,,,,,,,,,,,,,,,,,,,,,,,,,,,,,,,,,,,,,,,,,,,,,,,,,,,
4260,,,,,,,,,,,,,,,,,,,,,,,,,,,,,,,,,,,,,,,,,,,,,,,,,,,,,,,,,
4320,,,,,,,,,,,,,,,,,,,,,,,,,,,,,,,,,,,,,,,,,,,,,,,,,,,,,,,,,
4380,,,,,,,,,,,,,,,,,,,,,,,,,,,,,,,,,,,,,,,,,,,,,,,,,,,,,,,,,
4440,,,,,,,,,,,,,,,,,,,,,,,,,,,,,,,,,,,,,,,,,,,,,,,,,,,,,,,,,
4500,,,,,,,,,,,,,,,,,,,,,,,,,,,,,,,,,,,,,,,,,,,,,,,,,,,,,,,,,
4560,,,,,,,,,,,,,,,,,,,,,,,,,,,,,,,,,,,,,,,,,,,,,,,,,,,,,,,,,
4620,,,,,,,,,,,,,,,,,,,,,,,,,,,,,,,,,,,,,,,,,,,,,,,,,,,,,,,,,
4680,,,,,,,,,,,,,,,,,,,,,,,,,,,,,,,,,,,,,,,,,,,,,,,,,,,,,,,,,
4740,,,,,,,,,,,,,,,,,,,,,,,,,,,,,,,,,,,,,,,,,,,,,,,,,,,,,,,,,
4800,,,,,,,,,,,,,,,,,,,,,,,,,,,,,,,,,,,,,,,,,,,,,,,,,,,,,,,,,
4860,,,,,,,,,,,,,,,,,,,,,,,,,,,,,,,,,,,,,,,,,,,,,,,,,,,,,,,,,
4920,,,,,,,,,,,,,,,,,,,,,,,,,,,,,,,,,,,,,,,,,,,,,,,,,,,,,,,,,
4980,,,,,,,,,,,,,,,,,,,,,,,,,,,,,,,,,,,,,,,,,,,,,,,,,,,,,,,,,
5040,,,,,,,,,,,,,,,,,,,,,,,,,,,,,,,,,,,,,,,,,,,,,,,,,,,,,,,,,
5100,,,,,,,,,,,,,,,,,,,,,,,,,,,,,,,,,,,,,,,,,,,,,,,,,,,,,,,,,
5160,,,,,,,,,,,,,,,,,,,,,,,,,,,,,,,,,,,,,,,,,,,,,,,,,,,,,,,,,
5220,,,,,,,,,,,,,,,,,,,,,,,,,,,,,,,,,,,,,,,,,,,,,,,,,,,,,,,,,
5280,,,,,,,,,,,,,,,,,,,,,,,,,,,,,,,,,,,,,,,,,,,,,,,,,,,,,,,,,
5340,,,,,,,,,,,,,,,,,,,,,,,,,,,,,,,,,,,,,,,,,,,,,,,,,,,,,,,,,
5400,,,,,,,,,,,,,,,,,,,,,,,,,,,,,,,,,,,,,,,,,,,,,,,,,,,,,,,,,
5460,,,,,,,,,,,,,,,,,,,,,,,,,,,,,,,,,,,,,,,,,,,,,,,,,,,,,,,,,
5520,,,,,,,,,,,,,,,,,,,,,,,,,,,,,,,,,,,,,,,,,,,,,,,,,,,,,,,,,
5580,,,,,,,,,,,,,,,,,,,,,,,,,,,,,,,,,,,,,,,,,,,,,,,,,,,,,,,,,
5640,,,,,,,,,,,,,,,,,,,,,,,,,,,,,,,,,,,,,,,,,,,,,,,,,,,,,,,,,
5700,,,,,,,,,,,,,,,,,,,,,,,,,,,,,,,,,,,,,,,,,,,,,,,,,,,,,,,,,
5760,,,,,,,,,,,,,,,,,,,,,,,,,,,,,,,,,,,,,,,,,,,,,,,,,,,,,,,,,
5820,,,,,,,,,,,,,,,,,,,,,,,,,,,,,,,,,,,,,,,,,,,,,,,,,,,,,,,,,
5880,,,,,,,,,,,,,,,,,,,,,,,,,,,,,,,,,,,,,,,,,,,,,,,,,,,,,,,,,
5940,,,,,,,,,,,,,,,,,,,,,,,,,,,,,,,,,,,,,,,,,,,,,,,,,,,,,,,,,
6000,,,,,,,,,,,,,,,,,,,,,,,,,,,,,,,,,,,,,,,,,,,,,,,,,,,,,,,,,
6060,,,,,,,,,,,,,,,,,,,,,,,,,,,,,,,,,,,,,,,,,,,,,,,,,,,,,,,,,
6120,,,,,,,,,,,,,,,,,,,,,,,,,,,,,,,,,,,,,,,,,,,,,,,,,,,,,,,,,
6180,,,,,,,,,,,,,,,,,,,,,,,,,,,,,,,,,,,,,,,,,,,,,,,,,,,,,,,,,
6240,,,,,,,,,,,,,,,,,,,,,,,,,,,,,,,,,,,,,,,,,,,,,,,,,,,,,,,,,
6300,,,,,,,,,,,,,,,,,,,,,,,,,,,,,,,,,,,,,,,,,,,,,,,,,,,,,,,,,
6360,,,,,,,,,,,,,,,,,,,,,,,,,,,,,,,,,,,,,,,,,,,,,,,,,,,,,,,,,
6420,,,,,,,,,,,,,,,,,,,,,,,,,,,,,,,,,,,,,,,,,,,,,,,,,,,,,,,,,
6480,,,,,,,,,,,,,,,,,,,,,,,,,,,,,,,,,,,,,,,,,,,,,,,,,,,,,,,,,
6540,,,,,,,,,,,,,,,,,,,,,,,,,,,,,,,,,,,,,,,,,,,,,,,,,,,,,,,,,
6600,,,,,,,,,,,,,,,,,,,,,,,,,,,,,,,,,,,,,,,,,,,,,,,,,,,,,,,,,
6660,,,,,,,,,,,,,,,,,,,,,,,,,,,,,,,,,,,,,,,,,,,,,,,,,,,,,,,,,
6720,,,,,,,,,,,,,,,,,,,,,,,,,,,,,,,,,,,,,,,,,,,,,,,,,,,,,,,,,
6780,,,,,,,,,,,,,,,,,,,,,,,,,,,,,,,,,,,,,,,,,,,,,,,,,,,,,,,,,
6840,,,,,,,,,,,,,,,,,,,,,,,,,,,,,,,,,,,,,,,,,,,,,,,,,,,,,,,,,
6900,,,,,,,,,,,,,,,,,,,,,,,,,,,,,,,,,,,,,,,,,,,,,,,,,,,,,,,,,
6960,,,,,,,,,,,,,,,,,,,,,,,,,,,,,,,,,,,,,,,,,,,,,,,,,,,,,,,,,
7020,,,,,,,,,,,,,,,,,,,,,,,,,,,,,,,,,,,,,,,,,,,,,,,,,,,,,,,,,
7080,,,,,,,,,,,,,,,,,,,,,,,,,,,,,,,,,,,,,,,,,,,,,,,,,,,,,,,,,
7140,,,,,,,,,,,,,,,,,,,,,,,,,,,,,,,,,,,,,,,,,,,,,,,,,,,,,,,,,
7200,,,,,,,,,,,,,,,,,,,,,,,,,,,,,,,,,,,,,,,,,,,,,,,,,,,,,,,,,
7260,,,,,,,,,,,,,,,,,,,,,,,,,,,,,,,,,,,,,,,,,,,,,,,,,,,,,,,,,
7320,,,,,,,,,,,,,,,,,,,,,,,,,,,,,,,,,,,,,,,,,,,,,,,,,,,,,,,,,
7380,,,,,,,,,,,,,,,,,,,,,,,,,,,,,,,,,,,,,,,,,,,,,,,,,,,,,,,,,
7440,,,,,,,,,,,,,,,,,,,,,,,,,,,,,,,,,,,,,,,,,,,,,,,,,,,,,,,,,
7500,,,,,,,,,,,,,,,,,,,,,,,,,,,,,,,,,,,,,,,,,,,,,,,,,,,,,,,,,
7560,,,,,,,,,,,,,,,,,,,,,,,,,,,,,,,,,,,,,,,,,,,,,,,,,,,,,,,,,
7620,,,,,,,,,,,,,,,,,,,,,,,,,,,,,,,,,,,,,,,,,,,,,,,,,,,,,,,,,
7680,,,,,,,,,,,,,,,,,,,,,,,,,,,,,,,,,,,,,,,,,,,,,,,,,,,,,,,,,
7740,,,,,,,,,,,,,,,,,,,,,,,,,,,,,,,,,,,,,,,,,,,,,,,,,,,,,,,,,
7800,,,,,,,,,,,,,,,,,,,,,,,,,,,,,,,,,,,,,,,,,,,,,,,,,,,,,,,,,
7860,,,,,,,,,,,,,,,,,,,,,,,,,,,,,,,,,,,,,,,,,,,,,,,,,,,,,,,,,
7920,,,,,,,,,,,,,,,,,,,,,,,,,,,,,,,,,,,,,,,,,,,,,,,,,,,,,,,,,
7980,,,,,,,,,,,,,,,,,,,,,,,,,,,,,,,,,,,,,,,,,,,,,,,,,,,,,,,,,
8040,,,,,,,,,,,,,,,,,,,,,,,,,,,,,,,,,,,,,,,,,,,,,,,,,,,,,,,,,
8100,,,,,,,,,,,,,,,,,,,,,,,,,,,,,,,,,,,,,,,,,,,,,,,,,,,,,,,,,
8160,,,,,,,,,,,,,,,,,,,,,,,,,,,,,,,,,,,,,,,,,,,,,,,,,,,,,,,,,
8220,,,,,,,,,,,,,,,,,,,,,,,,,,,,,,,,,,,,,,,,,,,,,,,,,,,,,,,,,
8280,,,,,,,,,,,,,,,,,,,,,,,,,,,,,,,,,,,,,,,,,,,,,,,,,,,,,,,,,
8340,,,,,,,,,,,,,,,,,,,,,,,,,,,,,,,,,,,,,,,,,,,,,,,,,,,,,,,,,