time to NEB,1i,1ii,2i ,2ii ,4,1i,1ii,2i,2ii,3i,3ii,2i,2ii,3i,3ii,4,5,7i,7ii,1i,1ii,2i,2ii,3i,3ii,6i,6ii,7i,7ii,1,2,4i,4ii,5i,5ii,7,8i,8ii,9i,9ii,10i,10ii,12i,12ii,14,16i,16ii,1i,1ii,2i,2ii,1i,1ii,2i,2ii,4i,4ii,5i,5ii,6i,6ii,7i,7ii
-8820,,,,,,,,,,,,,,,,_blue_,,,,,,,,,,,,,,,,,,,,,,,,,,,,,,,,,,,,,,,,,,,,,,,
-8760,,,,,,,,,,,,,,,,_blue_,,,,,,,,,,,,,,,,,,,,,,,,,,,,,,,,,,,,,,,,,,,,,,,
-8700,,,,,,,,,,,,,,,,_blueDark_r,,,,,,,,,,,,,,,,,,_pink_,_blueDark_r,,,,,,,,,,,,,,,,,,,,,,,,,,,,
-8640,,,,,,,,,,,,,,,,_blueDark_r,,,,,,,,,,,,,,,,,,_blue_,_blueDark_r,,,,,,,,,,,,,,,,,,,,,,,,,,,,
-8580,,,,,,,,,,,,,,,,_blue_,,,,,,,,,,,,,,,,,,_blueDark_g,_blueDark_r,,,,,,,,,,,,,,,,,,,,,,,,,,,,
-8520,,,,,,,,,,,,,,,,,,,,,,,,,,,,,,,,,,_blue_,_blueDark_r,,,,,,,,,,,,,,,,,,,,,,,,,,,,
-8460,,,,,,,,,,,,,,,,,,,,,,,,,,,,,,,,,,_blueDark_r,_blueDark_r,,,,,,,,,,,,,,,,,,,,,,,,,,,,
-8400,,,,,,,,,,_brownDark_r,_blue_,,,,,,,,,,,,,,,,,,,,,,,_blueDark_r,_blueDark_r,,,,,,,,,,,,,,,,,,,,,,,,,,,,
-8340,,,,,,,,,,_blueDark_r,_blueDark_r,,,,,,,,,,,,,,,,,,,,,,,_blue_,_brownDark_r,,,,,,,,,,,,,,,,,,,,,,,,,,,,
-8280,,,,,,,,,,_blueDark_r,_blue_,,,,,,,,,,,,,,,,,,,,,,,_blue_,_brownDark_r,,,,,,,,,,,,,,,,,,,,,,,,,,,,
-8220,,,,,,,,,,_blueDark_r,_blue_,,,,,,,,,,,,,,,_blueDark_r,_blue_,,,,,,,_blueDark_g,_blue_,,,,,,,,,,,,,,,,,,,,,,,,,,,,
-8160,,,,,,,,,,_blueDark_r,_blue_,,,,,,,,,,,,,,,_blueDark_r,_blueDark_r,,,,,,,_blue_,_blue_,,,,,,,,,,,,,,,,,,,,,,,,,,,,
-8100,,,,,,,,,,_blue_,_blue_,,,,,,,,,,,,,,,_blueDark_r,_blueDark_r,,,,,,,_blue_,_blueDark_r,,_brownDark_r,_blueDark_r,,,,,,,,,,,,,,,,,,,,,,,,,
-8040,,,,,,,,,,_blue_,_blue_,,,,,,,,,,,,,,,_brownDark_r,_blueDark_r,,,,,,,_blue_,_blueDark_r,,_blueDark_r,_blueDark_r,,,,,,,,,,,,,,,,,,,,,,,,,
-7980,,,,,,,,,,_blueDark_r,_blue_,,,,,,,,,,,,,,,_blueDark_r,_blueDark_g,,,,,_blue_,_blue_,_blueDark_r,_blue_,,,_blue_,,,,,,,,,,,,,,,,,,,,,,,,,
-7920,,,,,,,,,,_pink_,_blue_,,,,,,,,,,,,,,,_brownDark_r,_blue_,,,,,_blue_,_brownDark_r,_blue_,_blue_,,,_pink_,,,,,,,,,,,,,,,,,,,,,,,,,
-7860,,,,,,,,,,_pink_,_blue_,,,,,,,,,,,,,,,_blue_,_brownDark_r,,,,,_blue_,_brownDark_r,_blue_,_blue_,,,_blue_,,,,,,,,,,,,_brownDark_r,_blue_,,,,,,,,,,,,
-7800,,,,,,,,,,_blueDark_r,_blueDark_r,,,,,,,,,,,,,,,_blueDark_r,_brownDark_r,,,,,_blueDark_r,_blue_,_blue_,_blueDark_r,,_blueDark_r,_brownDark_r,,,,,,,,,,,,_brown_r,_blue_,,,,,,,,,,,,
-7740,,,,,,,,,,_blueDark_r,_blueDark_r,,,,,,,,,,,,,,,_blue_,_brown_r,,,,,_blueDark_r,_blue_,_blue_,_blue_,,_blueDark_r,_brownDark_r,,,,,,,,,,,,_brownDark_r,_blue_,,,,,,,,,,,,
-7680,,,,,,,,,,_blue_,_brownDark_r,,,,,,,,,,,,,,,_blueDark_r,_brown_r,,,,,_blue_,_blue_,_blue_,_blueDark_r,,_blue_,_blueDark_r,,,_blue_,_blueDark_r,,,,,,,,_blueDark_r,_blueDark_r,,,,,,,_blue_,_blueDark_r,,,,
-7620,,,,,,,,,,_brownDark_r,_blueDark_r,,,,,,,,,,,,,,,_blueDark_r,_brownDark_r,,,,,_blue_,_blue_,_blue_,_blueDark_r,,_blue_,_blueDark_r,,,_blue_,_brownDark_r,,,,,,,,_brownDark_r,_brownDark_r,,,,,,,_blueDark_r,_blueDark_r,,,,
-7560,,,,,,,,,,_blueDark_r,_brown_r,_blueDark_r,_blueDark_r,,,,,,,,,,,,,_blue_,_brownDark_r,,,,,_blue_,_blueDark_r,_blue_,_brownDark_r,,_blue_,_brownDark_r,,,_blue_,_blue_,,,,,,,,_blueDark_r,_brownDark_r,,,,,,,_blue_,_blue_,,,,
-7500,,,,,,,,,,_brownDark_r,_brownDark_r,_blue_,_blue_,,,,,,,,,,,,,_blue_,_brown_r,,,,,_brownDark_r,_brown_r,_brownDark_r,_brownDark_r,,_blue_,_blueDark_r,,,_blueDark_r,_blueDark_r,,,,,,,,_blueDark_r,_blue_,,,,,,,_blue_,_blue_,,,,
-7440,,,_blueDark_r,_brownDark_r,,,,,,_brownDark_r,_brown_r,_blueDark_r,_blueDark_g,,,,,,,,,,,,,_blueDark_r,_brown_r,,,,,_blueDark_r,_brownDark_r,_blueDark_r,_blue_,,_blue_,_blueDark_r,,,_blue_,_blueDark_g,,,,,,,,_brown_r,_blue_,,,,,,,_blueDark_r,_blue_,,,,
-7380,,,_blueDark_r,_brownDark_r,,,,,,_blueDark_r,_brown_r,_blueDark_r,_blueDark_r,,,,,,,,,,,,,_blue_,_blueDark_r,,,,,_blue_,_blueDark_r,_brownDark_r,_blueDark_r,,_blue_,_blue_,,,_blue_,_blue_,,,,,,,,_brown_r,_blue_,,,,,,,_blue_,_blue_,,,,
-7320,,,_brownDark_r,_blue_,,,,,,_blue_,_blueDark_r,_blueDark_r,_blue_,,,,,,,,,,,,,_brownDark_r,_brownDark_r,,,,,_blueDark_r,_blueDark_r,_blue_,_blueDark_r,,_blue_,_brownDark_r,,,_blue_,_blueDark_r,,,,,,,,_blueDark_r,_blue_,,,,,,,_blueDark_r,_blueDark_r,,,,
-7260,,,_brownDark_r,_blueDark_r,,,,,,_blue_,_blue_,_blue_,_blue_,,,,,,,,,,,,,_blueDark_r,_brown_r,_blue_,_blue_,,,_blueDark_r,_brownDark_r,_blue_,_blueDark_r,,_blue_,_brownDark_r,,,_blue_,_blue_,,,,,,,,_blueDark_r,_blue_,,,,,,,_blueDark_r,_pink_,,,,
-7200,,,_brownDark_r,_brown_r,,,,,,_blue_,_blue_,_blue_,_blue_,,,,,,,,,,,,,_blue_,_brownDark_r,_blue_,_blue_,,,_pink_,_blueDark_r,_blue_,_blue_,,_blue_,_blueDark_r,,,_blueDark_r,_brownDark_r,,,,,,,,_blueDark_r,_blue_,,,,,,,_blueDark_r,_blueDark_r,,,,
-7140,,,_brownDark_r,,,,,,,_blueDark_r,_brownDark_r,_blue_,_blue_,,,,,,,,,,,,,_blue_,_brownDark_r,_blue_,_blue_,,,_blueDark_r,_blue_,_blue_,_blue_,,_blue_,_blueDark_r,,,_brown_r,_blueDark_r,,,,,,,,_pink_,_blue_,,,,,,,_blue_,_blueDark_r,,,,
-7080,,,_brownDark_r,_blue_,,,,,,_blueDark_r,_brownDark_r,_blue_,_blueDark_g,,,_brownDark_r,,,,,,,,,,_blue_,_brownDark_r,_blue_,_blue_,,,_blueDark_r,_blue_,_blue_,_blue_,,_blue_,_blueDark_r,,,_blueDark_g,_blueDark_r,,,,,,,,_blueDark_r,_blue_,,,,,,,_blue_,_blueDark_r,,,,
-7020,,,_brownDark_r,_blue_,,,,,,_blue_,_blueDark_r,_blueDark_g,_blue_,,,_blueDark_r,,,,,,,,,,_brown_r,_brownDark_r,_blue_,_blue_,,,_pink_,_blue_,_blue_,_brownDark_r,,_blue_,_blueDark_r,,,_blue_,_blueDark_r,,,,,,,,_pinkDark_,_blueDark_r,,,,,,,_blue_,_blue_,,,,
-6960,,,_brown_r,_blue_,_blue_,,,,,_blueDark_r,_brownDark_r,_blue_,_blue_,,,_blue_,,,,,,,,,,_blue_,_brownDark_r,_blue_,_blue_,,,_blueDark_r,_blueDark_r,_blue_,_brownDark_r,,_blue_,_brownDark_r,,,_blueDark_g,_pink_,,,,,,,,_pink_,_blueDark_g,,,,,,,_blueDark_r,_blue_,,,,
-6900,,,_brown_r,_brownDark_r,_blue_,,,,,_blue_,_brownDark_r,_blue_,_blue_,,,_blue_,,,,,,,,,,_blue_,_brownDark_r,_blueDark_g,_blueDark_r,,,_blueDark_r,_blueDark_r,_blue_,_blueDark_r,,_blue_,_brownDark_r,,,_blue_,_blue_,,,,,,,,_blue_,_blue_,,,,,,,_blue_,_blueDark_r,,,,
-6840,,,_brown_r,,_blue_,,,,,_brownDark_r,_blueDark_r,_blue_,_blue_,,,_blueDark_r,,,,,,,,,,_blue_,_brownDark_r,_blue_,_blue_,,,_blue_,_brownDark_r,_blueDark_r,_blue_,,_blue_,_brownDark_r,,,_blue_,_blue_,,,,,,,,_blue_,_blue_,,,,,,,_blueDark_r,_blueDark_r,,,,
-6780,,,_brown_r,,_blue_,,,,,_pink_,_blue_,_pinkDark_,_blue_,,,_brown_r,,,,,,,,,,_blue_,_brownDark_r,_blue_,_blue_,,,_blue_,_blue_,_blue_,_blue_,,_blue_,_blueDark_r,,,_blueDark_g,_blue_,,,,,,,,_blueDark_r,_blue_,,,,,,,_blue_,_blue_,,,,
-6720,,,_brown_r,,_blue_,_blue_,_pinkDark_,_pink_,_blueDark_r,_blue_,_blueDark_r,_pink_,_blue_,,,_brown_r,,,,,,,,,,_blue_,_brownDark_r,_blue_,_blue_,,,_blue_,_blueDark_r,_blueDark_r,_blue_,,_blue_,_blue_,,,_blue_,_blue_,,,,,,,,_blueDark_r,_blue_,,,,,,,_blue_,_blue_,,,,
-6660,,,_brownDark_r,,_blueDark_r,_blue_,_blue_,_blue_,_blue_,_blue_,_blueDark_r,_pink_,_blue_,,,_blueDark_r,,,,,,,,,,_blue_,_brownDark_r,_blue_,_blue_,,,_blue_,_brownDark_r,_brownDark_r,_blue_,,_blue_,_blue_,,,_blue_,_pink_,,,,,,,,_blueDark_r,_blue_,,,,,,,_blue_,_blue_,,,,
-6600,,,_brownDark_r,,_blue_,_blueDark_r,_blue_,_blue_,_blueDark_r,_blueDark_r,_blueDark_r,_blue_,_blue_,,,_blueDark_r,,,,,,,,,,_pink_,_brownDark_r,_blueDark_g,_blue_,,,_blueDark_r,_brownDark_r,_blue_,_blue_,,_blue_,_blue_,,,_blue_,_pink_,,,,,,,,_brown_r,_blueDark_r,,,_blue_,_blueDark_r,,,_blue_,_brownDark_r,,,,
-6540,,,_brownDark_r,_brownDark_r,_blue_,_blue_,_blue_,_blueDark_r,_blueDark_r,_blueDark_r,_brownDark_r,_blue_,_blueDark_r,,,_blue_,,,,,,,,,,_blue_,_blueDark_r,_blue_,_brownDark_r,,,_blue_,_brownDark_r,_blue_,_blue_,,_blue_,_blue_,,,_brownDark_r,_blueDark_g,,,,,,,,_brownDark_r,_blueDark_r,,,_blue_,_blueDark_r,,,_blue_,_blueDark_r,,,,
-6480,,,_brownDark_r,_blue_,_blueDark_r,_blueDark_r,_blue_,_blueDark_r,_blueDark_r,_blue_,_brownDark_r,_brownDark_r,_blue_,,,_blue_,,,,,,,,,,_blue_,_brownDark_r,_blue_,_brown_r,,,_blue_,_blueDark_r,_blueDark_r,_blue_,,_blue_,_blue_,,,_blueDark_r,_pink_,,,,,,,,_brown_r,_blue_,,,_blueDark_r,_blueDark_r,,,_blue_,_blue_,,,,
-6420,,,_brownDark_r,_blueDark_r,_blueDark_r,_blueDark_r,_blueDark_r,_blue_,_pink_,_blue_,_blueDark_r,_blueDark_r,_blue_,,,_brownDark_r,,,,,,,,,,_blue_,_brownDark_r,_blue_,_brown_r,,,_blueDark_r,_pink_,_blue_,_blue_,,_blue_,_blue_,,,_blueDark_g,_blue_,,,,,,,,_brown_r,_blue_,,,_blue_,_blueDark_r,,,_blue_,_blue_,,,,
-6360,,,_brownDark_r,_brownDark_r,_blue_,_blue_,_blueDark_r,_blue_,_blueDark_r,_blue_,_blue_,_blue_,_blue_,,,_blueDark_r,,,,,,,,,,_pink_,_brown_r,_blue_,_blueDark_r,,,_blue_,_brownDark_r,_blueDark_r,_blue_,,_blue_,_blue_,,,_blue_,_brownDark_r,,,,,,,,_brown_r,_blue_,,,_brownDark_r,_blueDark_r,,,_blue_,_blue_,,,,
-6300,,,_brownDark_r,_blueDark_r,_blue_,_blue_,_blueDark_r,_blue_,_blueDark_r,_blueDark_g,_blueDark_r,_blueDark_g,_blueDark_r,,,_blue_,,,,,,,,,,_blue_,_brownDark_r,_blueDark_r,_brownDark_r,,,_blueDark_r,_brownDark_r,_blue_,_blue_,,_blue_,_blue_,,,_blue_,_blue_,,,,,,,,_brown_r,_blueDark_r,,,_brown_r,_blue_,,,_blueDark_r,_blue_,,,,
-6240,,,_brownDark_r,_blue_,_blue_,_blueDark_r,_blue_,_blueDark_r,_blueDark_r,_blue_,_pink_,_pink_,_blue_,,,_blueDark_r,,,,,,,,,,_blue_,_brownDark_r,_blue_,_blueDark_r,,,_blue_,_brownDark_r,_blue_,_blue_,,_blue_,_blue_,,,_blue_,_blueDark_r,,,,,,,,_brown_r,_blue_,,,_brownDark_r,_blue_,,,_blue_,_blue_,,,,
-6180,,,_brownDark_r,_brownDark_r,_brownDark_r,_blueDark_r,_blue_,_blue_,_blue_,_blue_,_blueDark_r,_pinkDark_,_brownDark_r,,,_blue_,,,,,,,,,,_blueDark_r,_blueDark_r,_blueDark_r,_blueDark_r,,,_blueDark_r,_blueDark_r,_blue_,_blue_,,_blueDark_r,_blue_,,,_blueDark_r,_pink_,,,,,,,,_brownDark_r,_blueDark_r,,,_brownDark_r,_blue_,,,_blueDark_r,_blueDark_r,,,,
-6120,,,_brownDark_r,_blueDark_r,_blueDark_r,_brownDark_r,_blue_,_blue_,_blueDark_r,_blue_,_blue_,_pink_,_brownDark_r,,,_blueDark_r,,,,,,,,,,_blueDark_r,_brownDark_r,_blue_,_brownDark_r,,,_blueDark_r,_blueDark_r,_blue_,_blue_,,_blue_,_blue_,,,_blueDark_r,_blueDark_r,,,,,,,,_brown_r,_blueDark_r,,,_brownDark_r,_brownDark_r,,,_brown_r,_blueDark_r,,,,
-6060,,,_brownDark_r,_blueDark_r,_blueDark_r,_blueDark_r,_blue_,_blue_,_pink_,_blue_,_blueDark_r,_blueDark_r,_blueDark_r,,,_blueDark_r,,,,,,,,,,_blue_,_blueDark_r,_blue_,_brownDark_r,,,_blue_,_brown_r,_blue_,_blueDark_r,,_blue_,_blue_,,,_blueDark_r,_brownDark_r,,,,,,,,_blueDark_r,_blue_,,,_blueDark_r,_brownDark_r,,,_blueDark_r,_blue_,,,_blueDark_r,_blue_
-6000,,,_brownDark_r,_blue_,_blueDark_r,_blueDark_r,_blue_,_blue_,_blue_,_blue_,_blueDark_r,_blueDark_r,,,,_blueDark_r,,,,,,,,,,_blue_,_blueDark_r,_blue_,_blue_,,,_blue_,_blueDark_r,_blueDark_r,,,_blue_,_blue_,,,_blueDark_r,_pink_,,,,,,,,_brown_r,_blue_,,,_blueDark_r,_brownDark_r,,,_blue_,_blueDark_r,,,_brownDark_r,_blue_
-5940,,,_brownDark_r,_brownDark_r,_blue_,_brownDark_r,_blue_,_blue_,_blueDark_r,_blue_,_blue_,_blueDark_r,,,,_brown_r,,,,,,,,,,_blue_,_blueDark_r,_blue_,_blue_,,,_blue_,_blue_,_blue_,,,_blue_,_blue_,,,_blue_,_pink_,,,,,,,,_brown_r,_blue_,,,_blue_,_brownDark_r,,,_blue_,_blueDark_r,,,_brownDark_r,_blue_
-5880,,,_brownDark_r,_blueDark_r,_blue_,_blueDark_r,_blue_,_blue_,_blueDark_r,_blueDark_r,_blueDark_r,_pinkDark_,,,,_brown_r,,,,,,,,,,_blue_,_blue_,_blueDark_r,_blueDark_r,,,_blue_,_brown_r,_blueDark_r,,,_blue_,_blue_,,,_blue_,_blueDark_r,,,,,,,,_brown_r,_blue_,,,_blue_,_brownDark_r,,,_blueDark_r,_blueDark_r,,,_blueDark_r,_blueDark_r
-5820,,,_brownDark_r,_brownDark_r,_blue_,_blueDark_r,_blue_,_blue_,_blueDark_r,_blueDark_r,_blueDark_g,_blueDark_r,,,,_brown_r,,,,,,,,_blueDark_r,_blue_,_blue_,_blueDark_r,_blue_,_blue_,,,_blue_,_pink_,_blueDark_r,,,_blue_,_blue_,,,_blue_,_blueDark_g,,,,,,,,_blueDark_r,_blue_,,,_blue_,_blueDark_r,,,_blueDark_r,_blue_,,,_blue_,_blueDark_r
-5760,,,_blueDark_r,_blue_,_blue_,_blueDark_r,_blue_,_blue_,_blueDark_r,_blueDark_r,_blue_,_blue_,,,,_brown_r,,,,,,,,_blueDark_g,_blue_,_blue_,_brownDark_r,_blue_,_blueDark_r,,,_blueDark_r,_brownDark_r,_blueDark_r,,,_blue_,_blue_,,,_brownDark_g,_brownDark_r,,,,,,,,_blue_,_blue_,,,_blueDark_r,_blueDark_r,,,_blueDark_r,_blueDark_r,,,_blueDark_r,_blueDark_r
-5700,,,_blueDark_r,_brownDark_r,_blue_,_blue_,_blue_,_brownDark_r,_blue_,_blue_,_blue_,_blue_,,,,_brown_r,,,,,,,,_blueDark_g,_blue_,_blue_,_brown_r,_blue_,_blue_,,,_blue_,_brownDark_r,_blue_,,,_blueDark_r,_blue_,,,_pink_,_blueDark_r,,,,,,,,_blueDark_r,_blue_,,,_pink_,_blueDark_r,,,_blue_,_blueDark_r,,,_blue_,_blue_
-5640,,,_pink_,_blueDark_r,_blue_,_blueDark_r,_blue_,_blue_,_blue_,_blueDark_g,_blueDark_r,_blueDark_r,,,,_brown_r,,,,,,,,_blue_,_blue_,_blueDark_r,_blueDark_r,_blue_,_blue_,,,_blue_,_blue_,_pink_,,,_blue_,_blue_,,,_blueDark_r,_blueDark_g,,,,,,,,_blueDark_r,_blue_,,,_blueDark_r,_blueDark_r,,,_blue_,_blue_,,,_blue_,_blue_
-5580,,,_brownDark_r,_blueDark_r,_blue_,_blue_,_blue_,_brownDark_r,_blue_,_blue_,_blueDark_r,_pink_,,,,_brown_r,,,,,,,,_blue_,_brownDark_r,_blueDark_r,_blue_,_blue_,_blueDark_r,,,_blue_,_brownDark_r,_blue_,,,_blue_,_blue_,,,_blue_,_blueDark_r,,,,,,,,_blueDark_r,_blue_,,,_blueDark_r,_blue_,,,_blueDark_r,_blue_,,,_blue_,_blue_
-5520,,,_brownDark_r,_brownDark_r,_blueDark_r,_blueDark_r,_blueDark_r,_brownDark_r,_blue_,_blue_,_blueDark_r,_blue_,,_blue_,_blue_,_blue_,,,,,,,,_blue_,_blue_,_blue_,_blueDark_r,_blue_,_brown_r,,,_blue_,_blueDark_r,_blue_,,_blue_,_blue_,_blue_,,,_pink_,_brownDark_r,,,,,,,,_brownDark_r,_brown_r,,,_brownDark_r,_brownDark_r,,,_blueDark_r,_blue_,,,_blue_,_brown_r
-5460,,,_blueDark_r,_blue_,_blue_,_brown_r,_blueDark_r,_brownDark_r,_blue_,_blue_,_blueDark_r,_blue_,,_blue_,_blue_,_brown_r,,,,,,,,_blueDark_r,_blue_,_blue_,_blue_,_brownDark_r,_blueDark_r,,,_blueDark_r,_brownDark_r,_blueDark_r,,_blueDark_r,_blue_,_blue_,,,_brownDark_r,_blue_,,,,,,,,_blue_,_blueDark_r,,,_blueDark_r,_blueDark_r,,,_blue_,_blue_,,,_blue_,_blue_
-5400,,,_brownDark_r,_blueDark_r,_blue_,_blueDark_r,_blueDark_r,_brownDark_r,_blueDark_r,_blue_,_blueDark_r,_blue_,,_blue_,_brownDark_r,_brownDark_r,,,,,,,,_brownDark_r,_blueDark_r,_blue_,_blue_,_blue_,_blue_,,,_blueDark_r,_brownDark_r,_blue_,,_blue_,_blue_,_blue_,,,_blue_,_blue_,,,,,,,,_blueDark_r,_blue_,,,_blue_,_brown_r,,,_blueDark_r,_blue_,,,_blue_,_blue_
-5340,,,_brownDark_r,_blue_,_blue_,_brownDark_r,_blueDark_r,_brownDark_r,_blueDark_r,_blue_,_pinkDark_,_blue_,,_blue_,_blueDark_r,_blueDark_r,,,,,,,,_blueDark_r,_blue_,_brownDark_r,_blueDark_r,_blue_,_blueDark_r,,,_blue_,_blueDark_r,_brown_r,,,_blueDark_r,_blue_,,,_blue_,_blue_,,,,,,,,_brownDark_r,_blueDark_r,,,_blue_,_pink_,,,_blueDark_r,_blue_,,,_blue_,_blue_
-5280,,,_blue_,_blue_,_blue_,_blueDark_r,_blueDark_r,_brown_r,_blue_,_blueDark_r,_brownDark_r,_blue_,,_blue_,_blue_,_blueDark_r,,,,,,,,_blue_,_blueDark_r,_blue_,_brown_r,_blueDark_r,_blueDark_r,,,_blue_,_blue_,_brownDark_r,,_blueDark_g,_blue_,_blue_,,,_blueDark_r,_blueDark_r,,,,,,,,_blue_,_blue_,,,_blueDark_r,_blue_,,,_brownDark_r,_blueDark_r,,,_blue_,_blue_
-5220,,,_blueDark_r,_blue_,_blueDark_r,_brown_r,_blueDark_r,_blueDark_r,_blue_,_blue_,_blue_,_blue_,,_blueDark_g,_blue_,_pink_,,,,,,,,_blueDark_r,_blue_,_blueDark_r,_blue_,_blue_,,,,_blue_,_brownDark_r,_blueDark_r,,_blueDark_g,_blue_,_blue_,,,_blueDark_r,_blue_,,,,,,,,_brown_r,_blueDark_r,,,_blueDark_r,_blueDark_r,,,_blueDark_r,_blue_,,,_blue_,_blue_
-5160,,,_blueDark_r,_blue_,_blueDark_r,_brown_r,_blueDark_r,_blue_,_blue_,_blue_,_blueDark_r,_blueDark_r,,_blueDark_r,_blue_,_blue_,,,,,,,,_blue_,_blue_,_blue_,_blue_,_blue_,_brownDark_r,,,_blue_,_blueDark_r,_blueDark_r,,_brownDark_r,_brown_r,_blue_,,,_brownDark_r,_blue_,,,,,,,,_blueDark_r,_brown_r,_blue_,_pinkDark_,_brownDark_r,_brown_r,_blueDark_r,_blue_,_blue_,_brown_r,,,_brownDark_r,_blue_
-5100,,,_blueDark_r,_blueDark_r,_blue_,_brownDark_r,_blue_,_blue_,_blue_,_blueDark_r,_blue_,_blue_,,_blue_,_blue_,_blue_,,,,,,,,_blue_,_brownDark_r,_blue_,_brown_r,_blue_,_blue_,,,_blueDark_r,_brownDark_r,_blueDark_r,,_brown_r,_blueDark_r,_blue_,,,_blueDark_r,_brownDark_r,,,,,,,,_pinkDark_,_brownDark_r,_blue_,_blueDark_r,_brown_r,_brown_r,_blueDark_r,_blue_,_blueDark_r,_brown_r,,,_blueDark_r,_blue_
-5040,,,_brownDark_r,_blue_,_blue_,_blueDark_r,_blue_,_blue_,_blueDark_r,_blue_,_blueDark_r,_blue_,,_blue_,_blue_,_brownDark_r,,,,,,,,_blue_,_blue_,_blue_,_blue_,_blue_,_brown_r,,,_blue_,_blueDark_r,_blue_,,_blue_,_blueDark_r,_blue_,,,_blue_,_blue_,,,,,,,,_brownDark_r,_blueDark_r,_blueDark_r,_brownDark_r,_blueDark_r,_brownDark_r,_pink_,_blue_,_blue_,_blueDark_r,,,_blue_,_blue_
-4980,,,_blueDark_r,_blueDark_r,_blue_,_blueDark_r,_blue_,_blue_,_blueDark_r,_blue_,_blue_,_blueDark_r,,_blueDark_r,_blue_,_brown_r,,,,,,,,_blue_,_brownDark_r,_blue_,_blue_,_blue_,_brown_r,,,_blue_,_blue_,_blue_,,_blue_,_blue_,_blue_,,,_blue_,_blue_,,,,,,,,_blueDark_r,_blue_,_blue_,_brownDark_r,_brownDark_r,_blueDark_r,_blue_,_blueDark_r,_blue_,_blue_,,,_blue_,_blue_
-4920,,,_blueDark_r,_blueDark_r,_blueDark_r,_blue_,_blue_,_brown_r,_blue_,_blueDark_r,_blue_,_blueDark_r,,_blueDark_r,_blueDark_r,_brown_r,,,,,,,,_blue_,_blue_,_blue_,_blueDark_r,_blue_,_brownDark_r,,,_blue_,_blueDark_r,_blue_,,_blue_,_blueDark_r,_blue_,,,_blueDark_g,_blue_,,,,,,,,_blueDark_r,_blue_,_blue_,_brownDark_r,_brownDark_r,_blue_,_blue_,_blueDark_g,_blue_,_blue_,,,_blueDark_r,_blue_
-4860,,,_blueDark_r,_brownDark_r,_blue_,_blue_,_blue_,_blue_,_blueDark_r,_brownDark_r,_blue_,_blue_,,_blueDark_r,_blueDark_r,_brown_r,,,,,,,,_blue_,_blue_,_blueDark_r,_blue_,_blue_,_blue_,,,_blue_,_pink_,_blue_,,_blue_,_blue_,_blueDark_r,,,_blue_,_blue_,,,,,,,,_brown_r,_blue_,_blue_,_brownDark_r,_brownDark_r,_blueDark_r,_blue_,_blue_,_blueDark_r,_blue_,,,_blue_,_brown_r
-4800,,,_blueDark_r,_blueDark_r,_brown_r,_blue_,_blue_,_blueDark_r,_blue_,_brownDark_r,_blue_,_blue_,,_blue_,_blue_,_blue_,,,,,,,,_blue_,_blue_,_blueDark_r,_blue_,_blue_,_blueDark_r,,,_brownDark_r,_pink_,_blue_,,_blue_,_blue_,_blueDark_r,,,_blue_,_blueDark_r,,,,,,_blue_,_brown_r,_blueDark_r,_blue_,_blue_,_brownDark_r,_brownDark_r,_blue_,_blueDark_r,_brownDark_r,_blueDark_r,_blue_,,,_blueDark_r,_brown_r
-4740,,,_brownDark_r,_blueDark_r,_brownDark_r,_brownDark_r,_blue_,_blueDark_r,_blue_,_blueDark_r,_blue_,_pink_,,_blueDark_r,_blue_,_pink_,,,,,,,,_blue_,_blue_,_blueDark_r,_blue_,_brownDark_r,_blue_,,,_blueDark_r,_blueDark_r,_blue_,,_blueDark_r,_blue_,_blueDark_r,,,_blue_,_pink_,,,,,,_pinkDark_,_pinkDark_,_blueDark_r,_blueDark_r,_blue_,_brownDark_r,_brownDark_r,_blue_,_blueDark_r,_brownDark_r,_blueDark_r,_blue_,,,_blue_,_blue_
-4680,,,_brownDark_r,_blueDark_r,_blue_,_brownDark_r,_blue_,_blue_,_blueDark_r,_blueDark_g,_blue_,_blue_,,_blue_,_blueDark_r,_blueDark_r,,,,,,,,_blue_,_blue_,_blue_,_blue_,_blue_,_blue_,,,_blue_,_blueDark_r,_blueDark_r,,_brown_r,_blue_,_blue_,,,_blueDark_r,_pink_,,,,,,_blueDark_r,_blueDark_r,_brown_r,_brown_r,_blue_,_brownDark_r,_brownDark_r,_blue_,_blue_,_blue_,_blue_,_blue_,,,_blue_,_blue_
-4620,,,_brownDark_r,_brownDark_r,_blue_,_brownDark_r,_blue_,_blue_,_pink_,_blueDark_r,_blue_,_brownDark_r,,_brownDark_r,_blueDark_r,_pink_,,,,,,,,_brownDark_r,_brownDark_r,_blue_,_blue_,_blue_,_brownDark_r,,,_brownDark_r,_blueDark_r,_brown_r,,_brown_r,_brownDark_r,_blueDark_r,,,_blue_,_brown_r,,,,,,_blueDark_r,_blueDark_r,_blueDark_r,_brown_r,_blue_,_blueDark_r,_brownDark_r,_blue_,_blue_,_blue_,_blue_,_blue_,,,_blue_,_blueDark_r
-4560,,,_brownDark_r,_blueDark_r,_blue_,_brownDark_r,_blueDark_r,_blueDark_r,_blueDark_r,_blueDark_r,_blueDark_r,_brownDark_r,,_blueDark_r,_blue_,_brown_r,,,,,,,,_blue_,_blueDark_r,_blueDark_g,_blue_,_blue_,_blue_,,,_blue_,_blue_,_blue_,,_blueDark_g,_blue_,_blue_,,,_blue_,_brownDark_r,,,,,,_blue_,_pink_,_brown_r,_brown_r,_blue_,_brownDark_r,_blue_,_blueDark_r,_blueDark_r,_blueDark_r,_brownDark_r,_blueDark_r,,,_blue_,_blue_
-4500,,,_blue_,_blueDark_r,_pink_,_brownDark_r,_blue_,_blueDark_r,_blueDark_r,_blueDark_r,_blueDark_r,_blue_,,_brownDark_r,_blue_,_pink_,,,,,,,,_blue_,_blue_,_blueDark_r,_blueDark_r,_blue_,_blue_,,,_blueDark_r,_blue_,_blue_,,_blue_,_brownDark_r,_blueDark_r,,,_blue_,_blueDark_r,,,,,,_blueDark_g,_pink_,_brown_r,_brown_r,_blue_,_brownDark_r,_brownDark_r,_blue_,_blue_,_blueDark_r,_blue_,_blueDark_r,,,_blue_,_blue_
-4440,,,_blueDark_r,_blue_,_brownDark_r,_brownDark_r,_blue_,_blueDark_r,_blue_,_blue_,_brownDark_r,_blue_,,_blueDark_r,_blueDark_r,_brown_r,,,,,,,,_blueDark_r,_pink_,_blue_,_blueDark_r,_blue_,_blueDark_r,,,_blue_,_blue_,_blueDark_g,,_blue_,_blueDark_r,_blue_,,,_blue_,_blueDark_r,,,,,,_blueDark_g,_blue_,_blueDark_r,_brownDark_r,_blue_,_brownDark_r,_brownDark_r,_blue_,_blue_,_blue_,_blueDark_r,_blue_,,,_blue_,_blueDark_r
-4380,,,_blue_,_brownDark_r,_brownDark_r,_brownDark_r,_blue_,_blue_,_blueDark_r,_blue_,_blue_,_pinkDark_,,_brown_r,_blue_,_brown_r,,,,,,,,_blue_,_blue_,_blueDark_r,_blueDark_r,_blue_,_brownDark_r,,,_blue_,_blue_,_pink_,,_blue_,_blue_,_blue_,,,_blueDark_r,_blue_,,,,,,_blue_,_pinkDark_,_pink_,_brownDark_r,_blue_,_blueDark_r,_brownDark_r,_blue_,_blueDark_r,_blue_,_brownDark_r,_blueDark_r,,,_blue_,_blueDark_r
-4320,,,_blueDark_r,_blueDark_r,_brownDark_r,_brownDark_r,_blueDark_g,_blue_,_blue_,_blue_,_blue_,_pink_,,_blue_,_blue_,_brown_r,,,,,,,,_blue_,_blueDark_r,_blueDark_r,_brown_r,_brown_r,_blueDark_r,,,_blue_,_blue_,_pink_,,_blueDark_r,_blueDark_r,_blue_,,,_blue_,_blue_,,,,,,_blueDark_g,_pink_,_brown_r,_brownDark_r,_blueDark_r,_blueDark_r,_brownDark_r,_blue_,_blueDark_r,_blueDark_r,_brownDark_r,_blueDark_r,,,_blue_,_blueDark_r
-4260,,,_blueDark_r,_blue_,_brown_r,_brownDark_r,_brownDark_g,_blueDark_r,_pink_,_blue_,_blue_,_blue_,,_blueDark_r,_blue_,_blue_,,,,,,,,_brownDark_r,_blue_,_blue_,_blueDark_r,_brown_r,_blue_,,,_blue_,_blue_,_blue_,,_brownDark_g,_brown_r,_blue_,,,_blue_,_blue_,,,,,,_blue_,_blueDark_g,_blueDark_r,_blueDark_r,_brown_r,_blue_,_brownDark_r,_blueDark_r,_blue_,_blueDark_g,_blueDark_r,_blueDark_r,,,_blue_,_blue_
-4200,,,_blueDark_r,_blue_,_brown_r,_brownDark_r,_blue_,_blueDark_r,_blueDark_r,_blue_,_blue_,_blueDark_r,,_blue_,_pink_,_blue_,,,,,,,,_blueDark_r,_blueDark_r,_blueDark_r,_blue_,_blue_,_blue_,,,_blue_,_blue_,_blueDark_g,,_blue_,_blue_,_blue_,,,_blueDark_r,_blue_,,,,,,_blueDark_g,_blueDark_r,_blueDark_r,_blueDark_r,_blueDark_r,_blue_,_brownDark_r,_blue_,_blue_,_blueDark_r,_blue_,_blueDark_r,,,_blue_,_blue_
-4140,,,_brown_r,_blue_,_brown_r,_blue_,_blue_,_blue_,_blue_,_blueDark_r,_blueDark_r,_blueDark_r,,_blue_,_blue_,_blue_,,,,,,,,_blue_,_blueDark_r,_blueDark_r,_blue_,_blue_,_blue_,,,_blueDark_r,_blue_,_blue_,,_blue_,_blue_,_blue_,,,_blue_,_blueDark_g,,,,,,_blueDark_r,_pinkDark_,_brown_r,_blue_,_blueDark_r,_blueDark_r,_blue_,_blue_,_blueDark_r,_blueDark_r,_blue_,_blue_,,,_blueDark_r,_blue_
-4080,,,_brownDark_r,_blue_,_blue_,_brownDark_r,_blueDark_r,_blue_,_brownDark_r,_blueDark_r,_blue_,_brownDark_r,,_blue_,_brown_r,_blue_,,,,,,,,_blue_,_brown_r,_blue_,_blue_,_blue_,_brown_r,,,_blue_,_blue_,_blue_,,_pink_,_blue_,_blue_,,,_blueDark_r,_blueDark_r,,,,,,_blue_,_blueDark_r,_brown_r,_blueDark_r,_blue_,_blue_,_blueDark_r,_blue_,_blueDark_r,_blueDark_r,_blue_,_pink_,,,_brownDark_r,_blue_
-4020,,,_brownDark_r,_blue_,_brownDark_r,_brownDark_r,_blue_,_blue_,_blueDark_r,_blueDark_r,_blue_,_blue_,,_blueDark_r,_blue_,_blue_,,,,,,_blue_,_blueDark_r,_blue_,_brown_r,_blue_,_blue_,_blue_,_blue_,,,_blue_,_blue_,_blueDark_r,,_blue_,_blue_,_blue_,,,_blueDark_r,_blue_,,,,,,_pink_,_brown_r,_brown_r,_brown_r,_blue_,_blue_,_blueDark_r,_blue_,_blue_,_blue_,_blue_,_blueDark_r,,,_blueDark_r,_blue_
-3960,,,_brownDark_r,_blueDark_r,_blue_,_blueDark_r,_blue_,_blue_,_blue_,_blue_,_blue_,_blue_,,_blueDark_r,_blue_,_blueDark_r,,,,,,_blue_,_brownDark_r,_brown_r,_blueDark_r,_blue_,_blue_,_blue_,_blueDark_r,,,_blue_,_blue_,_blueDark_r,,_blue_,_blue_,_blue_,,,_blue_,_blue_,,,,,,_pinkDark_,_blue_,_blueDark_r,_blueDark_r,_blue_,_blue_,_blueDark_r,_blueDark_r,_blue_,_blueDark_r,_blueDark_r,_blue_,,,_blue_,_blue_
-3900,,,_blueDark_r,_blueDark_r,_blue_,_brownDark_r,_blue_,_blue_,_blue_,_blue_,_blue_,_blue_,,_blue_,_blue_,_blue_,,,,,,_blueDark_g,_brownDark_r,_blue_,_blueDark_r,_blue_,_blue_,_blue_,_blue_,,,_blue_,_blue_,_blue_,,_blue_,_blue_,_blue_,,,_blue_,_pink_,,,,,,_brown_r,_brownDark_r,_brown_r,_blue_,_blueDark_r,_blue_,_brownDark_r,_blue_,_blue_,_brownDark_r,_blueDark_r,_brownDark_r,,,_blue_,_blue_
-3840,,,_brownDark_r,_brownDark_r,_brownDark_r,_blueDark_r,_blueDark_r,_blueDark_r,_blueDark_r,_blueDark_r,_blue_,_blue_,,_blue_,_blue_,_blueDark_r,,,,,,_blue_,_blue_,_blue_,_blueDark_r,_blue_,_blue_,_blue_,_blueDark_r,,,_blueDark_r,_blue_,_blue_,,_blue_,_blue_,_blue_,,,_blue_,_blueDark_g,,,,,,_brown_r,_brownDark_r,_pink_,_blueDark_r,_blue_,_blue_,_brownDark_r,_blue_,_blue_,_blueDark_r,_blue_,_brownDark_r,,,_blue_,_blue_
-3780,,,_brownDark_r,_blueDark_r,_pink_,_blueDark_r,_blueDark_r,_blue_,_brownDark_r,_blue_,_blueDark_r,_blue_,,_blue_,_brownDark_r,_pink_,,,,,,_blue_,_blue_,_blue_,_brown_r,_blue_,_blue_,_blueDark_r,_blue_,,,_blue_,_blue_,_blue_,,_blue_,_blue_,_blue_,,,_blue_,_blue_,,,,,,_pinkDark_,_blue_,_brown_r,_blue_,_blue_,_blue_,_blueDark_r,_brownDark_r,_blue_,_blueDark_r,_blueDark_r,_brownDark_r,,,_blue_,_brownDark_r
-3720,,,,_blueDark_r,_blue_,_blueDark_r,_blueDark_r,_blueDark_r,,_blue_,_blueDark_r,_blue_,,_blue_,_pink_,_blueDark_r,,,,,,_brown_r,_blue_,_blue_,_blueDark_r,_blueDark_r,_blue_,_blue_,_blueDark_r,,,_blue_,_blue_,_brownDark_r,,_blueDark_r,_blue_,_blue_,,,_blue_,_blueDark_r,,,,,,_brownDark_r,_blue_,_brown_r,_blue_,_blue_,_blue_,_blueDark_r,_blueDark_r,_blue_,_blueDark_r,_blueDark_r,_blueDark_r,,,_blue_,_blueDark_r
-3660,,,,_blue_,_brown_r,_pink_,_blue_,_blueDark_r,_blue_,_blue_,_blueDark_r,_blue_,,_blue_,_blueDark_r,_blue_,,,,,,_blue_,_blue_,_blue_,_blueDark_r,_blueDark_g,_blue_,_brownDark_r,_pink_,,,_blueDark_g,_blue_,_blue_,,_blue_,_blue_,_blue_,,,_blue_,_blueDark_g,,,,,,_pinkDark_,_blue_,_pinkDark_,_blue_,_blue_,_blue_,_blue_,_blueDark_r,_blue_,_blue_,_brownDark_r,_blueDark_r,,,_blue_,_blueDark_r
-3600,,,,_blue_,_pink_,_blueDark_g,_blueDark_r,_pinkDark_,_blueDark_r,_blue_,_brownDark_r,_blue_,,_blue_,_blue_,_blue_,,,,,,_blue_,_blue_,_blue_,_brownDark_r,_blue_,_blue_,_blue_,_blueDark_r,,,_blueDark_r,_blue_,_blue_,,_blue_,_blue_,_blue_,,,_blue_,_blue_,,,,,,_brownDark_r,_blue_,_brown_r,_blue_,_blue_,_blue_,_blueDark_r,_blueDark_r,_blue_,_blue_,_blueDark_r,_blue_,,,_blueDark_r,_blueDark_r
-3540,,,_brownDark_r,_blue_,_blueDark_r,_brownDark_r,_brownDark_r,_blue_,_blueDark_r,_blueDark_r,_blue_,_blue_,,_blueDark_r,_blue_,_blue_,,,,,,_blue_,_blue_,_blue_,_blue_,_blue_,_blue_,_blue_,_blue_,,,_blue_,_blue_,_blue_,,_blue_,_blue_,_blue_,,,_blue_,_blueDark_g,,,,,,_pinkDark_,_blue_,_brown_r,_blue_,_blue_,_blue_,_brownDark_r,_blueDark_r,_blue_,_pink_,_blue_,_blueDark_r,,,_blueDark_r,_blue_
-3480,,,,_blueDark_r,_blueDark_g,_blueDark_r,_blueDark_r,_blueDark_r,_blue_,_blue_,_blue_,_blue_,,_blue_,_blue_,_blue_,,,,,,_blue_,_blueDark_r,_blue_,_brownDark_r,_blue_,_blue_,_blueDark_r,_blue_,,,_blue_,_blueDark_g,_blueDark_r,,_brown_r,_blue_,_blue_,,,_blue_,_blue_,,,,,,_brownDark_r,_blue_,_brown_r,_blue_,_blue_,_blue_,_blueDark_r,_blueDark_r,_blueDark_r,_brownDark_r,_blueDark_r,_blueDark_r,,,_blue_,_brown_r
-3420,,,,_blue_,_blueDark_r,_brownDark_r,_blueDark_r,_blue_,_blueDark_r,_blue_,_blueDark_r,_blue_,,_blueDark_r,_blue_,_blue_,,_blue_,_blue_,,,_blue_,_brownDark_r,_blueDark_r,_blueDark_r,_blue_,_blue_,_blue_,_blue_,,,_blueDark_g,_blue_,_blue_,,_blueDark_g,_blue_,_blue_,,,_blue_,_blue_,,,,,,_pink_,_blue_,_brown_r,_blueDark_r,_blue_,_blue_,_blueDark_r,_blueDark_r,_blue_,_blueDark_r,_blue_,_blue_,,,_blue_,_brownDark_r
-3360,,,,_brown_r,_blue_,_blueDark_r,_blueDark_r,_blue_,_pink_,_blue_,_blue_,_brownDark_r,,_blueDark_r,_blueDark_r,_blue_,,_blue_,_blueDark_r,,,_blue_,_blueDark_r,_blueDark_r,_blueDark_r,_blue_,_blueDark_r,_blue_,_blue_,,,_blue_,_blue_,_blueDark_r,,_blueDark_r,_blueDark_r,_blueDark_r,,,_blue_,_blue_,,,,,,_brownDark_r,_blue_,_brown_r,_blue_,_blue_,_blue_,_blueDark_r,_blueDark_r,_blue_,_brownDark_r,_blue_,_blue_,,,_blue_,_brownDark_r
-3300,,,,_blue_,_blueDark_g,_blueDark_r,_blue_,_blue_,_blue_,_blue_,_blue_,_blueDark_r,,_blue_,_blueDark_r,_blue_,,_blue_,_blue_,,,_blue_,_brownDark_r,_blue_,_blue_,_blue_,_brownDark_r,_brown_r,_brownDark_r,,,_blue_,_blue_,_blue_,,_brownDark_g,_blue_,_blue_,,,_blue_,_blue_,,,,,,_brown_r,_blue_,_brown_r,_blue_,_blue_,_blue_,_blue_,_blue_,_blue_,_brownDark_r,_blue_,_blue_,,,_blue_,_brownDark_r
-3240,,,,_blue_,_pink_,_blueDark_r,_blue_,_blueDark_r,_blue_,_blueDark_r,_blueDark_r,_blueDark_r,,_blue_,_blue_,_blue_,,_blue_,_blue_,,,_blue_,_brownDark_r,_brownDark_r,_brownDark_r,_blue_,_blue_,_blueDark_r,_brownDark_r,,,_blue_,_blueDark_r,_blueDark_r,,_pink_,_blue_,_blue_,,,_blue_,_blue_,,,,,,_blueDark_r,_blueDark_r,_brown_r,_blue_,_blue_,_blue_,_blueDark_r,_blueDark_r,_blueDark_r,_brownDark_r,_blue_,_blue_,,,_blue_,_blue_
-3180,,,,_blue_,_pink_,_blue_,_blueDark_r,_pink_,_blueDark_r,_blueDark_r,_blueDark_r,_blueDark_r,,_blue_,_blue_,_blue_,,_blueDark_r,_blue_,,,_blue_,_blueDark_r,_blue_,_pink_,_blue_,_blue_,_blueDark_r,_blueDark_r,,,_blueDark_r,_blue_,_blueDark_r,,_blueDark_r,_blueDark_r,_blue_,,,_blue_,_pink_,,,,,,_blueDark_r,_blueDark_r,_brown_r,_blue_,_blue_,_blue_,_blue_,_blueDark_r,_brownDark_r,_brownDark_r,_blueDark_r,_blueDark_r,,,_blue_,_blue_
-3120,,,,,_pink_,_blue_,_pink_,_blue_,_brownDark_r,_blueDark_r,_brownDark_r,_blue_,,_blue_,_blue_,_blue_,,_blue_,_blue_,,,_blue_,_brownDark_r,_blue_,_brownDark_r,_blue_,_blue_,_blue_,_blueDark_r,,,_blue_,_brownDark_r,_pink_,,_blue_,_blue_,_blue_,,,_blue_,_blue_,,,,,,_blueDark_r,_blueDark_g,_brown_r,_blue_,_blueDark_r,_blue_,_blueDark_g,_blue_,_blue_,_brownDark_r,_blue_,_blue_,,,_blueDark_r,_blue_
-3060,,,,,_brownDark_g,_blueDark_r,_blueDark_r,_blue_,_blue_,_blueDark_r,_blue_,_blue_,,_blue_,_blue_,_pink_,,_blue_,_blueDark_r,,,_blueDark_r,_brownDark_r,_brownDark_r,_blue_,_blue_,_blue_,_blue_,_blueDark_r,,,_blueDark_r,_blue_,_blueDark_r,,_blueDark_r,_blue_,_blue_,,,_blue_,_blue_,,,,,,_blue_,_blue_,_brown_r,_blue_,_blueDark_r,_blueDark_r,_blue_,_blue_,_blue_,_blue_,_blue_,_blue_,,,_blue_,_blue_
-3000,,,,,_brown_r,_blueDark_r,_pink_,_blue_,_blueDark_r,_brownDark_r,_blueDark_r,_blue_,,_blue_,_blueDark_r,_blue_,,_blueDark_r,_brownDark_g,,,_blue_,_brownDark_r,_blue_,_blue_,_blue_,_blue_,_blue_,_brown_r,,,_blue_,_blueDark_r,_blue_,,_blue_,_blue_,_blue_,,,_blue_,_blue_,,,,,,_pink_,_blueDark_r,_brown_r,_blue_,_blue_,_pink_,_blue_,_blue_,_blue_,_blue_,_blue_,_blue_,,,_blueDark_r,_blue_
-2940,,,,_blueDark_r,_blue_,_blueDark_r,_blue_,_blue_,_blueDark_r,_blue_,_blueDark_r,_blue_,,_blueDark_r,_blue_,_blueDark_r,,_blue_,_blue_,,,_blue_,_brownDark_r,_blueDark_r,_brownDark_r,_blue_,_blue_,_blue_,_blueDark_r,,,_blue_,_blue_,_blueDark_r,,_brownDark_r,_blue_,_blueDark_r,_pink_,,_blue_,_blue_,,,,,,_blue_,_blueDark_r,_brown_r,_blue_,_blue_,_blue_,_blue_,_blue_,_blue_,_blue_,_blue_,_brownDark_r,,,_blue_,_blue_
-2880,,,,,_brownDark_r,_brownDark_r,_blue_,_blue_,_blue_,_blueDark_r,_blueDark_r,_blueDark_g,,_blueDark_r,_blue_,_blue_,,_blueDark_r,_blue_,,,_brown_r,_brownDark_r,_blueDark_r,_brownDark_r,_blue_,_blueDark_r,_blue_,_brownDark_r,,,_blue_,_blue_,_blue_,,_blue_,_blue_,_blue_,_blueDark_r,,_blue_,_blue_,,,,,,_pink_,_brownDark_r,_brown_r,_blue_,_blue_,_blue_,_blue_,_blue_,_blueDark_r,_blue_,_blue_,_brownDark_r,,,_blue_,_blue_
-2820,,,,_blue_,_blueDark_r,_blue_,_blue_,_blue_,_blueDark_r,_blueDark_g,_blueDark_r,_blue_,,_blue_,_blue_,_blueDark_r,,_blue_,_blue_,,,_blue_,_brownDark_r,_brownDark_r,_brownDark_r,_blue_,_blue_,_blueDark_r,_brown_r,,,_blue_,_blueDark_r,_blue_,,_blue_,_blue_,_blue_,_blueDark_r,,_blue_,_blue_,,,,,,_pinkDark_,_blue_,_blueDark_r,_blue_,_blue_,_blue_,_blue_,_blue_,_blue_,_blueDark_r,_blue_,_blueDark_r,,,_blueDark_r,_blue_
-2760,,,,_blue_,_blue_,_blueDark_r,_blueDark_r,_blueDark_r,_brownDark_r,_blue_,_blueDark_r,_blueDark_r,,_brown_r,_blueDark_r,_blue_,,_blue_,_blue_,,,_blue_,_brownDark_r,_brownDark_r,_blueDark_r,_blue_,_blueDark_r,_brownDark_r,_blueDark_r,,,_blue_,_blue_,_blue_,,_blueDark_r,_blue_,_brownDark_r,_pinkDark_,,_blue_,_blueDark_r,,,,,,_pink_,_pink_,_blue_,_blue_,_blue_,_blue_,_blue_,_blue_,_blue_,_blueDark_r,_blueDark_r,_brownDark_r,,,_blue_,_blue_
-2700,,,,_blue_,_brown_r,_blue_,_blue_,_blue_,_blue_,_blueDark_r,_blue_,_blue_,,_blueDark_r,_blueDark_r,_brown_r,,_blue_,_blueDark_r,,,_blue_,_blueDark_r,_blueDark_r,_blue_,_blue_,_blueDark_r,_blueDark_r,_brown_r,,,_brownDark_r,_blue_,_blue_,,_brownDark_r,_blueDark_r,_brownDark_r,_brownDark_r,,_blue_,_blueDark_r,,,,,,_pink_,_blue_,_blue_,_blue_,_blueDark_r,_blueDark_g,_blue_,_blue_,_blue_,_blue_,_blue_,_blueDark_r,,,_blue_,_blue_
-2640,,,,_blue_,_blue_,_blue_,_blue_,_blue_,_brown_r,_blue_,_blue_,_blueDark_g,,_blueDark_r,_brown_r,_blueDark_r,,_blue_,_brownDark_g,,,_blue_,_brownDark_r,_brownDark_r,_blueDark_r,_blueDark_g,_blue_,_brownDark_r,_blue_,,,_blueDark_r,_blue_,_blue_,,_blueDark_r,_brownDark_r,_brownDark_r,_blue_,,_blue_,_blueDark_r,,,,,,_blueDark_r,_blue_,_pink_,_blue_,_blue_,_blue_,_blue_,_pink_,_blue_,_blueDark_r,_blue_,_blue_,,,_blue_,_blue_
-2580,,,,_blue_,_blue_,_blueDark_r,_blueDark_r,_blue_,_blueDark_r,_brown_r,_blue_,_blue_,,_blue_,_blue_,_blueDark_r,,_blueDark_g,_brown_r,,,_blue_,_blue_,_blueDark_r,_blue_,_blue_,_blueDark_r,_blue_,_blue_,,,_blue_,_blue_,_blueDark_r,,_brownDark_r,_blueDark_r,_brownDark_r,_blueDark_r,,_blue_,_blueDark_r,,,,,,_blue_,_blue_,_blueDark_r,_blue_,_blue_,_blue_,_blue_,_blueDark_g,_blue_,_blueDark_r,_blue_,_blue_,,,_blue_,_blue_
-2520,,,,_blue_,_blue_,_brownDark_r,_blueDark_g,_blue_,_blue_,_brown_r,_brownDark_r,_blue_,,_blue_,_blue_,_blue_,,_blue_,_brown_r,,,_blue_,_brownDark_r,_blueDark_r,_blue_,_blue_,_blueDark_r,_blueDark_r,_blue_,,,_blue_,_blue_,_blue_,,_pink_,_blueDark_r,_brownDark_r,_brown_r,,_blue_,_blueDark_r,,,,,,_blue_,_blueDark_r,_pink_,_blue_,_blueDark_r,_blueDark_r,_blue_,_blueDark_r,_blue_,_blueDark_r,_blue_,_blue_,,,_blue_,_blue_
-2460,,,,,_blue_,_blue_,_blueDark_r,_brown_r,_brown_g,_blue_,_blue_,_blue_,,_blue_,_blue_,_blue_,,_blue_,_pink_,,,_blue_,_blueDark_r,_blue_,_brown_r,_blue_,_blueDark_r,_blue_,_brown_r,,,_pink_,_blue_,_blue_,,_blueDark_g,_pink_,_blueDark_r,_blue_,,_blue_,_blue_,,,,,,_blue_,_blue_,_blue_,_blue_,_blue_,_blue_,_blueDark_g,_blueDark_r,_blue_,_brownDark_r,_blue_,_brownDark_r,,,_blue_,_blue_
-2400,,,,,_brownDark_r,_blueDark_r,_blue_,_pink_,_blueDark_r,_blueDark_r,_blue_,_blue_,,_blue_,_blueDark_r,_pink_,,_blue_,_pinkDark_,,,_blue_,_brownDark_r,_blueDark_r,_blueDark_r,_blue_,_blueDark_r,_blue_,_blue_,,,_blueDark_r,_blue_,_blue_,,_blueDark_r,_blueDark_r,_blue_,_blueDark_g,,_blue_,_brown_r,,,,,,_blue_,_blue_,_blueDark_r,_blue_,_blue_,_blue_,_blueDark_r,_blue_,_blue_,_blueDark_r,_blue_,_blue_,,,_blue_,_blue_
-2340,,,,,_brown_g,_blueDark_r,_blue_,_brownDark_r,_pink_,_blueDark_r,_pink_,_blueDark_r,,_blue_,_blueDark_r,,,_blueDark_r,_pinkDark_,,,_blue_,_blue_,_brownDark_r,_blue_,_blue_,_blue_,_blueDark_r,_pink_,,,_blue_,_blueDark_r,_blue_,,_blueDark_r,_brownDark_r,_blue_,_blue_,,_blue_,_blue_,,,,,,_blueDark_r,_brown_r,_blueDark_r,_blueDark_r,_blue_,_blue_,_blueDark_r,_blue_,_blue_,_blueDark_r,_blue_,_blue_,,,_blue_,_blue_
-2280,,,,_blue_,_blue_,_blue_,_blue_,_blue_,_blue_,_blue_,_blue_,,,_blue_,_blue_,_blue_,,_brownDark_r,_pink_,,,_blue_,_blue_,_blueDark_r,_blue_,_blue_,_blue_,_blueDark_r,_brownDark_r,,,_blue_,_blue_,_blueDark_r,,_blueDark_r,_blue_,_blue_,_blueDark_r,,_blue_,_blue_,,,,,,_blue_,_blue_,_blueDark_r,_blue_,_blueDark_r,_blue_,_blue_,_blue_,_blue_,_blue_,_blue_,_blue_,,,_blue_,_blue_
-2220,,,,_blue_,_blueDark_g,,_blue_,_blue_,_blueDark_r,_blueDark_r,_blue_,,,_blue_,_blue_,_blue_,,_blueDark_g,_brown_r,,,_brown_r,_blue_,_blueDark_r,_blue_,_blue_,_blue_,_blueDark_r,_blue_,,,_blue_,_blueDark_r,_blue_,,_blueDark_r,_blueDark_r,_blue_,_blueDark_r,_blueDark_r,_blue_,_brownDark_r,,,,,,_pinkDark_,_blue_,_blueDark_r,_blue_,_brownDark_r,_blueDark_r,_blue_,_blueDark_r,_blue_,_brownDark_r,_blue_,_blueDark_r,,,_blue_,_blue_
-2160,,,,_blue_,_pinkDark_,_blue_,_blue_,_pink_,_blueDark_r,_blueDark_r,_blue_,,,_blue_,_blueDark_r,_blue_,,_blue_,_brown_r,,,_brownDark_r,_blue_,_blue_,_blue_,_blue_,_blueDark_r,_blueDark_g,_blue_,,,_pink_,_blue_,_blueDark_r,,_brownDark_r,_blue_,_blue_,_blueDark_r,_blueDark_r,_blue_,_blue_,,,,,,_pinkDark_,_brownDark_r,_blueDark_r,_blueDark_r,_blueDark_r,_blueDark_r,_blue_,_blueDark_r,_blue_,_blue_,_blue_,_blue_,,,_blue_,_blueDark_r
-2100,,,,_blueDark_r,_brownDark_r,_blue_,_blue_,_blue_,_blue_,_brownDark_r,_blue_,,,_blue_,_blue_,_brown_r,,_blue_,_brown_r,,,_blue_,_blueDark_r,_brownDark_r,_pinkDark_,_blueDark_r,_blue_,_blue_,_blueDark_r,,,_blueDark_g,_blue_,_blue_,,_brownDark_r,_brownDark_r,_blue_,_blue_,_blue_,_blueDark_r,_blue_,,,,,,_brown_r,_blueDark_g,_blueDark_r,_blue_,_blue_,_blueDark_r,_blueDark_r,_brownDark_r,_blue_,_brownDark_r,_blue_,_blue_,,,_blue_,_blue_
-2040,,,,_blueDark_r,_blueDark_r,_blue_,_blue_,_blue_,_blue_,_brownDark_r,_blue_,,,_blueDark_r,_blue_,_pink_,,_blue_,_brownDark_r,,,_blue_,_blue_,_blue_,_blueDark_r,_blueDark_r,_blueDark_r,_blueDark_r,_blueDark_r,,,_blue_,_blueDark_r,_blue_,,_blue_,_blueDark_r,_blue_,_blueDark_r,_blueDark_r,_brownDark_r,_brownDark_r,,,,,,_brownDark_r,_blueDark_r,_blueDark_r,_blueDark_r,_blue_,_blueDark_r,_blue_,_brownDark_r,_blue_,_blue_,_blueDark_r,_blue_,,,_brownDark_r,_blue_
-1980,,,,_blue_,_blue_,_blueDark_r,_brown_r,_pink_,_blue_,_blueDark_r,_brownDark_r,,,_blue_,_blue_,_blue_,,_blueDark_r,_blueDark_r,,,_blue_,_brownDark_r,_blue_,_blue_,_blue_,_blueDark_r,_blue_,_blue_,,,_blue_,_blueDark_r,_blue_,,_brownDark_r,_blue_,_blueDark_r,_pink_,_blue_,_brown_r,_blue_,,,,,,_brownDark_r,_blueDark_r,_pink_,_blueDark_r,_blue_,_pink_,_blue_,_brownDark_r,_blue_,_blueDark_r,_blueDark_r,_blueDark_r,,,_brownDark_r,_blueDark_r
-1920,,,,_brown_r,_blueDark_r,_blueDark_r,_blueDark_r,_blue_,_blue_,_blue_,_brownDark_r,,,_blueDark_r,_brownDark_r,_blue_,,_blue_,_blueDark_g,,,_blue_,_brownDark_r,_blue_,_blue_,_blue_,_blue_,_blue_,_blue_,,,_blue_,_blue_,_blueDark_g,,_blueDark_r,_blueDark_r,_blue_,_blue_,_blue_,_blueDark_r,_blue_,,,,,,_pink_,_blue_,_blueDark_r,_blueDark_r,_blue_,_blueDark_r,_blue_,_blueDark_r,_blueDark_r,_blueDark_r,_blue_,_blueDark_r,,,_blue_,_brown_r
-1860,,,,_blueDark_r,_blue_,_blue_,_brownDark_r,_blue_,_blueDark_r,_brown_r,_blueDark_r,,,_blue_,_brownDark_r,_brown_r,,_brownDark_r,_pinkDark_,,,_blue_,_blueDark_r,_blueDark_r,_brown_r,_blue_,_blue_,_blueDark_r,,,,_blue_,_blue_,_blueDark_r,,_blue_,_blueDark_r,_blue_,_blueDark_r,_brownDark_r,_blue_,_brownDark_r,,,,,,_brown_r,_blue_,_brown_r,_blueDark_r,_blue_,_blue_,_blue_,_blueDark_r,_blueDark_r,_blueDark_r,_blueDark_r,_blue_,,,_blue_,_blue_
-1800,,,,_blueDark_r,_blue_,_blueDark_r,_blueDark_r,_blue_,_blue_,_blueDark_r,_blueDark_r,,,_blue_,_blue_,_brown_r,,_blueDark_r,_pink_,,,_blue_,_brownDark_r,_blue_,_pink_,_blue_,_blue_,_blue_,_blue_,,,_blue_,_blue_,_blueDark_r,,_brownDark_r,_blueDark_r,_blue_,_blue_,_blueDark_r,_blueDark_r,_blue_,,,,,,_brownDark_r,_blue_,_brown_r,_blueDark_r,_blueDark_r,_blue_,_blue_,_blue_,_blueDark_r,_blueDark_r,_brownDark_r,_blueDark_r,,,_blue_,_blue_
-1740,,,,_blue_,_blue_,_pink_,_blue_,_blue_,_blue_,_blueDark_r,_blueDark_r,,,_blue_,_blueDark_r,_blueDark_r,,_brown_r,_blueDark_r,,,_blue_,_brown_r,_blueDark_r,_blueDark_r,_blue_,_blue_,_blue_,_blueDark_r,,,_blue_,_blue_,_blueDark_r,,_pink_,_blue_,_blue_,_blueDark_r,_blue_,_blue_,_blue_,,,,,,_brownDark_r,_blue_,_brown_r,_brownDark_r,_blue_,_brownDark_r,_blue_,_blue_,_blue_,_blueDark_r,_blueDark_r,_blue_,,,_blue_,_blue_
-1680,_blueDark_r,,,_blue_,_blueDark_r,_blueDark_r,_brownDark_r,_blueDark_r,_pink_,_blue_,_blueDark_r,,,_blue_,_blue_,_blue_,,_pink_,,,,_blue_,_brownDark_r,_blue_,_blue_,_blue_,_blue_,_blue_,_blue_,,,_blue_,_blue_,_blueDark_r,,_blue_,_blue_,_blue_,_blue_,_blueDark_r,_blueDark_r,_blue_,,,,,,_blueDark_r,_blue_,_blueDark_r,_blueDark_r,_blue_,_blueDark_r,_blue_,_blue_,_blue_,_brownDark_r,_blue_,_blue_,,,_blue_,_blue_
-1620,_blueDark_g,,,_blueDark_r,_blueDark_r,_blue_,_brownDark_r,_brown_r,_pink_,_blue_,_pink_,,,_blue_,_blueDark_r,_brown_r,,_brown_r,_brownDark_r,,,_blue_,_brownDark_r,_blueDark_r,_blue_,_blueDark_r,_pink_,_blueDark_r,_blue_,,,_blueDark_r,_blue_,_blue_,,_blue_,_blue_,_brownDark_r,,_blue_,_blue_,_blue_,,,,,,_pink_,_blue_,_brown_r,_blueDark_r,_blue_,_brownDark_r,_blue_,_blue_,_blue_,_blue_,_brownDark_r,_blue_,,,_blue_,_blue_
-1560,_blueDark_r,,,_blueDark_r,_blue_,_blueDark_r,_brownDark_r,_brown_r,,_blue_,_blue_,,,_blue_,_blue_,_brown_r,,_pinkDark_,_pink_,,,_blue_,_blueDark_r,_blue_,_blue_,_blue_,_brownDark_r,_blue_,_blue_,,,_blue_,_blueDark_r,_blue_,,_blueDark_g,_blue_,_blue_,_blueDark_r,_blue_,_blueDark_r,_brown_r,,,,,,_blue_,_blue_,_pink_,_blueDark_r,_blueDark_r,_brownDark_r,_blue_,_blue_,_blueDark_r,_brownDark_r,_blueDark_r,_blueDark_r,,,_blue_,_blueDark_g
-1500,_blue_,_blueDark_r,,_blue_,_blue_,_blueDark_r,_blue_,_blueDark_r,_blue_,_blue_,_blue_,,,_blue_,_blue_,_blueDark_r,,_blueDark_r,_brown_r,,,_blue_,_blueDark_r,_blue_,_blue_,_blueDark_r,_brown_r,_blueDark_r,_brownDark_r,,,_blue_,_pinkDark_,_blue_,,_brownDark_r,_blue_,_blueDark_r,_pink_,_blueDark_r,_blueDark_g,_pinkDark_,,,,,,_brownDark_r,_blue_,_blueDark_r,_blueDark_r,_blue_,_brownDark_r,_blue_,_blue_,_blue_,_brownDark_r,_pink_,_blueDark_r,,,_blue_,_blueDark_r
-1440,_blue_,_blueDark_g,,_blue_,_pinkDark_,_blueDark_r,_blueDark_r,_blueDark_r,_pinkDark_,_blue_,_blueDark_r,,,_blue_,_blue_,_blueDark_r,,_brownDark_r,_brown_r,,,_blue_,_blue_,_blue_,_blueDark_g,_blue_,_brownDark_r,_blueDark_r,_blue_,,,_blue_,_blueDark_r,_blue_,,_brownDark_r,_blue_,_brownDark_r,_blueDark_r,_blue_,_blue_,_pink_,,,,,,_brownDark_r,_blueDark_r,_brown_r,_blue_,_blue_,_blue_,_blue_,_brownDark_r,_blue_,_brownDark_r,_brownDark_r,_blue_,,,_blueDark_r,_blue_
-1380,_blue_,_pink_,,_brownDark_r,_pink_,_blueDark_r,_blue_,_blue_,_blue_,_blueDark_g,_blue_,,,_blue_,_blueDark_r,_blue_,,_brown_r,_brownDark_r,,,_blue_,_blueDark_r,_brownDark_r,_blue_,_blueDark_r,_blueDark_r,_brownDark_r,_blueDark_r,,_blueDark_r,_blueDark_g,_blue_,_blue_,,_blueDark_r,_blue_,_blue_,_blue_,_blue_,_blue_,_pink_,,,,,,_pink_,_blueDark_r,_pink_,_blue_,_blue_,_blueDark_r,_blue_,_blueDark_r,_blue_,_brownDark_r,_brownDark_r,_blueDark_r,,,_blue_,_blueDark_r
-1320,_blue_,_blueDark_r,,_blueDark_r,,_blueDark_r,_blueDark_r,_blueDark_r,_blue_,_blue_,_blueDark_r,,,_blueDark_r,_blueDark_r,_blue_,,_brown_r,_pink_,,,_blue_,_blue_,_blue_,_blue_,_blueDark_r,_blue_,_brownDark_g,_blueDark_r,,_blue_,_blueDark_r,_blueDark_g,_blue_,,_blue_,_blue_,_blue_,_blue_,_brown_r,_blue_,_blueDark_r,,,,,,_blueDark_r,,_blue_,_blue_,_blue_,_brownDark_r,_blue_,_blue_,_blue_,_brownDark_r,_brownDark_r,_blueDark_r,,,_blueDark_r,_blue_
-1260,_blue_,_blueDark_r,,_blue_,_pink_,_brownDark_r,_blueDark_r,_blue_,_blue_,_blue_,_brownDark_r,,,_blue_,_blue_,,,_brown_r,_pink_,,,_blue_,_blue_,_brownDark_r,_blueDark_r,_blueDark_r,_blue_,_blueDark_g,_brown_r,,_blue_,_blue_,_blue_,_blueDark_r,,_blue_,_blue_,_blueDark_r,_blue_,_brownDark_r,_blueDark_r,_brownDark_r,,,,,,_blueDark_r,_blue_,_blue_,_blue_,_blue_,_blueDark_r,_blue_,_blue_,_blue_,_brownDark_r,_brownDark_r,_blueDark_r,,,_blueDark_r,_blue_
-1200,_brown_r,_blue_,,_brown_r,_brownDark_r,_blueDark_r,_blueDark_r,_pink_,_blue_,_blue_,_blue_,,,_blue_,_blue_,_pink_,,_brown_r,_brownDark_r,,,_blue_,_blueDark_r,_blue_,_blueDark_g,_blue_,_blue_,_brownDark_g,_blueDark_r,,_blue_,_blue_,_blue_,_pink_,,_blue_,_blue_,_brown_r,_pink_,_blue_,_blueDark_r,_brownDark_r,,,,,,_brownDark_r,_blue_,_brown_r,_blue_,_blue_,_brownDark_r,_blue_,_blueDark_r,_blue_,_brownDark_r,_brownDark_r,_brown_r,,,_blueDark_r,_blue_
-1140,_blue_,_brownDark_r,,_brownDark_r,_brown_r,_blueDark_r,_blue_,_blue_,_pinkDark_,_pink_,_blueDark_r,,,_blue_,_blue_,,,_brown_r,_blue_,,,_blue_,_brownDark_r,_brown_g,_blueDark_g,_blue_,_blue_,_brownDark_g,_brownDark_r,,_blue_,_blue_,_blueDark_r,_blue_,,_blueDark_r,_blue_,_brownDark_r,_pink_,_blue_,_brown_r,_brownDark_r,,,_brownDark_r,,,_brownDark_r,_blue_,_blueDark_r,_blue_,_brownDark_r,_blueDark_r,_blue_,_blueDark_r,_blue_,_brownDark_r,_brownDark_r,_brown_r,,,_blueDark_r,_brown_r
-1080,_brownDark_r,_brown_r,,_blue_,_blueDark_r,_brownDark_r,_blue_,_blue_,_pink_,_blue_,_blue_,,,_blue_,_blueDark_r,_blueDark_r,,_blueDark_r,_pink_,,,_blue_,_blue_,_brown_r,_blue_,_blue_,_blue_,_blue_,_blue_,,_blue_,_blue_,_blue_,_blue_,,_blue_,_blue_,_pink_,_blue_,_blue_,_blue_,_pink_,,,_brown_r,,,_blueDark_r,_blue_,_blue_,_blue_,_blueDark_r,_blueDark_r,_blue_,_blueDark_r,_blueDark_r,_brownDark_r,_blue_,_blueDark_r,,,_brown_r,_blue_
-1020,_brownDark_r,_pink_,,_brown_r,_brownDark_r,_blue_,_blue_,_blueDark_g,,_blue_,_blueDark_g,,,_blueDark_r,_blue_,_blue_,,_blueDark_r,_blueDark_r,,,_blue_,_blue_,_blue_,_blue_,_blueDark_r,_blue_,_brown_g,_blue_,,_brown_r,_blue_,_blue_,_blue_,,_blue_,_blue_,_blue_,_blue_,_blue_,_brownDark_r,_blue_,,,_blueDark_r,,,_blueDark_r,_blueDark_g,_blue_,_blue_,_blue_,_blueDark_r,_blue_,_blueDark_r,_blueDark_r,_brownDark_r,_brownDark_r,_blue_,,,_blueDark_r,_brownDark_r
-960,_blueDark_r,_blueDark_r,,_brown_r,_blueDark_r,_pink_,_blue_,_blue_,_pinkDark_,_brownDark_r,_blue_,,,_blue_,_brownDark_r,_brown_r,,_blueDark_r,_blueDark_r,,,_blueDark_r,_blue_,_blueDark_g,_pink_,_blue_,_blue_,_blueDark_g,_blue_,,_brownDark_r,_blue_,_blue_,_blue_,,_blue_,_blueDark_r,_pink_,_blueDark_r,_blueDark_r,_blue_,_blue_,,,_blue_,,,,_blue_,_blue_,_blue_,_blueDark_r,_blueDark_r,_blue_,_blueDark_r,_blueDark_r,_blueDark_r,_blueDark_r,_brownDark_r,,,_pink_,_blue_
-900,_blueDark_r,_brown_r,,_brown_r,_brown_r,_blue_,_brownDark_r,_blueDark_r,,_brownDark_r,_blue_,,,_brownDark_r,_blueDark_r,_blueDark_g,_brownDark_g,_blue_,_brownDark_r,,,_blueDark_g,_pink_,_pinkDark_,,_blueDark_r,_blue_,_blue_,_brownDark_r,,_pink_,_blue_,_blue_,_blue_,,_pink_,_blue_,_blue_,_blueDark_g,_blue_,_brownDark_r,,,,_brownDark_r,,,_blueDark_g,_blue_,_blue_,_blue_,_blueDark_r,_blue_,_blue_,_brownDark_r,_brownDark_r,_blue_,_blueDark_r,_blueDark_r,,,_brownDark_r,_blue_
-840,_blue_,_brown_r,,_brown_r,_blue_,_blueDark_r,_blueDark_g,_blue_,_blue_,_brownDark_r,_blue_,,,_blueDark_r,_blue_,_brown_r,_brownDark_r,_blue_,_pinkDark_,,,_blue_,_blueDark_r,_pinkDark_,_pink_,_blue_,_blue_,_blue_,_blueDark_r,,_pink_,_blueDark_r,_blue_,_brownDark_r,,_brownDark_r,_blueDark_r,_brownDark_r,_blue_,_blue_,_blueDark_r,,,,_brownDark_r,_blueDark_r,_blueDark_r,_blue_,_pink_,_blueDark_r,_blueDark_r,_brownDark_r,_blue_,_blue_,_pink_,_blueDark_r,_blueDark_r,_blue_,_blueDark_r,,,_blue_,_blueDark_r
-780,_blue_,_blueDark_r,,_brown_r,_pinkDark_,_blue_,_blueDark_r,_blueDark_r,_blue_,_blueDark_r,_blue_,,,_blue_,_blueDark_r,_blue_,_blueDark_r,_blue_,_brownDark_r,,,_blue_,_blue_,_pink_,_blue_,_blue_,_blue_,_blue_,_brownDark_r,,_brown_r,_blue_,_blue_,_brownDark_r,,_blue_,_blue_,_pink_,_brownDark_r,_blue_,_blue_,,,,_brownDark_r,_blue_,_brownDark_r,_brownDark_r,_blueDark_r,_blueDark_r,_blue_,_blue_,_blueDark_r,_blueDark_g,_blue_,_blue_,_blueDark_r,_blue_,_blueDark_r,,,_blue_,_brownDark_r
-720,_blue_,_blueDark_r,,_brown_r,_blueDark_r,_pink_,_blueDark_r,_pinkDark_,_blue_,_blueDark_r,_pink_,,,_blue_,_blue_,_blue_,_brownDark_r,_blueDark_r,_blueDark_r,,,_blue_,_blueDark_r,_blue_,_blue_,_brownDark_r,_blue_,_blueDark_r,_blueDark_r,,_brownDark_r,_blue_,_blue_,_blue_,,_blue_,_blue_,_brown_r,_blueDark_r,_blue_,_pink_,,,,_brownDark_r,_blueDark_r,_brown_r,_pink_,_brownDark_r,_pink_,_blue_,_blueDark_r,_brownDark_r,_blueDark_r,_brown_g,_pink_,_blueDark_r,_blue_,_blue_,,,_blue_,_blueDark_r
-660,_blue_,_blueDark_r,,_brownDark_r,_brown_r,_blue_,_blueDark_r,_blueDark_r,_pink_,_blueDark_r,_blue_,,,_blue_,_blue_,_pinkDark_,_brownDark_r,_brownDark_r,_pinkDark_,_blue_,_brownDark_r,_blue_,_blue_,_pink_,,_blueDark_r,_blue_,_blue_,_brownDark_r,,_brown_r,_blue_,_blueDark_r,_blue_,,_blue_,_blue_,_brownDark_r,_blueDark_r,_blue_,_blue_,,,,_blueDark_r,_blue_,_blue_,_pink_,_blueDark_r,_blueDark_r,_blue_,_blueDark_r,_brownDark_r,_blueDark_r,_brown_g,_brownDark_r,_blue_,_pink_,_blueDark_r,,,_blueDark_r,_blue_
-600,_blueDark_r,_blueDark_r,,_brownDark_r,_blue_,_blueDark_r,_brownDark_r,_blue_,_blue_,_blue_,_blue_,,,_blue_,_blue_,,_blue_,_brownDark_r,_pinkDark_,_pink_,_blue_,_blue_,_pink_,_pink_,_pink_,_brownDark_r,_brownDark_r,_blue_,_brownDark_r,,_blue_,_blue_,_blue_,_blue_,,_brown_r,_brownDark_r,_blueDark_r,_blueDark_r,_blue_,,,,,_blueDark_r,_blue_,_pink_,_blueDark_g,_blue_,_pink_,_brownDark_r,_blueDark_r,_blueDark_r,_brownDark_r,_brown_g,_brownDark_r,_brownDark_r,_blue_,_brownDark_r,,,_pink_,_brownDark_r
-540,_blueDark_r,_blue_,,_brownDark_r,_blue_,_brown_r,_brownDark_r,_brown_r,_brownDark_g,_brownDark_r,_blue_,,,_blue_,_blue_,,_blue_,_brownDark_r,_pinkDark_,_blue_,_brown_r,_blue_,_pink_,,_blue_,_blueDark_r,_brown_r,_brown_g,_brownDark_r,,_blueDark_r,_blue_,_blue_,_blueDark_r,,_blue_,_brownDark_r,_blueDark_r,_blue_,_blueDark_r,_blue_,,,,_blue_,_blueDark_r,_blueDark_r,_pink_,_blue_,_blueDark_r,_blueDark_r,_pink_,_blueDark_r,_brown_r,_pink_,_brownDark_r,_blueDark_r,_blue_,_brownDark_r,,,_pink_,_brownDark_r
-480,_pinkDark_,_blue_,,_brownDark_r,_blue_,_brownDark_r,_brownDark_r,_blueDark_r,_pink_,_pink_,_brownDark_r,,,_blue_,_brown_r,_blue_,_brownDark_r,_brownDark_r,_pinkDark_,_blue_,_blueDark_r,_blueDark_r,_blue_,_brownDark_r,_blueDark_r,_blueDark_r,_blue_,_brownDark_g,_brown_r,,_blue_,_blue_,_pink_,_blue_,,,_brownDark_r,_blueDark_r,_blue_,_brownDark_r,_blueDark_r,,,,_blue_,_brownDark_r,_blue_,_brown_g,_blue_,_brownDark_r,_blueDark_r,_blueDark_r,_brown_r,_pink_,_pink_,_blue_,_brownDark_r,_blue_,_brownDark_r,_blueDark_r,_pink_,_blueDark_r,_blueDark_r
-420,_pink_,_blue_,,_brown_r,,_brown_r,_pink_,_blueDark_r,,_pink_,_pink_,,,_blue_,_blue_,_pink_,,_blueDark_r,_pinkDark_,_pink_,_pink_,_blueDark_r,_blueDark_g,_brownDark_r,_brown_r,_brownDark_r,_blue_,_blueDark_r,_brown_r,,_blueDark_r,_blue_,_blue_,_blue_,,_pink_,_brownDark_r,_blue_,_blueDark_r,_blue_,_brownDark_r,,,,_blue_,_blueDark_r,_pink_,_brown_g,_blueDark_r,_blueDark_r,_brownDark_r,_pink_,_blue_,_pink_,_pink_,_blue_,_brownDark_r,_brownDark_r,_blue_,_blue_,_brownDark_r,_brownDark_r,_brownDark_r
-360,_brown_r,_blue_,,_brownDark_r,_blue_,_pink_,_blueDark_r,_brownDark_r,_pink_,_brownDark_r,_brownDark_g,,,_brown_r,_blue_,_brown_g,,_pink_,_brownDark_r,_pink_,_blue_,_brown_r,_pink_,_blueDark_r,_pink_,_blue_,_brownDark_r,_blue_,_blue_,,_brownDark_r,_blue_,_pink_,_blue_,,_blue_,_brownDark_r,_blueDark_r,_blueDark_r,_blueDark_r,_blueDark_r,,,,_blueDark_r,_blue_,_brownDark_r,_pink_,_blue_,_pink_,_blueDark_r,_brownDark_g,_blue_,_pinkDark_,_blueDark_g,_blue_,_blue_,_brownDark_r,_brownDark_r,_blue_,_brownDark_r,_brown_r,_blueDark_r
-300,_blue_,_brownDark_r,,_blueDark_r,,_brown_r,_blueDark_r,_brown_r,_pinkDark_,_brownDark_r,_blue_,,,_brown_r,_brownDark_r,,,_blue_,_pink_,_brownDark_g,_pink_,_blue_,_pink_,_brownDark_r,_blue_,_blue_,_blueDark_r,_brownDark_g,_blue_,_brownDark_r,_blueDark_r,_blueDark_r,_blueDark_r,_blue_,,_brown_r,_blue_,_brownDark_r,_brownDark_r,_blue_,_blueDark_r,,,,,_brownDark_r,_brownDark_r,_pink_,_pinkDark_,_blue_,_blue_,_pink_,_blueDark_g,_pink_,_pink_,_brownDark_r,_brownDark_r,_brownDark_r,_brownDark_r,_blueDark_r,_blueDark_r,_brownDark_r,_brown_r
-240,_blueDark_r,_blueDark_r,,_brownDark_r,_blueDark_r,_blueDark_r,_blueDark_r,_blueDark_r,_blue_,_brownDark_r,_pink_,,,_brownDark_r,_brown_r,_blue_,_blue_,_brownDark_r,_blueDark_r,_blue_,,_blue_,_pink_,_brownDark_r,,_blue_,_blue_,_pinkDark_,_blue_,_blueDark_r,_brownDark_r,_pink_,_brownDark_r,_pink_,,_brown_g,_blue_,_blueDark_r,_blue_,_blue_,,,,,_brownDark_r,_blue_,_blueDark_r,_brownDark_r,_pink_,_brown_r,_blueDark_r,_pink_,_blueDark_g,_pink_,_pink_,_blue_,_pink_,_blueDark_r,_brownDark_r,_blue_,_blue_,_pink_,_blueDark_g
-180,_blue_,_blue_,,_brownDark_r,_pink_,_pink_,_pink_,_blue_,_blue_,_blue_,_brownDark_g,,,_blue_,_blue_,_brown_r,,_brownDark_r,_pink_,_blueDark_r,_pinkDark_,,_pink_,_pinkDark_,_blue_,_brownDark_r,_pink_,_pink_,_blueDark_r,_blueDark_r,_brownDark_r,_blueDark_r,_brownDark_r,_blue_,,_pink_,_brownDark_r,_brownDark_r,_blueDark_r,_pink_,_blue_,,_blue_,_blueDark_r,_blue_,_blue_,_pink_,_pinkDark_,_blue_,_pinkDark_,_brownDark_r,_pink_,_pink_,_brownDark_g,_pink_,_brown_r,_pink_,_brownDark_r,_blueDark_r,_blueDark_g,_brownDark_r,_pink_,_blueDark_g
-120,_blue_,_blue_,,_brownDark_r,_blue_,_blueDark_r,_brownDark_r,_blue_,,_blueDark_r,_pink_,,,_pink_,_blue_,_blue_,,_brown_r,_blueDark_r,_pink_,_pink_,,_pink_,_pink_,_pink_,_brownDark_r,_blueDark_r,_brownDark_r,,_blueDark_r,_brownDark_r,_brownDark_r,_brownDark_r,_brown_r,,_blue_,_blue_,_blue_,,_blueDark_r,_pink_,,_blueDark_r,_blue_,_blue_,_brownDark_r,_blueDark_r,_pink_,_blue_,_blue_,_blueDark_r,_blue_,_pink_,_pink_,_blueDark_r,_blueDark_r,_pink_,_brownDark_r,_brownDark_r,_blue_,_blueDark_r,_brownDark_r,_brown_r
-60,_blueDark_r,_brownDark_g,,_brownDark_r,_brownDark_r,_blueDark_r,_brownDark_r,_brownDark_r,,_brownDark_r,_blue_,,,_brownDark_r,_blue_,,_brownDark_r,_blue_,_brown_r,_pinkDark_,_pink_,_blue_,_pink_,_pink_,,_brownDark_r,_blue_,_pink_,_blue_,_brownDark_r,_blueDark_r,_blue_,_pink_,_brownDark_g,,_blue_,_brownDark_r,_blueDark_r,_blueDark_r,_blue_,_blueDark_g,,_blue_,_brownDark_r,_blueDark_r,_blue_,_brownDark_r,_brownDark_r,_pink_,_pinkDark_,_brownDark_r,_blue_,_pink_,_pink_,_pink_,,_brownDark_r,_brownDark_r,_brownDark_r,_blue_,_blueDark_r,_pink_,_pink_
0,_brown_r,_brown_r,,_pink_,_pink_,_blueDark_g,_blue_,_blue_,_pinkDark_,_blue_,_blue_,,,_brownDark_r,_blue_,,,_blueDark_r,_brownDark_r,_pinkDark_,,_blueDark_r,_pink_,_pinkDark_,,_blueDark_r,_blueDark_r,_pink_,_blue_,_blue_,_blue_,_blue_,_blue_,_blue_,,_pink_,_brownDark_r,_blueDark_r,_blue_,_brownDark_r,_blue_,,_brownDark_r,_blue_,_brownDark_r,_brownDark_r,_brownDark_r,_pink_,_blue_,_pinkDark_,_pink_,_blue_,_blueDark_g,_pink_,_brownDark_r,_blue_,_pink_,_blue_,_blue_,_blue_,_pink_,_pink_,_pink_
60,_brown_r,_blue_,,_brownDark_r,_blueDark_r,_blue_,_blueDark_r,_blueDark_r,,_blueDark_r,_pinkDark_,,,_brownDark_r,_blue_,,,_pink_,_blueDark_r,,_pink_,_brown_r,_pink_,_pink_,,_blue_,_blue_,,_blue_,_blue_,_brownDark_r,_blue_,_blue_,_pink_,,_brownDark_r,_brownDark_r,_brownDark_r,_blue_,_brownDark_r,_pink_,,_blueDark_r,_blue_,_brownDark_r,_blue_,_brownDark_r,_blueDark_r,_blue_,_blue_,_blueDark_g,_brownDark_r,_pink_,_pink_,_brownDark_r,_blue_,_pink_,_brownDark_r,_blueDark_r,_blue_,_brownDark_r,_blue_,_brownDark_r
120,_blue_,_blueDark_r,,_brownDark_r,,_pinkDark_,_brownDark_r,_pinkDark_,,_blue_,_pink_,,,_blue_,_blueDark_r,,,_pink_,_brown_r,,,_pink_,_pink_,_pink_,,_blue_,_blue_,_pink_,_blueDark_r,_blueDark_r,,_blue_,_blue_,_pink_,,_blueDark_r,_blueDark_r,_blueDark_r,_blueDark_r,_brownDark_r,_blueDark_r,,_brownDark_r,_blueDark_r,_brownDark_r,_brownDark_g,_blue_,,_blue_,_blue_,_brownDark_r,_blueDark_r,_blueDark_r,_pink_,_blueDark_r,_blue_,_brownDark_r,_brownDark_r,_blueDark_r,_brownDark_r,_blueDark_r,_blue_,_pink_
180,_brownDark_r,_pink_,_brownDark_r,_blue_,,_brownDark_g,_pink_,_blueDark_r,,_brownDark_r,_blue_,,,_brownDark_r,,,,_pink_,_brownDark_r,,,_brown_r,,_pink_,,,_blue_,,_blueDark_r,_blueDark_r,,_blue_,_blue_,,,,_blueDark_r,_brownDark_r,_pink_,_pink_,,,_brownDark_r,_blueDark_r,_blue_,_pink_,_pinkDark_,,_pinkDark_,,_blue_,_pink_,_brown_r,_pink_,_pink_,_blue_,_pink_,_brownDark_r,_blue_,_pink_,_brownDark_r,_blue_,
240,_blue_,_blue_,_brownDark_r,_blue_,,_blueDark_g,_brownDark_r,_blueDark_r,,,_blue_,,,_brownDark_r,_pinkDark_,,,,_brown_r,,,_blue_,,_brown_r,,_pink_,_pink_,_pink_,_blueDark_r,_pink_,,_blueDark_g,_blue_,_pink_,,_pink_,_blueDark_r,_blueDark_r,_brownDark_r,_pink_,,,_brownDark_r,_blueDark_g,_blue_,_blue_,_brownDark_r,,_pink_,_brownDark_r,_brown_g,_blue_,_pink_,_pink_,_pink_,_blue_,_blueDark_r,_brownDark_r,_pink_,_pinkDark_,_blue_,_pink_,_pink_
300,_pink_,_blueDark_g,_blue_,_pink_,,_pink_,_brownDark_r,_blueDark_r,_pinkDark_,,_blueDark_r,,,_pink_,_pinkDark_,,,,_brownDark_r,,,_blueDark_g,,_pinkDark_,,_pinkDark_,_pink_,_pinkDark_,_pink_,_brownDark_r,,_blue_,_blue_,_pinkDark_,,_blueDark_g,_blue_,_blue_,,_pink_,,,_blueDark_r,_blue_,_blueDark_r,_pink_,_pink_,,,,,_pink_,_pink_,_blue_,_blueDark_r,_blueDark_g,_pink_,_blue_,_blue_,_pink_,_blue_,_pink_,
360,_pinkDark_,_blueDark_r,_pinkDark_,_brownDark_r,,_pinkDark_,_pinkDark_,,,,_blueDark_g,,,_pink_,,,,,_blueDark_r,,,_pinkDark_,,_pink_,,,,,_brownDark_r,_blue_,,_blue_,_blueDark_r,,,_blueDark_r,_blue_,_blueDark_r,,_pink_,,,_pink_,_blue_,_pink_,_brownDark_r,_blueDark_r,,,_pink_,,_blue_,_pink_,_pink_,_pink_,_brownDark_r,_pink_,_blue_,_blueDark_r,_brownDark_r,_pink_,_blueDark_r,
420,_brownDark_r,_blueDark_r,_pinkDark_,_brownDark_r,,_pink_,_brownDark_r,_pink_,,,_blue_,,,,_blueDark_r,,,,,,,,,_pink_,,,,,_blue_,_blue_,,_brown_r,_pink_,,,_pink_,_pink_,_pink_,,_pink_,,,,_blue_,_brown_g,_pink_,_blue_,,,,,_pink_,_blueDark_g,_pink_,_pink_,,_brownDark_r,_blue_,_blueDark_r,_pink_,_pink_,_pink_,
480,_pink_,_brown_r,_brownDark_r,_blue_,,_pink_,_pink_,_pinkDark_,,,_blueDark_r,,,_pink_,,,,,_pink_,,,_pinkDark_,,_pink_,,,,,_blueDark_r,_pinkDark_,,_brownDark_r,_brownDark_r,,,_brownDark_r,_brownDark_r,_blue_,,,,,_blue_,_blue_,_pink_,_blueDark_g,_pink_,,,,,_blueDark_g,_blueDark_g,,,_pink_,_pink_,_blue_,_pink_,_pink_,_pink_,_pink_,
540,_pink_,_pink_,_brownDark_r,_blue_,,_pink_,_pinkDark_,_pink_,,,_blue_,,,_pink_,_pinkDark_,,,,,,,_pink_,,_blue_,,,,,_blueDark_r,_pink_,,_blueDark_r,_brownDark_r,,,_blue_,_pink_,_blue_,,_pink_,,,_pink_,_brownDark_r,_brownDark_r,_brownDark_r,,,,,,_brownDark_g,_blue_,_brownDark_g,,_pinkDark_,_brownDark_r,_brownDark_r,_pinkDark_,_pinkDark_,_pink_,_pink_,
600,_pinkDark_,_pink_,_pinkDark_,_blueDark_r,,_pink_,_blue_,,,,_pinkDark_,,,_pink_,_pinkDark_,,,,_pink_,,,_pinkDark_,,_blueDark_r,,,,,_brownDark_r,_pinkDark_,,_pink_,_blueDark_g,,,_blue_,_pink_,_blue_,,,,,_brownDark_r,,_blueDark_r,_brownDark_r,,,,,,_pink_,_pink_,_pink_,,,_blue_,_pink_,_pink_,_pink_,_brownDark_g,_pink_,
660,_blue_,_pinkDark_,_brownDark_r,_pinkDark_,,_blueDark_r,_blueDark_g,,,,,,,_pinkDark_,,,,,_pink_,,,,,_pinkDark_,,,,,_blueDark_r,_blue_,,_pinkDark_,,,,_blueDark_g,,_blueDark_r,,,,,_pink_,,_blueDark_r,_pink_,,,,,,_pinkDark_,_pink_,,,_pink_,_pink_,,_pink_,_pinkDark_,_pink_,_pink_,
720,_pinkDark_,_brownDark_r,_pinkDark_,_pinkDark_,,,_blueDark_g,,,,,,,,,,,,_pink_,,,,,_pink_,,,,,_pink_,_brown_g,,_blueDark_r,_blue_,,,_pink_,_pinkDark_,_pink_,,,,,,,_brownDark_r,_pink_,,,,,,_pink_,_brownDark_r,_pink_,,,_pink_,_blue_,_blue_,_pink_,_pink_,_pink_,
780,_brownDark_r,_pinkDark_,_pinkDark_,_brownDark_r,,_pink_,_brownDark_g,,,,,,,_pink_,,,,,,,,_pink_,,_pinkDark_,,,,,_pink_,_pink_,,_pink_,,,,,_pink_,_pinkDark_,,,,,,,_pink_,_pinkDark_,,,,,,_pinkDark_,_pink_,_pink_,,,_pink_,_pink_,_brownDark_r,_pink_,_pink_,_brownDark_r,
840,_pink_,_blue_,_blueDark_r,_pinkDark_,,,,,,,,,,_pinkDark_,,,,,,,,_pink_,,_pink_,,,,,_pink_,_pink_,,_blueDark_g,_blue_,,,_pink_,_pinkDark_,_blueDark_g,,,,,,,_pink_,_pink_,,,,,,_pink_,_pink_,_blueDark_r,,,_pink_,_pink_,_pink_,_pink_,_pink_,_pinkDark_,
900,_pink_,_pink_,,_brownDark_r,,,_pink_,,,,,,,_pinkDark_,,,,,,,,_pink_,,_pinkDark_,,,,,_pinkDark_,_pinkDark_,,,_brownDark_r,,,,_pink_,_blueDark_g,,,,,,,_pink_,_blue_,,,,,,_blueDark_g,_pink_,_pinkDark_,,_pinkDark_,_pinkDark_,_pinkDark_,_pink_,_pink_,_pink_,_pink_,
960,_pink_,_pink_,_pinkDark_,_brownDark_g,,,_pink_,,,,,,,_pink_,,,,,,,,_blueDark_g,,_pink_,,,,,_blueDark_g,_pink_,,,_blueDark_r,,,_blueDark_r,,,,,,,,,_pink_,_pink_,,,,,,_pink_,_pink_,_pink_,,_brownDark_r,_pink_,_pinkDark_,_brownDark_r,_pink_,_pink_,_brownDark_r,
1020,_brownDark_r,_blue_,_pinkDark_,_pinkDark_,,,,,,,,,,_pink_,,,,,,,,_pink_,,,,,,,_pinkDark_,_pink_,,,,,,,,,,,,,,,_pinkDark_,_pink_,,,,,,_pink_,_pink_,,,_pink_,_pink_,_pinkDark_,_brownDark_r,_pinkDark_,_pink_,_pink_,
1080,,_blueDark_r,,_pinkDark_,,,,,,,,,,,,,,,,,,,,_pink_,,,,,_pink_,_pink_,,,,,,,,,,,,,,,_pink_,_pink_,,,,,,_pink_,,,,_pink_,_pink_,_pink_,_blue_,_pink_,_pink_,_pinkDark_,
1140,_pink_,_pink_,,_pink_,,,_pinkDark_,,,,,,,,,,,,,,,,,_pinkDark_,,,,,_pinkDark_,_pink_,,,,,,_pink_,,,,,,,,,_pink_,_pink_,,,,,,_pink_,,,,_pink_,_pink_,_pinkDark_,,_brownDark_r,_pink_,_pink_,
1200,_pinkDark_,_brownDark_r,,_pink_,,,_pink_,,,,,,,_pinkDark_,,,,,,,,,,_pink_,,,,,_blue_,_pinkDark_,,,,,,_brownDark_g,,,,,,,,,_pinkDark_,_pink_,,,,,,_pink_,_pink_,,,_pink_,_blueDark_g,_pinkDark_,,_pink_,_pink_,_pink_,
1260,_pink_,_pink_,,_pinkDark_,,_pink_,_pink_,,,,,,,_pinkDark_,,,,,,,,,,_pinkDark_,,,,,_pink_,_blue_,,,,,,_brownDark_r,,,,,,,,,_pinkDark_,_pinkDark_,,,,,,_pink_,_blueDark_r,,,_brown_r,_pink_,_pink_,_pink_,_brownDark_r,_pink_,_pink_,
1320,_pink_,_pink_,_pinkDark_,_pinkDark_,,_pinkDark_,,,,,,,,_pink_,,,,,,,,,,,,,,,_blueDark_g,_pink_,,,,,,_pink_,,,,,,,,,_pink_,_pinkDark_,,,,,,_pinkDark_,_pinkDark_,,,_pink_,_pink_,_pink_,_blue_,_pink_,_pink_,_pink_,
1380,_pinkDark_,_pinkDark_,_pinkDark_,_pinkDark_,,_pink_,,,,,,,,_pinkDark_,,,,,,,,,,,,,,,_pinkDark_,_pink_,,,,,,_pink_,,,,,,,,,_pink_,_pink_,,,,,,_pink_,_pinkDark_,,,_pink_,_pink_,,,_pink_,_pink_,,
1440,_brownDark_r,_pink_,_pinkDark_,_brownDark_g,,,,,,,,,,_pinkDark_,,,,,,,,,,,,,,,_brownDark_r,_pink_,,,,,,,,,,,,,,,,_pink_,,,,,,_pinkDark_,_brownDark_r,,,_pink_,_pink_,,,_pink_,_brownDark_g,_pinkDark_,
1500,_pinkDark_,_pinkDark_,,_brown_r,,,,,,,,,,,,,,,,,,,,,,,,,_pinkDark_,_pink_,,,,,,_pink_,,,,,,,,,,_pink_,,,,,,_pinkDark_,_pink_,,,_pink_,_pink_,,,_pink_,_pink_,_pink_,
1560,_pink_,_pinkDark_,_pinkDark_,_pinkDark_,,_pinkDark_,,,,,,,,,,,,,,,,,,,,,,,_blue_,_pinkDark_,,,,,,,,,,,,,,,,_pink_,,,,,,_pink_,_pink_,,,_pink_,_blueDark_g,,,_pink_,_pinkDark_,,
1620,_pinkDark_,_pink_,,,,,_pinkDark_,,,,,,,,,,,,,,,,,,,,,,,_pinkDark_,,,,,,_pink_,,,,,,,,,_pink_,_pink_,,,,,,_pink_,_pink_,,,,_pink_,,,,_pinkDark_,_pink_,
1680,_pink_,_pink_,,,,,_pinkDark_,,,,,,,,,,,,,,,,,,,,,,_pink_,_pink_,,,,,,_pinkDark_,,,,,,,,,_pink_,_pink_,,,,,,_pink_,_pink_,,,_blueDark_r,_pink_,,,_pink_,_pinkDark_,_pink_,
1740,_pinkDark_,_pinkDark_,,,,,,,,,,,,,,,,,,,,,,,,,,,,_pink_,,,,,,,,,,,,,,,_pink_,,,,,,,_pink_,_pink_,,,_pink_,,,,_pink_,_pink_,_pink_,
1800,_pink_,_brown_g,,,,_pink_,,,,,,,,,,,,,,,,,,,,,,,,_pinkDark_,,,,,,,,,,,,,,,_pink_,_pink_,,,,,,_pink_,_pink_,,,_pink_,_pink_,,,_pinkDark_,_pink_,_pink_,
1860,_pink_,_pinkDark_,,,,,,,,,,,,,,,,,,,,,,,,,,,,_pink_,,,,,,,,,,,,,,,,_pink_,,,,,,_pink_,,,,_pink_,_pink_,,,,_pink_,_pink_,
1920,_pinkDark_,_pink_,,,,,,,,,,,,,,,,,,,,,,,,,,,,_pink_,,,,,,,,,,,,,,,_pink_,_pink_,,,,,,,,,,_pink_,_pink_,,,,_pink_,_pink_,
1980,_pinkDark_,_pink_,,,,,,,,,,,,,,,,,,,,,,,,,,,,_pinkDark_,,,,,,,,,,,,,,,_blueDark_r,_pink_,,,,,,_pink_,_pinkDark_,,,_pink_,_pinkDark_,,,_pink_,_pink_,_pink_,
2040,_pinkDark_,_pinkDark_,,,,,,,,,,,,,,,,,,,,,,,,,,,,_pink_,,,,,,,,,,,,,,,_pinkDark_,_pink_,,,,,,_brownDark_r,_pinkDark_,,,_brownDark_r,_pinkDark_,,,_pink_,_blue_,_pinkDark_,
2100,_pinkDark_,_brown_r,,,,,,,,,,,,,,,,,,,,,,,,,,,,_pinkDark_,,,,,,,,,,,,,,,_pink_,_pink_,,,,,,_blueDark_g,,,,_pinkDark_,_pink_,,,,_pink_,_pink_,
2160,_pinkDark_,_pinkDark_,,,,,,,,,,,,,,,,,,,,,,,,,,,,_pinkDark_,,,,,,,,,,,,,,,_pinkDark_,_brownDark_g,,,,,,_blueDark_g,,,,_pink_,_pink_,,,,_blueDark_r,_pink_,
2220,_pink_,_pink_,,,,,,,,,,,,,,,,,,,,,,,,,,,,_pink_,,,,,,,,,,,,,,,_pink_,_pink_,,,,,,_pink_,_pink_,,,,_pink_,,,,_pink_,_pink_,
2280,_pinkDark_,_pink_,,,,,,,,,,,,,,,,,,,,,,,,,,,,_pinkDark_,,,,,,,,,,,,,,,_pink_,_pink_,,,,,,_pink_,,,,_pink_,_pink_,,,,_pinkDark_,_blueDark_r,
2340,_pinkDark_,_pink_,,,,,,,,,,,,,,,,,,,,,,,,,,,,_brown_g,,,,,,,,,,,,,,,,_pink_,,,,,,_pink_,,,,_pink_,_pink_,,,,_pink_,_pinkDark_,
2400,_pinkDark_,_pinkDark_,,,,,,,,,,,,,,,,,,,,,,,,,,,,_pink_,,,,,,,,,,,,,,,,_pink_,,,,,,,,,,_brownDark_r,_pink_,,,,_pink_,,
2460,_pinkDark_,_pink_,,,,,,,,,,,,,,,,,,,,,,,,,,,,_pink_,,,,,,,,,,,,,,,,_pink_,,,,,,_pink_,,,,_blue_,_pink_,,,,_pink_,,
2520,_pinkDark_,_brownDark_g,,,,,,,,,,,,,,,,,,,,,,,,,,,,_pinkDark_,,,,,,,,,,,,,,,,_pink_,,,,,,_pink_,,,,_pink_,_pink_,,,,_pinkDark_,,
2580,,_pinkDark_,,,,,,,,,,,,,,,,,,,,,,,,,,,,_pinkDark_,,,,,,,,,,,,,,,,_brownDark_r,,,,,,_pink_,,,,_pink_,_pinkDark_,,,,,,
2640,,_pinkDark_,,,,,,,,,,,,,,,,,,,,,,,,,,,,_pink_,,,,,,,,,,,,,,,,_pink_,,,,,,_pink_,,,,_pinkDark_,_pinkDark_,,,,,,
2700,,_pink_,,,,,,,,,,,,,,,,,,,,,,,,,,,,_brown_r,,,,,,,,,,,,,,,,_pink_,,,,,,,,,,_pink_,_pinkDark_,,,,_pink_,,
2760,,_pinkDark_,,,,,,,,,,,,,,,,,,,,,,,,,,,,_pinkDark_,,,,,,,,,,,,,,,,,,,,,,_pinkDark_,,,,,_pink_,,,,,,
2820,,_pinkDark_,,,,,,,,,,,,,,,,,,,,,,,,,,,,_pinkDark_,,,,,,,,,,,,,,,,,,,,,,_pinkDark_,,,,_pink_,,,,,,,
2880,,_pink_,,,,,,,,,,,,,,,,,,,,,,,,,,,,_pinkDark_,,,,,,,,,,,,,,,,,,,,,,_pinkDark_,,,,,_pink_,,,,,,
2940,,_pinkDark_,,,,,,,,,,,,,,,,,,,,,,,,,,,,_pinkDark_,,,,,,,,,,,,,,,,,,,,,,_pink_,,,,,_pinkDark_,,,,,,
3000,,_pinkDark_,,,,,,,,,,,,,,,,,,,,,,,,,,,,_pink_,,,,,,,,,,,,,,,,,,,,,,_pink_,,,,,_pinkDark_,,,,,,
3060,,_pink_,,,,,,,,,,,,,,,,,,,,,,,,,,,,,,,,,,,,,,,,,,,,,,,,,,_pink_,,,,,_pinkDark_,,,,,,
3120,,_pink_,,,,,,,,,,,,,,,,,,,,,,,,,,,,,,,,,,,,,,,,,,,,,,,,,,_pink_,,,,,_pinkDark_,,,,,,
3180,,_brownDark_r,,,,,,,,,,,,,,,,,,,,,,,,,,,,,,,,,,,,,,,,,,,,,,,,,,_pinkDark_,,,,,_pinkDark_,,,,,,
3240,,_pinkDark_,,,,,,,,,,,,,,,,,,,,,,,,,,,,,,,,,,,,,,,,,,,,,,,,,,,,,,,_pink_,,,,,,
3300,,_pink_,,,,,,,,,,,,,,,,,,,,,,,,,,,,,,,,,,,,,,,,,,,,,,,,,,,,,,,_pink_,,,,,,
3360,,_pink_,,,,,,,,,,,,,,,,,,,,,,,,,,,,,,,,,,,,,,,,,,,,,,,,,,,,,,,_pink_,,,,,,
3420,,_pink_,,,,,,,,,,,,,,,,,,,,,,,,,,,,,,,,,,,,,,,,,,,,,,,,,,,,,,,_pink_,,,,,,
3480,,_pink_,,,,,,,,,,,,,,,,,,,,,,,,,,,,,,,,,,,,,,,,,,,,,,,,,,,,,,,_pink_,,,,,,
3540,,_pinkDark_,,,,,,,,,,,,,,,,,,,,,,,,,,,,,,,,,,,,,,,,,,,,,,,,,,,,,,,,,,,,,
3600,,_brown_g,,,,,,,,,,,,,,,,,,,,,,,,,,,,,,,,,,,,,,,,,,,,,,,,,,,,,,,,,,,,,
3660,,_brown_g,,,,,,,,,,,,,,,,,,,,,,,,,,,,,,,,,,,,,,,,,,,,,,,,,,,,,,,,,,,,,
3720,,_pinkDark_,,,,,,,,,,,,,,,,,,,,,,,,,,,,,,,,,,,,,,,,,,,,,,,,,,,,,,,,,,,,,
3780,,_pink_,,,,,,,,,,,,,,,,,,,,,,,,,,,,,,,,,,,,,,,,,,,,,,,,,,,,,,,,,,,,,
3840,,_pink_,,,,,,,,,,,,,,,,,,,,,,,,,,,,,,,,,,,,,,,,,,,,,,,,,,,,,,,,,,,,,
3900,,_blue_,,,,,,,,,,,,,,,,,,,,,,,,,,,,,,,,,,,,,,,,,,,,,,,,,,,,,,,,,,,,,
3960,,_pink_,,,,,,,,,,,,,,,,,,,,,,,,,,,,,,,,,,,,,,,,,,,,,,,,,,,,,,,,,,,,,
4020,,_pink_,,,,,,,,,,,,,,,,,,,,,,,,,,,,,,,,,,,,,,,,,,,,,,,,,,,,,,,,,,,,,
4080,,_pinkDark_,,,,,,,,,,,,,,,,,,,,,,,,,,,,,,,,,,,,,,,,,,,,,,,,,,,,,,,,,,,,,
4140,,_pink_,,,,,,,,,,,,,,,,,,,,,,,,,,,,,,,,,,,,,,,,,,,,,,,,,,,,,,,,,,,,,
4200,,,,,,,,,,,,,,,,,,,,,,,,,,,,,,,,,,,,,,,,,,,,,,,,,,,,,,,,,,,,,,,
4260,,,,,,,,,,,,,,,,,,,,,,,,,,,,,,,,,,,,,,,,,,,,,,,,,,,,,,,,,,,,,,,
