time to NEB,,,,,,,,,,,,,,,,,,,,,,,,,,,,,,,,,,,,,
-8520,,,,,,,,,,,,,,,,,,,,,,,,,,,,,,,,,,,,,
-8460,,,,,,,,,,,,,,,,,,,,,,,,,,,,,,,,,,,,,
-8400,,,,,,,,,,,,,,,,,,,,,,,,,,,,,,,,,,,,,
-8340,,,,,,,,,,,,,,,,,,,,,,,,,,,,,,,,,,,,,
-8280,,,,,,,,,,,,,,,,,,,,,,,,,,,,,,,,,,,,,
-8220,,,,,,,,,,,,,,,,,,,,,,,,,,,,,,,,,,,,,
-8160,,,,,,,,,,,,,,,,,,,,,,,,,,,,,,,,,,,,,
-8100,,,,,,,,,,,,,,,,,,,,,_blue_,,,,,,,,,,,,,,,,
-8040,,,,,,,,,,,,,,,,,,,,,_blueDark_r,,,,,,,,,,,,,,,,
-7980,,,,,,,,,,,,,,,,,,,,,_blue_,,,,,,,,,,,,,,,,
-7920,,,,,,,,,,,,,,,,,,,,,_blue_,,,,,,,,,,,,,,,,
-7860,,,,,,,,,,,,,,,,,,,,,_blue_,,,,,,,,,,,,,,,,
-7800,,,,,,,,,,,,,,,,,,,,,_blueDark_r,,,,,,,,,,,,,,,,
-7740,,,,,,,,,,,,,,,,,,,,,_blueDark_r,,,,,,,,,,,,,,,,
-7680,,,,,,,,,,,,,,,,,,,,,_blueDark_r,,,,,,,,,,,,,,,,
-7620,,,,,,,,,,,,,,,,,,,,,_blueDark_r,,,,,,,,,,,,,,,_blue_,
-7560,,,,,,,,,,,,,,,,,,,,,_blueDark_r,,,,,,,,,,,,,,,_blueDark_g,
-7500,,,,,,,,,,,,,,,,,,,,,_blue_,,,,,,,,,,,,,,,_blueDark_r,
-7440,,,,,,,,,,,,,,,,,,,,,_blueDark_r,,,,,_blue_,,,,,,,,,,_blue_,
-7380,,,,,,,,,,,,,,,,,,,,,_brownDark_r,,,,,_blue_,,,,,,,,,,_blue_,
-7320,,,,,,,,,,,,,,,_blue_,,,,,,_brownDark_r,,,,,,,,,,,,,,,_blue_,
-7260,,,,,,,,,,,,,,,_blue_,,,,,,_blueDark_r,,,,,,,,,,,,,,,_blue_,
-7200,,,,,,,,,,,,,,,_blue_,,,,,,_blueDark_r,,,,_blue_,,,,,_blue_,,,,,,_blue_,
-7140,,,,,,,,,,,,,,,_blue_,,,,,,_blueDark_r,,,,_pink_,,,,,_blue_,,,,,,_blue_,
-7080,,,,,,,,,,,,,,,_blueDark_g,,,,,,_blueDark_r,,,,_blueDark_r,,,,,_blue_,,,,,,_blue_,
-7020,,,,,,,,,,,,,,,_blue_,,,,,,_brownDark_r,,,,_blueDark_g,,,,,_blue_,,,,,,_blueDark_r,
-6960,,,,,,,,,,,,,,,_blue_,,,,,,_blueDark_r,,,,_blueDark_g,,,,,_pink_,,,,,,_blueDark_g,
-6900,,,_blue_,_blueDark_r,,,,,,,,,,,_blue_,,,,,,_pink_,,,,_blueDark_g,,,,,_blue_,,,_blueDark_r,,,,
-6840,,,_blue_,_brownDark_r,,,,,,,,,,,_blue_,,,,,,_brownDark_r,,,,_blueDark_g,,,,,_blueDark_r,,,_pink_,,,_blue_,
-6780,,,_blue_,_brownDark_r,,,,,,,,,,,_brownDark_r,,,,,,_blue_,,,,_blueDark_g,,,,,_blue_,,,_pink_,,,_blueDark_r,
-6720,,,_blueDark_g,_blue_,,,,,,,,,,,_blueDark_r,,,,,,_blue_,,,,_blueDark_r,,,,,_blue_,,,_blue_,,,_blue_,
-6660,,,_blueDark_r,_blue_,,,,,,,,,,,_blueDark_r,,,,,,_brownDark_r,,,,_blue_,_blue_,,,,_blueDark_r,,,_pink_,,,_blueDark_r,
-6600,,,_blueDark_r,_blueDark_r,,,,,,,,,,,_blue_,,,,,,_blueDark_r,,,,_blue_,_blue_,,,,_blue_,,,_pink_,,,_blue_,
-6540,,,_blue_,_blue_,,,,,,,,,,,_blue_,,,,,,_blue_,,,,_pink_,_blue_,,,,_brownDark_r,,,_blue_,,,_blue_,
-6480,,,_pink_,_pink_,,,,,,,,,,,_blue_,,,,,,_blueDark_r,,,,_blueDark_g,_blue_,,,,_blue_,,,_blue_,,,_blue_,
-6420,,,_blue_,_blueDark_r,,,,,,,,,,,_blueDark_r,,,,,,_brownDark_r,,,,_brownDark_g,_blue_,,,,_blue_,,,_brownDark_r,,,_blue_,
-6360,,,_pink_,_blueDark_r,,,,,,,,,,,_blue_,,,,,,_blue_,,,,_blueDark_r,_blue_,,,,_pink_,,,_blueDark_r,,,_blue_,
-6300,,,_blueDark_g,_blueDark_g,,,,,,,,,,,_blueDark_r,,,,,,_blueDark_r,,,,_blue_,_blueDark_g,,,,_blue_,,,_blue_,,,_blueDark_r,
-6240,,,_blue_,_blue_,,,,,,,,,,,_blueDark_r,,,,,,_blueDark_r,,,,_pink_,_blue_,,,,_blueDark_r,,,_blue_,,,_blueDark_r,
-6180,,,_blue_,_blue_,,,,,,,,,,,_blueDark_r,,,,,,_blue_,,,,_blue_,_blue_,,,,_pink_,,,_blue_,,,_blue_,
-6120,,,_blue_,_blue_,,,,,,,,,,,_pink_,,,,,,_blue_,,,,_blueDark_r,_blue_,,,,_blueDark_r,,,_brownDark_r,,,_blueDark_r,
-6060,,,_blue_,_blue_,,,,,,,,,,,_blue_,,_blue_,,,,_blueDark_r,,,,_blue_,_blue_,,,,_brownDark_r,,,_brownDark_r,,,_blue_,
-6000,,,_blue_,_blueDark_g,,,,,,,,,,,_blue_,,_blue_,,,,_blue_,,,,_blue_,_blue_,,,,_blueDark_r,,,_pink_,,,_blue_,
-5940,,_blueDark_r,_blue_,_blue_,,,,,,,,,,_brownDark_r,_blueDark_r,,_blue_,,,,_blue_,,,,_brownDark_r,_blueDark_g,,,,_brownDark_r,,,_brownDark_r,,,_blue_,
-5880,,_blue_,_blueDark_g,_blueDark_r,,,,,,,,,,_blueDark_r,_brownDark_r,,_blue_,,,,_blue_,,,,_blue_,_blue_,,,,_brownDark_r,,,,,,_blue_,
-5820,,_pink_,_blue_,_pink_,,,,,,,,,,_blueDark_r,_blue_,,_blue_,,,,_blue_,,,,_brownDark_r,_blue_,_blueDark_g,,,_blueDark_r,,,_blueDark_r,,,_blue_,
-5760,,_blue_,_blue_,_blueDark_r,,,,,,,,,,_blueDark_r,_blueDark_r,,_blueDark_g,,,,_blue_,,,,_blueDark_r,_blue_,_blue_,,,_blue_,,,_pink_,,,_blueDark_g,
-5700,,_brown_r,_blue_,_blue_,,,,,,_blueDark_g,_blue_,,,_blue_,_brownDark_r,,_blue_,,,,_blue_,,,,_brownDark_r,_blue_,_blue_,,,_blue_,,,_blueDark_g,,,_blue_,
-5640,,_brown_r,_blue_,_blueDark_g,,,,,,_blue_,_blueDark_g,,,_blue_,_brownDark_r,,_blue_,,,,_blue_,,,,_blue_,_blue_,_blue_,,,_blue_,,,_blueDark_g,,,_blueDark_r,
-5580,,_pink_,_blue_,_blueDark_r,,,,,,_blue_,_blue_,,,_blue_,_blueDark_r,,_blue_,,,,_blue_,,,,_blue_,_blue_,_blue_,,,_blue_,,,_blue_,,,_blue_,
-5520,,_blueDark_r,_blueDark_r,_blue_,,,,,,_blueDark_r,_blue_,,,_blue_,_blue_,,_blue_,,,,_blue_,,,,_blue_,_blue_,_blue_,,,_blueDark_r,,,_blue_,,,_blueDark_r,
-5460,,_blueDark_r,_blueDark_r,_blueDark_r,,,,,,_blue_,_blue_,,,_blue_,_blue_,,_blue_,,,,_blue_,,,,_blueDark_g,_blueDark_r,_blueDark_r,,,_blue_,,,_blueDark_g,,,_blueDark_g,
-5400,,_blueDark_r,_blueDark_r,_blue_,,,,,,_blueDark_r,_blue_,,,_blue_,_blue_,,_blue_,,,,_blue_,,,,_blueDark_r,_blueDark_r,_blueDark_r,,,_blueDark_r,,,_blue_,,,_blue_,
-5340,,_blueDark_r,_pink_,_pink_,,,,,,_blueDark_r,_blue_,,,_brownDark_r,_blueDark_r,,_blue_,,,,_blue_,,,,_blue_,_brownDark_r,_blueDark_g,,,_blueDark_r,,,_blue_,,,_blue_,
-5280,,_brownDark_r,_brownDark_r,_blue_,,,,,,_blue_,_blue_,,,_blue_,_blue_,,_blue_,,,,_blueDark_r,,,,_blue_,_blueDark_r,_blueDark_g,,,_brownDark_r,,_blue_,_brownDark_g,,,_blue_,
-5220,,_brown_r,_pink_,_blueDark_r,,,,,,_blue_,_blue_,,,_blue_,_blueDark_g,,_blue_,,,,_blueDark_r,,,,_pink_,_brownDark_r,_blueDark_g,,,_blue_,,_blue_,_blue_,,,_blue_,
-5160,,_brown_r,_pink_,_blueDark_g,,,,,,_blue_,_blue_,,,_blue_,_blue_,,_blue_,,,,_blueDark_r,,,,_blue_,_blueDark_r,_brownDark_g,,,_blue_,,_blue_,_blue_,,,_blue_,
-5100,,_blueDark_r,_blueDark_r,_blue_,,,,,,_blue_,_blueDark_g,,,_pink_,_blue_,,_blueDark_r,,,,_blueDark_r,,,,_blueDark_g,_blue_,_brownDark_g,,,_blueDark_g,,_blue_,_blueDark_r,,,_blueDark_g,
-5040,,_blueDark_r,_blue_,_blueDark_r,,,,,,_blue_,_blue_,,,_blue_,_blueDark_r,,_blueDark_r,,,,_pink_,,,_brownDark_r,_blue_,_brownDark_r,_blueDark_g,,,_blue_,,_blue_,_blueDark_r,,,_blue_,
-4980,,_blueDark_r,_blue_,_blueDark_g,,,,,,_blue_,_blueDark_r,,,_blueDark_g,_blueDark_r,,_pink_,,,,_blueDark_r,,,_pink_,_blueDark_r,_blueDark_r,_brownDark_g,,,_blue_,,_blue_,_blueDark_r,,,_blue_,
-4920,,_blue_,_blueDark_r,_blueDark_r,,,,,,_blueDark_r,_blue_,,,_blue_,_blue_,,_blueDark_r,,,,_blueDark_r,,,_blueDark_g,_brownDark_r,_blueDark_r,_blueDark_g,,,_blue_,,_blue_,_blue_,,,_blueDark_r,
-4860,,_blue_,_blue_,_blueDark_r,,,,,,_blue_,_blue_,,,_blueDark_g,_blue_,,_blue_,,,,_blueDark_r,,,_pink_,_blueDark_r,_brownDark_r,_blueDark_g,,,_blueDark_r,,_blue_,_blue_,,,_brownDark_r,
-4800,,_blueDark_g,_blue_,_blue_,,,,,,_blueDark_r,_pink_,,,_blueDark_g,_blueDark_r,,_blue_,,,,_blueDark_r,,,_blueDark_r,_blue_,_pink_,_blueDark_g,,,_blue_,,_blue_,_blue_,,,_brownDark_r,
-4740,,_blue_,_blue_,_blue_,,,,,,_blue_,_blueDark_r,,,_blueDark_g,_blue_,,_blueDark_r,,,,_brownDark_r,,,_blue_,_blue_,_blue_,_brownDark_g,,,_blue_,,_blue_,_blue_,,,_blueDark_r,
-4680,,_blueDark_r,_blue_,_blue_,,,,,,_blue_,_blue_,,,_blue_,_blue_,,_blue_,_blueDark_g,,,_blue_,,,_blue_,_pink_,_blue_,_blue_,,,_blue_,,_blue_,_blue_,,,_brownDark_r,
-4620,,_blue_,_brownDark_r,_brownDark_r,,,,,,_blueDark_r,_blueDark_g,,,_blue_,_blueDark_r,,_blue_,_blueDark_g,,,_blue_,,,_brownDark_r,_pink_,_blue_,_blueDark_g,,,_blue_,,_blue_,_blueDark_r,,,_blueDark_r,
-4560,,_blue_,_blue_,_blueDark_r,_blue_,,,,,_blueDark_r,_blue_,,,_blue_,_blueDark_r,,_pink_,_blue_,,,_blue_,,,_blueDark_r,_brownDark_r,_blueDark_g,_blueDark_g,,,_blueDark_g,,_blueDark_g,_blue_,,,_blueDark_r,
-4500,,_pink_,_blueDark_r,_pink_,_pink_,,,,,_blueDark_r,_blue_,,,_blue_,_brownDark_r,,_blue_,_blueDark_r,,,_brownDark_g,,,_blueDark_r,_blue_,_blue_,_blue_,,,_blue_,,_blue_,_brownDark_r,,,_blueDark_r,
-4440,,_blue_,_blueDark_g,_blue_,_blueDark_r,,,,,_blueDark_r,_blue_,,,_blueDark_g,_brownDark_r,,_blue_,_blueDark_r,,,_brownDark_g,,,_blueDark_r,_blue_,_blue_,_blue_,,,_blue_,_blue_,_blue_,_blueDark_r,,,_blue_,
-4380,,_blueDark_r,_blueDark_g,_blueDark_g,_brownDark_g,,,,,_blue_,_blue_,,,_blue_,_blue_,,_blue_,_blue_,,,_blueDark_r,,,_blue_,_blueDark_r,_blue_,_blueDark_g,,,_blue_,_blue_,_blue_,_blueDark_r,,,_blue_,
-4320,,_blueDark_r,_blue_,_blueDark_g,_brownDark_g,,,,,_blue_,_blue_,,,_blue_,_brownDark_r,,_blue_,_blueDark_g,,,_pink_,,,_blue_,_blueDark_r,_blue_,_blue_,,,_blue_,_blue_,_blue_,_blueDark_r,,,_blue_,
-4260,,_pink_,_blueDark_r,_blue_,_brownDark_g,,,,,_blueDark_r,_blue_,,,_blue_,_blueDark_r,,_blue_,_blueDark_r,,,_blue_,,,_blueDark_r,_blue_,_blue_,_blue_,,,_blueDark_r,_brownDark_r,_blueDark_r,_blueDark_r,,,_blue_,
-4200,,_brownDark_r,_blue_,_blue_,_blueDark_g,,,,,_blue_,_blue_,,,_blue_,_blueDark_r,,_blue_,_brownDark_r,,,_blueDark_g,,,_blueDark_r,_blue_,_blue_,_blue_,,,_blue_,_blueDark_r,_blue_,_blue_,,_brownDark_r,_blue_,
-4140,,_blueDark_r,_blue_,_blue_,_pink_,,,,,_blue_,_blue_,,,_brownDark_r,_blue_,,_blue_,_brownDark_r,,,_pink_,,,_blueDark_r,_blueDark_r,_blueDark_g,_blue_,,,_blue_,_brownDark_r,_pink_,_blueDark_r,,_blueDark_r,,
-4080,_blue_,_blue_,_blue_,_blue_,_pinkDark_,,,,,_blue_,_blue_,,,_blue_,_blue_,,_blue_,_brownDark_r,,,_brownDark_r,,,_blue_,_blue_,_blue_,_blue_,,,_blue_,_blueDark_r,_blue_,_blueDark_r,,_brownDark_r,_pink_,
-4020,_blueDark_r,_blueDark_r,_brownDark_g,_blue_,_pink_,,,,,_blue_,_blue_,,,_blueDark_r,_blue_,,_blueDark_g,_brownDark_r,,,_blueDark_r,,,_blue_,_blue_,_brownDark_r,_blue_,,,_blue_,_blueDark_g,_blue_,_blueDark_r,,_blueDark_r,_blue_,
-3960,_pink_,_brownDark_r,_blue_,_brownDark_g,_blueDark_g,,,,,_blue_,_blue_,,,_blue_,_brownDark_r,,_blue_,_brownDark_r,,,_pink_,,,_blue_,_blueDark_r,_blueDark_r,_blue_,,,_blue_,_blueDark_r,_blue_,_blueDark_r,,_blueDark_r,_blue_,
-3900,_pink_,_blue_,_blue_,_brownDark_r,_pink_,,,,,_blue_,_blue_,,,_blue_,_brownDark_r,,_blue_,_brownDark_r,,,_blueDark_r,,,_blue_,_blueDark_r,_blue_,_blue_,,,_blue_,_brownDark_r,_blueDark_g,_blue_,,_blueDark_r,_blueDark_g,
-3840,_blue_,_blue_,_brownDark_g,_pink_,_blueDark_r,,,,,_blueDark_r,_blue_,,,_blue_,_blue_,,_blueDark_r,_brownDark_r,,,_blue_,,,_blue_,_blueDark_r,_blue_,_blue_,,,_blue_,_blueDark_r,_blue_,_blue_,,_blue_,_blue_,
-3780,_blueDark_r,_blue_,_blue_,_brownDark_r,_blueDark_r,,,,,_blue_,_blue_,,,_blueDark_g,_blueDark_r,,_blue_,_brownDark_r,,,_pink_,,,_blue_,_blue_,_blue_,_blueDark_g,,,_blue_,_blueDark_r,_blue_,_blue_,,_blueDark_r,_blue_,
-3720,_blueDark_r,_blue_,_blueDark_r,_blue_,_pink_,,,,,_blue_,_blue_,,,_blueDark_r,_blueDark_r,,_blueDark_r,_brownDark_r,,,_blue_,,,_blue_,_brownDark_r,_blue_,_blue_,,_blueDark_g,_blue_,_blueDark_g,_blue_,_blue_,,_blueDark_r,_blue_,
-3660,_blue_,_blue_,_brownDark_g,_blueDark_r,_blue_,,,,,_blueDark_g,_blue_,,,_blueDark_r,_blue_,,_blueDark_r,_blue_,,,_brownDark_r,,_blue_,_blueDark_r,_blueDark_r,_blue_,_blueDark_r,,_blue_,_blue_,_blueDark_r,_blue_,_blue_,,_blueDark_r,_blue_,
-3600,_blueDark_r,_brownDark_r,_blue_,_pink_,_pink_,,,,,_blue_,_blue_,,,_blueDark_r,_blueDark_r,,_blue_,_blueDark_r,,,_blue_,,_blue_,_blueDark_r,_blueDark_r,_blue_,_brownDark_r,,_blue_,_blue_,_brown_r,_blue_,_blueDark_r,,_pink_,_blue_,
-3540,_blueDark_r,_pink_,_blue_,_blue_,_blueDark_r,,,,,_blue_,_blue_,,,_brownDark_r,_brownDark_r,,_blue_,_blueDark_r,,,_blue_,,_blue_,_blue_,_brownDark_r,_blue_,_brownDark_r,,_blue_,_blueDark_r,_blue_,_blueDark_g,_blue_,,_blueDark_r,_brown_r,
-3480,_blueDark_r,_blue_,_blueDark_g,_blue_,_blueDark_r,,,,,_blueDark_r,_blueDark_r,,,_blue_,_blue_,,_blue_,_blue_,,_blueDark_r,_blue_,,_blue_,_blue_,_brownDark_r,_blue_,_brown_r,,_blue_,_blue_,_blueDark_r,_blue_,_blueDark_r,,_blue_,_blue_,_blue_
-3420,_blue_,_blue_,_brownDark_g,_blue_,_brownDark_r,,,,,_blueDark_r,_brownDark_r,,,_blue_,_blue_,,_blue_,_blue_,,_blue_,_blueDark_r,,_blueDark_r,_blueDark_r,_blueDark_r,_blue_,_brown_r,,_blueDark_r,_blue_,_blue_,_blue_,_blueDark_r,,_brownDark_r,_blue_,_blue_
-3360,_blueDark_r,_blue_,_blueDark_r,_brownDark_g,_blue_,,,,,_blue_,_blueDark_g,,,_blue_,_blueDark_r,,_blue_,_blue_,,_blue_,_blue_,,_brownDark_r,_blue_,_blueDark_r,_blue_,_blue_,,_brownDark_r,_blue_,_blue_,_blue_,_blueDark_r,,_brownDark_r,_blue_,_blue_
-3300,_blueDark_r,_pink_,_blueDark_r,_brownDark_g,_brownDark_r,,,,,_blue_,_brownDark_r,,,_blue_,_blueDark_r,,_blue_,_blue_,,_blueDark_r,_blueDark_r,,_blueDark_r,_blue_,_pink_,_blue_,_blueDark_r,,_blue_,_blue_,_blueDark_r,_blue_,_blue_,,_blueDark_r,_blueDark_r,_blueDark_r
-3240,_brown_r,_brownDark_r,_brownDark_r,_blue_,_brownDark_r,,,,,_blueDark_r,_blue_,,,_brownDark_r,_blue_,,_blue_,_blueDark_r,,_blue_,_blue_,,_blue_,_blue_,_brownDark_r,_blue_,_brown_r,,_blueDark_r,_blue_,_blueDark_r,_blue_,_blueDark_r,,_blueDark_r,_pink_,_brownDark_r
-3180,_blue_,_blueDark_g,_blueDark_r,_brownDark_g,_blueDark_r,,,,,_blueDark_r,_blueDark_g,,,_blueDark_r,_blue_,,_blue_,_blue_,,_blueDark_r,_blueDark_r,,_blue_,_blue_,_blue_,_blue_,_brownDark_r,,_blueDark_r,_blue_,_blue_,_blue_,_pink_,,_brownDark_r,_pink_,_blue_
-3120,_pink_,_blueDark_g,_blueDark_r,_blue_,_blueDark_r,,,,,_brownDark_r,_blue_,,,_blue_,_blue_,,_blue_,_blue_,,_blue_,_blue_,,_blue_,_blue_,_pink_,_blueDark_g,_brownDark_r,,_blue_,_blue_,_blueDark_r,_blueDark_g,_blueDark_r,,_brownDark_r,_pink_,_blueDark_r
-3060,_blueDark_r,_blueDark_g,_blue_,_pink_,_blueDark_r,,,,,_brownDark_r,_blue_,,,_blue_,_blueDark_g,,_pink_,_blueDark_r,,_blue_,_blueDark_r,,_blueDark_r,_pink_,_blueDark_r,_pink_,_blueDark_r,,_blue_,_blue_,_blueDark_r,_blue_,_brownDark_r,,_brownDark_r,_blueDark_r,_blueDark_r
-3000,_brownDark_r,_blue_,_pink_,_brownDark_r,_pink_,,,,,_blue_,_blue_,,,_blueDark_r,_blueDark_r,,_blue_,_blueDark_r,,_blueDark_r,_blueDark_r,,_blue_,_pink_,_blueDark_r,_blueDark_g,_blueDark_r,,_blue_,_blueDark_g,_blueDark_g,_blueDark_g,_blueDark_r,,_brownDark_r,_blue_,_brownDark_r
-2940,_pink_,_blueDark_g,_blueDark_r,_pink_,_blueDark_r,,,,,_blue_,_blue_,,,_blue_,_blue_,,_blueDark_r,_blueDark_r,,_blue_,_brownDark_r,,_blueDark_r,_blue_,_blue_,_brownDark_g,_blue_,,_blue_,_blue_,_pink_,_blue_,_blueDark_r,,_brownDark_r,_blueDark_r,_blue_
-2880,_blue_,_blue_,_blue_,_brownDark_r,_blue_,,,,,_blue_,_pink_,,,_blue_,_blueDark_r,,_blueDark_r,_blueDark_r,,_blueDark_g,_blue_,,_blueDark_r,_blueDark_r,_blue_,_blue_,_blueDark_r,,_blue_,_blue_,_pink_,_blue_,_pink_,,_pink_,_blue_,_brownDark_r
-2820,_blueDark_r,_pink_,_pink_,_brownDark_r,_blue_,,,,,_blue_,_blue_,,,_blueDark_r,_blue_,,_blue_,_blue_,,_blueDark_r,_blueDark_r,,_blue_,_blueDark_r,_blueDark_r,_brownDark_g,_blueDark_r,,_blue_,_blue_,_blueDark_r,_blue_,_brownDark_r,,_blueDark_r,_blueDark_r,_brownDark_r
-2760,_blue_,_brownDark_r,_blue_,_brownDark_r,_blueDark_r,,,,_blue_,_blue_,_blue_,,,_brownDark_r,_blueDark_r,,_blueDark_g,_blue_,,_blue_,_blue_,,_blue_,_brown_r,_pink_,_blueDark_r,_blue_,,_brown_r,_brownDark_r,_blueDark_r,_blue_,_blueDark_r,,_blueDark_r,_blue_,_blue_
-2700,_blueDark_r,_blueDark_r,_blue_,_pink_,_blueDark_r,,,,_blue_,_blue_,_blue_,,,_brownDark_r,_blue_,,_blue_,_blue_,,_blue_,_blue_,,_brownDark_r,_blue_,_blue_,_blue_,_brownDark_r,,_blueDark_r,_brownDark_r,_pink_,_blue_,_blue_,,_brownDark_r,_blueDark_r,_blueDark_r
-2640,_blue_,_blueDark_r,_pink_,_blue_,_blueDark_r,,,,_blue_,_blue_,_blue_,,,_blue_,_pink_,,_blueDark_r,_blue_,,_brown_r,_blueDark_r,,_blue_,_blueDark_r,_blue_,_blue_,_blueDark_r,,_blue_,_brownDark_r,_blueDark_r,_blue_,_blue_,,_blueDark_r,_brownDark_r,_blue_
-2580,_blueDark_g,_blueDark_r,_blueDark_r,_blueDark_r,_blue_,,,,_blue_,_blueDark_g,_blue_,,,_blue_,_blueDark_r,,_blueDark_g,_blue_,,_brownDark_r,_blueDark_r,,_blueDark_r,_blue_,_blueDark_r,_blueDark_g,_blueDark_r,,_brownDark_r,_blueDark_r,_blueDark_r,_blue_,_blue_,,_blueDark_r,_blueDark_r,_brownDark_r
-2520,_blueDark_r,_brownDark_r,_brownDark_r,_blue_,_blueDark_r,,,,_blue_,_blueDark_r,_blue_,,,_brown_r,_blue_,,_blue_,_blueDark_g,,_blueDark_r,_blueDark_r,,_blue_,_brownDark_r,_blueDark_r,_blue_,_blueDark_r,,_blue_,_blue_,_brownDark_r,_blueDark_r,_blue_,,_blue_,_blue_,_brownDark_r
-2460,_brownDark_r,_brownDark_r,_pink_,_blueDark_g,_brownDark_r,,,,_brownDark_r,_pink_,_blue_,,,_brown_r,_blue_,_blueDark_r,_blue_,_blueDark_r,,_brownDark_r,_blue_,,_blueDark_r,_brownDark_r,_blue_,_blue_,_brownDark_r,,_blue_,_blue_,_pink_,_pink_,_blue_,,_blue_,_blue_,_blueDark_r
-2400,_blue_,_brownDark_r,_blue_,_blue_,_brownDark_r,,,_blue_,_blueDark_r,_blueDark_r,_pink_,,,_brown_r,_blueDark_r,_blue_,,_blue_,,_brown_r,_blue_,,_blue_,_brown_r,_blue_,_blue_,_blueDark_r,,_blueDark_r,_blueDark_r,_pink_,_blue_,_blue_,,_brownDark_r,_blue_,_pink_
-2340,_blue_,_blueDark_r,_blueDark_r,_blue_,_brownDark_r,,,_blue_,_blueDark_r,_blue_,_blueDark_r,,,_brown_r,_blue_,_blueDark_g,_brownDark_r,_blue_,,_blue_,_blue_,,_blue_,_pink_,_blueDark_r,_blue_,_brownDark_r,,_blue_,_brownDark_r,_blue_,_blue_,_brownDark_r,,_brownDark_r,_blue_,_blueDark_r
-2280,_blue_,_brownDark_r,_blue_,_blue_,_brownDark_r,,,_blue_,_blue_,_blue_,_pink_,,,_brown_r,_blue_,,_brownDark_r,_blue_,,_blueDark_r,_blue_,,_blue_,_blue_,_blueDark_r,_blue_,_blueDark_r,,_blueDark_r,_brown_r,_pink_,_blueDark_r,_blueDark_r,,_brownDark_r,_blueDark_r,_brownDark_r
-2220,_blue_,_brown_r,_blue_,_blueDark_r,_pink_,,_blueDark_r,_blue_,_blueDark_r,_blue_,_pink_,,,_blue_,_blue_,_pink_,_pink_,_pink_,,_blueDark_r,_blueDark_g,,_blue_,_brownDark_r,_blueDark_r,_blue_,_blueDark_r,,_blue_,_brownDark_r,_blue_,_blueDark_g,_pink_,,_pink_,_pink_,_brownDark_r
-2160,_blue_,_brown_r,_blueDark_g,_blue_,_brownDark_r,,_blue_,_blue_,_blue_,_blue_,_blueDark_g,,,_blue_,_blue_,_blue_,_blueDark_g,_brownDark_r,,_brownDark_r,_blue_,,_blueDark_r,_brownDark_r,_blue_,_blue_,_blueDark_r,,_blue_,_blueDark_r,_blue_,_pink_,_blue_,,_brownDark_r,_blueDark_r,_brownDark_r
-2100,_blue_,_brown_r,_blue_,_blue_,_brownDark_r,,_blue_,_blue_,_blueDark_r,_blueDark_g,_blue_,,,_blueDark_r,_blue_,_brownDark_r,_blue_,_blueDark_r,,_brownDark_r,_pink_,,_blueDark_r,_pink_,_blueDark_r,_blue_,_brown_r,,_blue_,_blueDark_r,_brownDark_r,_blue_,_blueDark_r,,_blueDark_r,_blue_,_brownDark_r
-2040,_blue_,_brownDark_r,_blue_,_blue_,_blueDark_r,,_blue_,_blue_,_blue_,_blue_,,,,_blueDark_r,_blue_,_brownDark_r,_pink_,_blueDark_r,,_blueDark_g,_blueDark_r,,_blueDark_r,_brownDark_r,_blueDark_r,_blue_,_blue_,,_blue_,_blueDark_r,_blue_,_blue_,_blueDark_r,,_brownDark_r,_blue_,_brownDark_r
-1980,_blue_,_brownDark_r,_blue_,_blue_,_brownDark_r,,_blue_,_blue_,_brownDark_r,_blue_,_blue_,,,_blueDark_r,_blueDark_r,_brownDark_r,_brownDark_g,_blueDark_r,,_brownDark_r,_brownDark_r,,_blue_,_blue_,_brownDark_r,_blue_,_blueDark_r,,_blueDark_r,_blueDark_r,_blueDark_r,_blue_,_pink_,,_brown_r,_blue_,_brown_r
-1920,_blue_,_brownDark_r,_blue_,_blue_,_brownDark_r,,_blue_,_blueDark_r,_blueDark_g,_blue_,_blueDark_g,,,_blue_,_blue_,_brownDark_r,_blue_,_pink_,,_brownDark_r,_pink_,,_blue_,_blueDark_r,_pink_,_blue_,_blueDark_r,,_blueDark_r,_blue_,_brownDark_r,_pink_,_blue_,,_brownDark_r,_blueDark_r,_pink_
-1860,_brown_r,_brownDark_r,_blue_,_pink_,_blue_,,_blueDark_r,_blueDark_r,_blue_,_blueDark_r,_blue_,,,_blueDark_r,_blueDark_r,_blueDark_r,_blueDark_g,_blueDark_r,,_brownDark_r,_brownDark_r,,_blue_,_blueDark_r,_pink_,_blue_,_blueDark_r,,_blue_,_blue_,_blueDark_r,_brown_g,_blueDark_r,,_pink_,_brownDark_r,_pinkDark_
-1800,_blueDark_g,_brownDark_r,_blue_,_blue_,_blue_,,_brownDark_r,_blueDark_r,_blueDark_r,_blue_,_blueDark_g,,,_brownDark_g,_blue_,_blueDark_r,_brownDark_g,_blueDark_r,,_pink_,_pink_,,_blueDark_r,_blueDark_r,_brownDark_r,_blue_,_brown_r,,_brownDark_r,_brownDark_r,_blue_,_blue_,_blue_,,_blueDark_r,_blueDark_r,_blue_
-1740,_blueDark_g,_brown_r,_blue_,_blue_,_brownDark_r,,_blueDark_r,_blue_,_blue_,_blueDark_g,_brown_r,,,_pink_,_blue_,_blue_,_brownDark_g,_blueDark_r,,_brownDark_r,_pink_,,_blue_,_blue_,_brownDark_r,_blue_,_brown_r,,_brownDark_r,_blueDark_r,_blueDark_r,_blue_,_pink_,,_brownDark_r,_blue_,_blue_
-1680,_blue_,_brown_r,_blue_,_blueDark_r,_brownDark_r,,_blueDark_r,_blue_,_blue_,_brownDark_r,_pink_,,,_pink_,_blue_,_blue_,_blue_,_blue_,,_brownDark_r,_pink_,,_blue_,_blueDark_r,_brownDark_r,_blueDark_r,_blueDark_r,,_pink_,_blue_,_blue_,_blue_,_blueDark_r,,_blueDark_r,_blueDark_r,_pink_
-1620,_blueDark_g,_pink_,_blue_,_brownDark_g,_brownDark_r,,_blue_,_blue_,_blueDark_r,_blue_,_blueDark_r,,,_brownDark_r,_brownDark_r,_blue_,_blueDark_g,_blue_,,_brownDark_r,_pink_,,_blueDark_r,_blue_,_brown_r,_blue_,_blueDark_r,,_blueDark_r,_blue_,_blueDark_r,_brown_g,_blue_,,_blueDark_r,_blue_,_pink_
-1560,_blue_,_brownDark_r,_blue_,_blue_,_brownDark_r,,_blueDark_r,_blue_,_blue_,_blueDark_r,_blue_,,,_pink_,_blue_,_blue_,_pink_,_blue_,,_brownDark_r,_brown_r,,_blue_,_blue_,_brownDark_r,_brown_g,_blueDark_r,,_blueDark_r,_blue_,_blueDark_r,_brown_g,_blue_,,_pink_,_pink_,_pink_
-1500,_blue_,_blue_,_blue_,_blue_,_brownDark_r,,_blue_,_blueDark_r,_blue_,_blue_,_blueDark_r,,,_brownDark_r,_blue_,_blue_,_pink_,_blue_,,_brownDark_r,_pink_,,_blue_,_blue_,_pink_,_blueDark_g,_blue_,,_brown_r,_blue_,_pink_,_brown_g,_blue_,,_blueDark_r,_pink_,_pink_
-1440,_blue_,_blueDark_g,_blue_,_blueDark_r,_brownDark_r,,_blueDark_r,_brownDark_r,_blueDark_r,_brownDark_r,_blueDark_g,,,_pink_,_blue_,_blueDark_g,_pink_,_blueDark_r,,_brownDark_r,_pink_,,_blueDark_r,_blue_,_pink_,_blue_,_blueDark_r,,_brownDark_r,_blue_,_blueDark_r,_blueDark_g,_brownDark_r,,_blueDark_r,_brownDark_r,_brownDark_g
-1380,_brownDark_r,_blue_,_blueDark_g,_blue_,_pink_,,_blue_,_pink_,_blueDark_r,_blueDark_r,_blueDark_g,,,_blueDark_r,_blue_,_blue_,_brownDark_g,_blue_,,_blueDark_r,_brown_g,,_blue_,_brownDark_r,_pink_,_blue_,_blue_,,_brownDark_r,_blueDark_g,_blue_,_brown_g,_blueDark_r,,_brownDark_r,_pink_,_pink_
-1320,_brownDark_r,_blue_,_blue_,_blue_,_pink_,,_brown_r,_pink_,_blueDark_g,_blueDark_r,_blueDark_r,,,_brown_r,_blueDark_r,_blue_,_blue_,_blue_,,_blue_,_brown_g,,_blue_,_blue_,_blue_,_blueDark_r,_blue_,,_blue_,_blueDark_r,_blue_,_brownDark_r,_pink_,,_brownDark_r,_pink_,_pink_
-1260,_blue_,_blue_,_blueDark_g,_blue_,_pink_,,_brown_r,_pink_,_blueDark_r,_brownDark_r,_blue_,,,_blue_,_blueDark_r,_brownDark_g,_blueDark_g,_blue_,,_blue_,_brown_g,,_pink_,_brownDark_r,_blueDark_r,_blue_,_blue_,,_brownDark_r,_blueDark_r,_brownDark_r,_pinkDark_,_blueDark_g,,_blueDark_r,_brownDark_r,_blueDark_r
-1200,_blueDark_g,_blue_,_blue_,_blue_,_pink_,,_brown_r,_pink_,_brownDark_r,_blueDark_r,_brownDark_r,,,_brownDark_g,_brownDark_r,_pink_,_brownDark_g,_blueDark_r,_pink_,_blueDark_r,_blueDark_g,,_blue_,_brownDark_r,_pink_,_pink_,_blue_,_pink_,_blueDark_r,_pink_,_pink_,_blueDark_g,_blue_,,_brownDark_r,_brownDark_r,_pinkDark_
-1140,_brownDark_g,_blue_,_brownDark_r,_brownDark_r,_pink_,,_blueDark_r,_blue_,_blueDark_r,_brownDark_r,_brownDark_r,,,,_blueDark_r,_blueDark_r,_blueDark_r,_blueDark_r,_pink_,_blue_,_blue_,,_blue_,_brownDark_r,_pink_,_pink_,_blue_,_blue_,_blueDark_r,_pink_,_blueDark_g,_pink_,_blue_,,_blueDark_r,_brownDark_r,_pink_
-1080,_pink_,_blue_,_brownDark_r,_brownDark_r,_blueDark_g,,_blue_,_brownDark_r,_blue_,_pink_,_blue_,,,_blue_,_pink_,_blueDark_r,_pink_,_blueDark_r,_brownDark_r,_blueDark_r,_blueDark_g,,_blueDark_r,_blueDark_r,_pinkDark_,_blueDark_g,_blue_,_blueDark_r,_blueDark_r,_pink_,_pink_,_blueDark_g,_pink_,,_blueDark_r,_pink_,_blueDark_g
-1020,_blueDark_g,_blueDark_g,_brownDark_r,_pink_,_blueDark_g,,_brownDark_r,_blueDark_g,_blueDark_g,_pink_,_blueDark_r,,,_brownDark_g,_blueDark_r,_blue_,_pink_,_blue_,_blueDark_g,_blue_,_blueDark_g,,_brownDark_r,_pink_,_blueDark_r,_brownDark_r,_blueDark_r,_blueDark_r,_blueDark_r,_pink_,_pink_,_blue_,_pink_,,_blueDark_r,_pinkDark_,_pink_
-960,_pink_,_brownDark_r,_brownDark_r,_pink_,_blue_,,_brownDark_r,_pink_,_blue_,_pink_,_brownDark_r,,,_brownDark_g,_blueDark_r,_blue_,_pink_,_blueDark_r,_brownDark_g,_blue_,_blue_,,_blueDark_g,_pink_,_brownDark_r,_blueDark_r,_blueDark_r,_blueDark_r,_blue_,_brownDark_r,_blueDark_g,_blue_,_blue_,,_blue_,_brownDark_r,_pink_
-900,_pink_,_brownDark_r,_pink_,_blueDark_r,_blueDark_r,,_blueDark_r,_brownDark_r,_pink_,_brown_r,_blueDark_r,_blueDark_r,,_pink_,_pink_,_blueDark_r,_pink_,_blueDark_r,_pink_,_blue_,_blueDark_g,,_blueDark_r,_blueDark_g,_pink_,_blueDark_r,_blueDark_r,_blueDark_r,_blue_,_pink_,_pink_,_pink_,_blueDark_g,,_blueDark_r,_pink_,_blueDark_g
-840,_pink_,_pink_,_blue_,_blue_,_pink_,,_blue_,_blueDark_g,_blueDark_r,_pink_,_blue_,_blue_,,_pink_,_blue_,_blue_,_brownDark_r,_blueDark_g,_brownDark_g,_blue_,_pink_,,_blue_,_pink_,_pink_,_blue_,_blue_,_blueDark_r,_blueDark_r,_pink_,_pink_,_blue_,_pink_,,_blue_,_brownDark_r,_blueDark_r
-780,_pink_,_pink_,_brownDark_r,_brownDark_r,_pinkDark_,_blue_,_pink_,_blueDark_r,_brownDark_r,_pink_,_blue_,_blueDark_r,,_pink_,_brownDark_r,_pink_,_pinkDark_,_blueDark_r,_pink_,_blue_,_pinkDark_,,_blueDark_r,_blueDark_r,_blueDark_g,_blue_,_brownDark_r,_blue_,_blueDark_r,_pink_,_blueDark_r,_brownDark_g,_blueDark_g,,_blue_,_blue_,_blueDark_r
-720,_pink_,_pink_,_blueDark_r,_brownDark_r,_blue_,_blueDark_g,_pink_,_pink_,_brownDark_r,_pink_,_brownDark_g,_brownDark_r,,_pink_,_pink_,_pink_,_pink_,_blueDark_g,_pink_,_pink_,_pink_,,_blue_,_pink_,_blueDark_r,_blueDark_g,_pink_,_blueDark_r,_brownDark_r,_pink_,_pink_,_pink_,_blue_,,_brownDark_r,_pink_,_blueDark_r
-660,_pink_,_pink_,_pink_,_brownDark_r,_pink_,_blue_,_blue_,_pink_,_pink_,_pink_,_blueDark_g,_blueDark_r,,_pink_,_pink_,_pink_,_blueDark_r,_blueDark_r,_pink_,_pink_,_blueDark_r,,_blueDark_r,_blueDark_r,_pink_,_pink_,_blueDark_g,_blue_,_pink_,_pinkDark_,_blue_,_pink_,_blue_,,_blueDark_r,_pink_,_pink_
-600,_blueDark_r,_pink_,_pink_,_brownDark_r,_blueDark_g,_pink_,_blueDark_g,_pink_,_brownDark_r,_pink_,_blueDark_g,_blueDark_r,,_blueDark_r,_pink_,_pink_,_pink_,_pink_,_pink_,_brownDark_r,_blueDark_r,,_blue_,_pink_,_blueDark_r,_blue_,_blueDark_g,_brownDark_r,_blueDark_r,_pink_,_blue_,_brownDark_g,_pink_,,_brownDark_r,_blueDark_g,_pink_
-540,_pink_,_pink_,_pink_,_brownDark_r,_brownDark_r,_pink_,_blueDark_r,_pink_,_pink_,_brownDark_r,_pink_,_blueDark_r,_brownDark_r,_pink_,_pink_,_pink_,_pink_,_pink_,_pink_,_blue_,_blue_,,_pink_,_brownDark_r,_blueDark_r,_blueDark_r,_pink_,_pink_,_brownDark_r,_pink_,_pink_,_pink_,_blueDark_g,,_brownDark_r,_pink_,_pink_
-480,_blue_,_pink_,_pink_,_brownDark_r,_brownDark_r,_blue_,_blueDark_r,_pink_,_pink_,_pink_,_pink_,_pink_,_brownDark_r,_pink_,_brownDark_r,_pink_,_blueDark_r,_pink_,_pink_,_brownDark_r,_blueDark_g,,_blueDark_r,_pink_,_pink_,_pink_,_brownDark_g,_brownDark_r,_blueDark_r,_pink_,_pink_,_pink_,_pink_,,_brownDark_r,_pink_,_pink_
-420,_blueDark_r,_pink_,_pink_,_pink_,_pink_,_blue_,_pink_,_blue_,_blueDark_r,_pinkDark_,_pink_,_blueDark_g,_pink_,_pink_,_pink_,_brownDark_r,_pink_,_pink_,_pink_,_blueDark_g,_brownDark_g,,_blueDark_g,_blueDark_r,_pink_,_blueDark_r,_brownDark_r,_pink_,_blueDark_r,_pink_,_blueDark_r,_blue_,_blueDark_g,,_pink_,_pink_,_pink_
-360,_pink_,_pink_,_brownDark_r,_pink_,,_brownDark_r,_pink_,_pink_,_brownDark_r,_pink_,_pink_,_blueDark_r,_pink_,_pink_,_pink_,_pink_,_pink_,_pink_,_brownDark_g,_pink_,_pink_,,_blueDark_g,_pink_,_pink_,_pink_,_pink_,_brown_r,_blue_,_pink_,_pink_,_pink_,_blue_,_blue_,_pink_,_pink_,_pink_
-300,_pink_,_pink_,_pinkDark_,_pink_,,_pink_,_pink_,_brownDark_r,_pink_,_pink_,_pink_,_brownDark_r,_pink_,_pink_,_pink_,_pink_,_blueDark_g,_pink_,_pink_,_pink_,_blueDark_g,,_pink_,_pink_,_blueDark_r,_blue_,_pink_,_pinkDark_,_brownDark_r,_pinkDark_,_pink_,_blueDark_r,_blueDark_g,_pink_,_brownDark_r,_pink_,_pink_
-240,_pink_,_pinkDark_,_pink_,_pink_,,_pink_,_pink_,_brownDark_r,_pink_,_blueDark_g,_blueDark_g,_pink_,_blueDark_r,_pink_,_pink_,_pink_,_brownDark_g,_pink_,_pink_,_pink_,_blueDark_r,,_pink_,_pink_,_pink_,_blue_,_pinkDark_,_pink_,_brownDark_r,_pink_,_brownDark_r,_blue_,_brownDark_r,_pink_,_brownDark_r,_pink_,_pinkDark_
-180,_brownDark_r,_pink_,_pink_,_pink_,,_pink_,_blue_,_brownDark_r,_pink_,_blueDark_r,_pink_,_pink_,_pink_,_brownDark_r,_brownDark_r,_pink_,_pink_,_pink_,_brownDark_r,_pink_,_blueDark_r,,_blueDark_r,_pink_,_pink_,_blue_,_pink_,_pink_,_blueDark_g,_pink_,_pink_,_brownDark_g,_pink_,_brownDark_r,_pink_,_pink_,_pink_
-120,_pink_,_blueDark_r,_blueDark_r,_pink_,,_pinkDark_,_pink_,_pink_,_pink_,_blue_,_pink_,_pink_,_pinkDark_,_blue_,_pink_,_pink_,_pink_,_pinkDark_,_blueDark_g,_pink_,,_pink_,_blueDark_r,_pink_,_pink_,_pink_,_pink_,_pink_,_pink_,_pink_,_pink_,_blue_,_pink_,_blueDark_r,_pink_,_pink_,_pink_
-60,_blueDark_r,_pink_,_blueDark_r,_pink_,,_pink_,_pink_,_pink_,_pink_,_blueDark_g,_blue_,_pink_,_pink_,_blueDark_r,_blueDark_r,_pink_,_blueDark_r,_pink_,_pink_,_pink_,_brownDark_r,_pink_,_pink_,_pink_,_pink_,_blueDark_g,_pink_,_pinkDark_,_blueDark_r,_brownDark_g,_pink_,_pink_,_pink_,_blue_,_pink_,_blueDark_r,_pink_
0,_pink_,_pink_,_pinkDark_,_pink_,,_pinkDark_,_pink_,_pinkDark_,_pink_,_pink_,_pink_,_pink_,_pink_,_blue_,_blueDark_r,_pink_,_pink_,_pink_,_pink_,_brownDark_r,_blueDark_r,_pink_,_pink_,_blue_,_pink_,_pink_,_pink_,_pink_,_pink_,_pink_,_pink_,_pink_,_blueDark_g,_blue_,_pink_,_pink_,
60,_blue_,_blueDark_r,_pink_,_pinkDark_,,_pink_,_blueDark_g,_pink_,_pink_,_pink_,_pink_,_pink_,_pink_,_blueDark_r,_blueDark_r,_pink_,_pink_,_pink_,_pink_,_pink_,_pink_,_pink_,_pink_,_pink_,_blue_,_pink_,_pink_,_pink_,_pink_,_pink_,_pink_,_pink_,_brownDark_g,_pink_,_pink_,_pink_,
120,_brownDark_r,_blue_,_pinkDark_,_brownDark_g,,_pink_,_pink_,_blueDark_g,_pink_,_pink_,_pink_,_pinkDark_,_pink_,_pink_,_pink_,_brownDark_r,_blueDark_r,_pink_,_pink_,_pink_,_brownDark_r,_brownDark_r,_brownDark_r,_brownDark_r,_pink_,_pinkDark_,_pink_,_pink_,_pink_,_pinkDark_,_blueDark_g,_pink_,_pink_,_pink_,_pink_,_blueDark_r,_blueDark_r
180,_brownDark_r,_brownDark_g,_brownDark_r,_pink_,,_blueDark_r,_blueDark_r,_pink_,_blue_,_pink_,_pink_,_pink_,_pink_,_pink_,_blueDark_g,_pink_,,_pink_,_pink_,_pink_,_pinkDark_,_pink_,_blue_,_pink_,_pink_,_pink_,_pinkDark_,_blueDark_r,_pinkDark_,_pink_,_pink_,_pink_,_pink_,_pink_,_pinkDark_,_pinkDark_,_pinkDark_
240,_blueDark_r,_brownDark_g,_pink_,_pink_,,_pinkDark_,_pink_,_pink_,_pink_,_pink_,_pink_,_pink_,_pink_,_blueDark_g,_pink_,_blueDark_r,,_blueDark_r,_pink_,_pink_,_blueDark_r,_pink_,_blueDark_g,_blueDark_r,_brownDark_r,_pink_,_pink_,_blue_,_brownDark_r,_pinkDark_,_pink_,_pink_,_pink_,_pink_,_pinkDark_,_pink_,_pinkDark_
300,_pinkDark_,_pinkDark_,_pink_,_blueDark_g,,_pink_,_pink_,_brownDark_r,_pink_,_pink_,_pink_,_pink_,_pinkDark_,_blueDark_r,_blue_,_pinkDark_,_pink_,_pink_,_pink_,_blueDark_g,_pink_,_pink_,_pinkDark_,_blueDark_g,_pink_,,_pink_,_pink_,_brownDark_r,_pinkDark_,_blueDark_r,_brownDark_r,_blue_,_blueDark_r,_blueDark_r,_pinkDark_,_pink_
360,_pink_,_pink_,_brownDark_r,_blueDark_g,,_pink_,_blueDark_g,_blueDark_r,_brownDark_r,_pink_,_brownDark_g,_blueDark_r,_pinkDark_,_pink_,_pink_,_pinkDark_,_pink_,_pink_,_pink_,_pink_,_pinkDark_,_pink_,_blue_,_blueDark_g,_blue_,_pink_,_pink_,_pinkDark_,_pink_,_pink_,_blueDark_g,_pinkDark_,_blue_,_blueDark_r,_blueDark_r,_blueDark_r,_pink_
420,_blue_,_pink_,_pink_,_blue_,,_blue_,_pinkDark_,_blue_,_blueDark_r,_blue_,_blueDark_g,_blueDark_r,_pinkDark_,_pink_,_blue_,_pink_,_pink_,_pink_,_blueDark_g,_blueDark_g,_blue_,_blueDark_r,_blueDark_r,_blue_,,_pink_,_blueDark_g,_pinkDark_,_blueDark_g,_pink_,_blueDark_r,_pink_,_blueDark_g,_pink_,_brownDark_r,_pink_,_pinkDark_
480,_blue_,_pink_,_blueDark_r,_brownDark_g,,_pinkDark_,_pinkDark_,_pink_,_pink_,_blue_,_blue_,_blueDark_g,_pinkDark_,_pink_,_pink_,_pink_,_pink_,_pink_,_pinkDark_,_blueDark_r,_blueDark_r,_pinkDark_,_blueDark_r,_blueDark_r,_pink_,_blue_,_blue_,_pink_,_pinkDark_,,_blueDark_r,_brownDark_g,_pinkDark_,_blueDark_g,_pink_,_brownDark_r,_pinkDark_
540,_blueDark_g,_blue_,_pinkDark_,_pink_,,_pink_,_pinkDark_,_blueDark_g,_pinkDark_,_blueDark_g,_pink_,_brownDark_g,_pinkDark_,_brownDark_g,_blueDark_g,_pink_,_pink_,_pink_,_pink_,_pinkDark_,_pink_,_pinkDark_,_brownDark_r,_pink_,_pink_,_brownDark_r,_blue_,_pinkDark_,_pinkDark_,_pink_,_blue_,_blueDark_g,_pinkDark_,_blueDark_g,_pink_,_blue_,_blueDark_r
600,_brownDark_g,_blue_,_pinkDark_,_blueDark_g,,_pink_,_pinkDark_,_pink_,_pinkDark_,_pink_,_pink_,_pink_,_pinkDark_,_pinkDark_,_blue_,_pink_,,_pinkDark_,_pinkDark_,_pink_,_pink_,_pinkDark_,_pink_,_pinkDark_,,_pink_,_blueDark_r,_brownDark_g,_pink_,_pink_,_brownDark_r,_pink_,_pink_,_pink_,_pinkDark_,_pink_,_pink_
660,_blue_,_pink_,_pink_,_pink_,,_blueDark_g,_pinkDark_,_pinkDark_,_pinkDark_,_pink_,_pink_,_pink_,_pinkDark_,_pinkDark_,_blueDark_g,_pinkDark_,_pink_,_pink_,_pink_,_pink_,_pinkDark_,_pinkDark_,_pinkDark_,,,_pinkDark_,_blueDark_r,_blueDark_g,_pink_,_blueDark_g,_pink_,_pink_,,_pinkDark_,_pinkDark_,_pinkDark_,_blueDark_g
720,_pink_,_blueDark_g,_pinkDark_,_blueDark_g,,_blueDark_g,_pink_,_pink_,_pinkDark_,_pinkDark_,_pinkDark_,_pinkDark_,_pinkDark_,_pinkDark_,_pinkDark_,_blue_,_pinkDark_,_pink_,_blueDark_g,_pinkDark_,_pinkDark_,_pink_,_pinkDark_,_brownDark_g,_pinkDark_,_pink_,_blueDark_r,_pink_,_pinkDark_,_pink_,_blueDark_r,_pink_,,_brownDark_g,_pinkDark_,_pinkDark_,_blueDark_g
780,_pink_,_blue_,_pinkDark_,_blueDark_g,,_pinkDark_,_pink_,_pinkDark_,_pinkDark_,_pinkDark_,_pinkDark_,_pink_,_pink_,_pinkDark_,_pinkDark_,_brownDark_g,_pink_,_pink_,_pink_,_pinkDark_,_pinkDark_,_blueDark_r,_blue_,_pinkDark_,_pink_,_pink_,_blueDark_g,_pink_,_pinkDark_,_pinkDark_,_pinkDark_,_pink_,,_pinkDark_,_pinkDark_,,_pink_
840,_pinkDark_,_blueDark_g,_pinkDark_,_blueDark_g,,_pinkDark_,_pinkDark_,_pink_,_pinkDark_,_pinkDark_,_pinkDark_,_pink_,_pink_,_pink_,_blueDark_r,_pink_,,_pink_,_pink_,_pinkDark_,_pink_,_pinkDark_,_pink_,,,,_pink_,_pink_,_pink_,_blueDark_r,,,,_pink_,_pinkDark_,_pink_,_pink_
900,_pinkDark_,_blueDark_r,_pink_,_pink_,,_pinkDark_,_pink_,_pinkDark_,_pinkDark_,_pink_,_pink_,_pink_,_pink_,_pinkDark_,_pink_,_pink_,_pinkDark_,_pinkDark_,_pink_,_blueDark_r,,_blueDark_r,_pink_,_pink_,,_pink_,_pinkDark_,_pinkDark_,_pinkDark_,_blueDark_g,_pinkDark_,,,_blueDark_r,_brownDark_r,,_blue_
960,_pink_,_blue_,_brownDark_g,_blue_,,,_pinkDark_,_pinkDark_,_pinkDark_,_pink_,_pink_,_pinkDark_,_blueDark_r,_pink_,_pink_,_pinkDark_,,_pinkDark_,_pink_,_pinkDark_,,_pink_,_pinkDark_,_pink_,,_blue_,_pinkDark_,_pinkDark_,_pink_,_pink_,_pink_,,,_pink_,_blueDark_r,_pink_,_blueDark_g
1020,_pink_,_blueDark_g,_pink_,_pink_,,,_pinkDark_,_pink_,_pinkDark_,_brownDark_g,_brownDark_g,_blueDark_r,_pinkDark_,_pink_,_pinkDark_,_pink_,,_pinkDark_,_pink_,_pink_,,_pink_,_pinkDark_,_pink_,,_blueDark_g,_brownDark_r,_pinkDark_,,_pinkDark_,_pinkDark_,,,_pink_,_blueDark_r,_pinkDark_,_pink_
1080,_pinkDark_,_blueDark_g,_pink_,_pink_,,_pinkDark_,_pinkDark_,_pinkDark_,_pinkDark_,_pink_,_pinkDark_,_pinkDark_,,_blue_,_pinkDark_,_pinkDark_,,_pink_,_pinkDark_,_pinkDark_,,_pink_,_pink_,_pinkDark_,,_pinkDark_,_blue_,_pinkDark_,_pinkDark_,_brownDark_r,_pink_,,,_pink_,_pinkDark_,_pinkDark_,_blue_
1140,_pinkDark_,_pink_,_pink_,_pink_,,_pinkDark_,_pink_,_pinkDark_,_pink_,_blueDark_r,_blueDark_r,_blueDark_r,_pinkDark_,_blue_,_pink_,,,_pink_,_pinkDark_,_pink_,,_pink_,_pink_,,,_pink_,_pink_,_pinkDark_,_pinkDark_,_pinkDark_,_pink_,,,_pink_,_pinkDark_,,_blueDark_r
1200,_pink_,_pink_,_pinkDark_,_pink_,,_pinkDark_,_pinkDark_,_pinkDark_,_pink_,_pinkDark_,_pinkDark_,_pinkDark_,_pink_,_pink_,_pinkDark_,,,_blueDark_g,_pink_,_pinkDark_,,_pinkDark_,_pink_,,,_pinkDark_,_pinkDark_,_pinkDark_,_pink_,_pinkDark_,_pink_,,,_pink_,_pinkDark_,_pink_,_pink_
1260,_pinkDark_,_blueDark_r,_pink_,,,_pinkDark_,_pinkDark_,_pinkDark_,_pinkDark_,_pink_,_pinkDark_,_blue_,_pink_,_pinkDark_,_pink_,,,_pink_,_pinkDark_,_blue_,,_pinkDark_,_pink_,,,_pinkDark_,_pink_,_pink_,_pinkDark_,_pink_,_pinkDark_,,,_pink_,_pink_,_pinkDark_,_pink_
1320,_pink_,_blue_,_pinkDark_,_pinkDark_,,_brownDark_r,_pinkDark_,_pink_,_pink_,_blueDark_g,_blueDark_g,_blue_,_blueDark_g,_pinkDark_,_pinkDark_,,,_pink_,_pinkDark_,_blue_,,_pink_,_pinkDark_,,,_pink_,_blue_,_pinkDark_,_pinkDark_,_pink_,_pinkDark_,,,_pink_,_pinkDark_,,_pink_
1380,_pink_,_pink_,_pinkDark_,_pink_,,_pinkDark_,_pinkDark_,_pinkDark_,_pinkDark_,_pink_,_pink_,_blueDark_g,_pink_,_pinkDark_,_pink_,,,_pinkDark_,_pink_,_pink_,,_pink_,_pink_,,,_pink_,_pink_,_blueDark_r,,_pinkDark_,_pinkDark_,,,_pink_,_pinkDark_,,_brownDark_g
1440,_pinkDark_,_pink_,_pink_,_pinkDark_,,_pinkDark_,_pink_,_brownDark_g,_pink_,_blueDark_g,,_brownDark_g,_pinkDark_,_pinkDark_,_pink_,,,_blueDark_g,_pinkDark_,_pink_,,_pinkDark_,_pink_,,,_blue_,_pink_,_pink_,,_blueDark_g,_pinkDark_,,,_pink_,_pink_,,_pinkDark_
1500,_pink_,_brownDark_g,_pink_,_pinkDark_,,_pinkDark_,anaphase,_pinkDark_,_pink_,_pink_,_pink_,_blueDark_g,_pink_,_pinkDark_,,,,_blueDark_r,_pinkDark_,_pinkDark_,,_pinkDark_,_brownDark_r,,,_pinkDark_,_blue_,_pinkDark_,,_pinkDark_,_pinkDark_,,,_blueDark_g,_pinkDark_,,_pink_
1560,_pink_,_blue_,_pink_,_blue_,,_pinkDark_,,_pinkDark_,_pinkDark_,_blueDark_r,_pinkDark_,anaphase,_pinkDark_,_pink_,_pinkDark_,,,_pinkDark_,_pink_,_pinkDark_,,_pinkDark_,_pink_,,,,_pink_,_brownDark_g,,_blueDark_g,_pink_,,,_brownDark_r,_pinkDark_,,_pinkDark_
1620,_pinkDark_,_pink_,_pink_,_brownDark_r,,_pinkDark_,,_pinkDark_,_pinkDark_,_blueDark_g,_brownDark_g,,_pinkDark_,_pinkDark_,_pinkDark_,,,_pinkDark_,_pinkDark_,_pink_,,_pinkDark_,_pink_,,,,_pink_,_pinkDark_,,_blueDark_g,_pinkDark_,,,_pinkDark_,_pinkDark_,,_blueDark_g
1680,_pinkDark_,_brownDark_g,_pinkDark_,_pinkDark_,,_pinkDark_,,_pink_,_pinkDark_,_pink_,_pink_,,_pinkDark_,_pinkDark_,_pinkDark_,,,,_pink_,_pinkDark_,,_pinkDark_,_pinkDark_,,,,_pink_,_pinkDark_,,_pink_,_pinkDark_,,,_pinkDark_,_pinkDark_,,
1740,_pink_,_pink_,_pinkDark_,_pinkDark_,,,,_pinkDark_,_pink_,_pinkDark_,_pinkDark_,,_pinkDark_,_pinkDark_,,,,_blueDark_g,_pinkDark_,_pinkDark_,,_pinkDark_,_pinkDark_,,,,_pinkDark_,_pinkDark_,,_pinkDark_,_pinkDark_,,,_pinkDark_,_pinkDark_,,_pink_
1800,_pink_,_pink_,_pink_,_pink_,,_pink_,,_pinkDark_,_pinkDark_,_pink_,_pink_,,_pinkDark_,_pinkDark_,,,,_pink_,_pinkDark_,,,_pink_,,,,,_pinkDark_,anaphase,,,_pinkDark_,,,,_pinkDark_,,
1860,anaphase,_pink_,,_pinkDark_,,_pinkDark_,,,_pink_,_pinkDark_,_pinkDark_,,_brownDark_g,_brownDark_g,,,,_pinkDark_,_pinkDark_,_pinkDark_,,_pink_,_pinkDark_,,,,,,,,_pinkDark_,,,_pinkDark_,_pinkDark_,,_pink_
1920,,_brownDark_r,,_pink_,,_pinkDark_,,_pinkDark_,_pinkDark_,_pinkDark_,_pinkDark_,,_pinkDark_,_pink_,,,,_pinkDark_,_pink_,_pink_,,_pinkDark_,,,,,,,,,_pink_,,,anaphase,_pinkDark_,,_pinkDark_
1980,,_blueDark_r,,_pink_,,anaphase,,,_pink_,,_brownDark_g,,_pinkDark_,_pinkDark_,,,,_pink_,_pink_,_pinkDark_,,_pinkDark_,_pinkDark_,,,,,,,,_pinkDark_,,,,_pinkDark_,,_pinkDark_
2040,,_pink_,_pink_,_pinkDark_,,,,_pink_,anaphase,_pinkDark_,_pink_,,_pinkDark_,_pinkDark_,,,,_pinkDark_,_pinkDark_,_pink_,,_pinkDark_,_pink_,,,,,,,,_pinkDark_,,,,_pinkDark_,,
2100,,_pinkDark_,_pink_,_pinkDark_,,,,_pink_,,_pink_,_pink_,,_pinkDark_,_pinkDark_,,,,_pinkDark_,_pinkDark_,_pink_,,_pink_,_pinkDark_,,,,_pinkDark_,,,,_pinkDark_,,,,_pinkDark_,,_pinkDark_
2160,,_pink_,,,,,,anaphase,,_pinkDark_,_pinkDark_,,_pinkDark_,_pinkDark_,,,,_pink_,_pinkDark_,_pink_,,_pinkDark_,_pinkDark_,,,,_pink_,,,,_pinkDark_,,,,_brownDark_r,,_pink_
2220,,_pinkDark_,,,,,,,,_pink_,_pink_,,_pinkDark_,_pinkDark_,,,,,_pink_,_pinkDark_,,anaphase,anaphase,,,,,,,,_pinkDark_,,,,_pinkDark_,,_pinkDark_
2280,,_pinkDark_,,,,,,,,_pinkDark_,_pinkDark_,,_pinkDark_,_pinkDark_,,,,_pink_,_pink_,_pink_,,,,,,,,,,,_pinkDark_,,,,_pinkDark_,,_pinkDark_
2340,,_pinkDark_,,,,,,,,_pinkDark_,_pinkDark_,,_blue_,_pinkDark_,,,,_pink_,_pinkDark_,,,,,,,,,,,,_pink_,,,,_pink_,,anaphase
2400,,_pinkDark_,,,,,,,,_pinkDark_,_pinkDark_,,_pinkDark_,_pink_,,,,_blue_,_pink_,,,,,,,,,,,,anaphase,,,,_blue_,,
2460,,_pink_,,,,,,,,_pinkDark_,_pinkDark_,,anaphase,,,,,_pink_,_pinkDark_,_pinkDark_,,,,,,,,,,,,,,,_pinkDark_,,
2520,,_pinkDark_,,,,,,,,_pink_,_pink_,,,_pinkDark_,,,,_pinkDark_,_pink_,_pinkDark_,,,,,,,,,,,,,,,_pinkDark_,,
2580,,_pinkDark_,,,,,,,,_pinkDark_,_pinkDark_,,,_pinkDark_,,,,,_pinkDark_,_pinkDark_,,,,,,,,,,,,,,,_blueDark_r,,
2640,,_pinkDark_,,,,,,,,,,,,_pink_,,,,,_brownDark_r,_pinkDark_,,,,,,,,,,,,,,,_pinkDark_,,
2700,,_pinkDark_,,,,,,,,,,,,_pinkDark_,,,,,anaphase,_pinkDark_,,,,,,,,,,,,,,,_pink_,,
2760,,,,,,,,,,,,,,_pink_,,,,,,_pinkDark_,,,,,,,,,,,,,,,_pink_,,
2820,,_pinkDark_,,,,,,,,,_pinkDark_,,,_pink_,,,,,,_pink_,,,,,,,,,,,,,,,_pinkDark_,,
2880,,,,,,,,,,,_pinkDark_,,,_pinkDark_,,,,,,_pink_,,,,,,,,,,,,,,,_pink_,,
2940,,_pinkDark_,,,,,,,,,_blueDark_g,,,_pinkDark_,,,,,,_pink_,,,,,,,,,,,,,,,_pinkDark_,,
3000,,_pink_,,,,,,,,,_blueDark_g,,,_pink_,,,,,,_pinkDark_,,,,,,,,,,,,,,,_pinkDark_,,
3060,,_pinkDark_,,,,,,,,,,,,_pinkDark_,,,,,,_pinkDark_,,,,,,,,,,,,,,,_pink_,,
3120,,,,,,,,,,,,,,,,,,,,_pinkDark_,,,,,,,,,,,,,,,_pinkDark_,,
3180,,,,,,,,,,,,,,,,,,,,_pinkDark_,,,,,,,,,,,,,,,_pinkDark_,,
3240,,,,,,,,,,,,,,,,,,,,_brownDark_g,,,,,,,,,,,,,,,_pinkDark_,,
3300,,,,,,,,,,,,,,,,,,,,anaphase,,,,,,,,,,,,,,,_pinkDark_,,
3360,,,,,,,,,,,,,,,,,,,,,,,,,,,,,,,,,,,_pinkDark_,,
3420,,,,,,,,,,,,,,,,,,,,,,,,,,,,,,,,,,,_blueDark_r,,
3480,,,,,,,,,,,,,,,,,,,,,,,,,,,,,,,,,,,_pinkDark_,,
3540,,,,,,,,,,,,,,,,,,,,,,,,,,,,,,,,,,,_pinkDark_,,
3600,,,,,,,,,,,,,,,,,,,,,,,,,,,,,,,,,,,_pinkDark_,,
3660,,,,,,,,,,,,,,,,,,,,,,,,,,,,,,,,,,,_pinkDark_,,
3720,,,,,,,,,,,,,,,,,,,,,,,,,,,,,,,,,,,_pinkDark_,,
3780,,,,,,,,,,,,,,,,,,,,,,,,,,,,,,,,,,,_pinkDark_,,
3840,,,,,,,,,,,,,,,,,,,,,,,,,,,,,,,,,,,_pinkDark_,,
3900,,,,,,,,,,,,,,,,,,,,,,,,,,,,,,,,,,,_pinkDark_,,
3960,,,,,,,,,,,,,,,,,,,,,,,,,,,,,,,,,,,_pinkDark_,,
4020,,,,,,,,,,,,,,,,,,,,,,,,,,,,,,,,,,,anaphase,,
4080,,,,,,,,,,,,,,,,,,,,,,,,,,,,,,,,,,,,,
4140,,,,,,,,,,,,,,,,,,,,,,,,,,,,,,,,,,,,,
4200,,,,,,,,,,,,,,,,,,,,,,,,,,,,,,,,,,,,,