time to NEB,2,3,4,5,6,7,8,9,10,12,13,14,15,17,18,20,21,22,23,24,25,,1,3,4,5,6,7,8,9,10,12,13,14,15i,15ii,18,19,20,21,22i,22ii,24,25,26,27,28,29,30,31,32,33,34,35,36,37,38,39,41,43,44,45
-8520,,,,,,,,,,,,,,,,,,,,,,,,,,,,,,,,,,,,,,,,,,,,,_brownDark_r,,,,,,,,,,,,,,,,,
-8460,,,,,,,,,,,,,,,,,,,,,,,,,,,,,,,,,,,,,,,,,,,,,_blueDark_r,,,,,,,,,,,,,,,,,
-8400,,,,,,,,,,,,,,,,,,,,,,,,,,,,,,,,,,,,,,,,,,,,,_blue_,,,,,,,,,,,,,,,,,
-8340,,,,,,,,,,,,,,,,,,,,,,,,,,,,,,,,,,,,,,,,,,,,,_blue_,,,,,,,,,,,,,,,,,
-8280,,,,,,,,,,,,,,,,,,,,,,,,,,,,,,,,,,,,,,,,,,,,,_blue_,,,,,,,,,,,,,,,,,
-8220,,,,,,,,,,,,,,,,,,,,,,,,,,,,,,,,,,,,,,,,,,,,,_blue_,,,,,,,,,,,,,,,,,
-8160,,,,,,,,,,,,,,,,,,,,,,,,,,,,,,,,,,,,,,,,,,,,,_blue_,,,,,,,,,,,,,,,,,
-8100,,,,,,,,,,,,,,,,,,,,,,,,,,,,,,,,,,,,,,,,,,,,_blueDark_r,_blueDark_r,,,,,,,,,,,,,,,,,
-8040,,,,,,,,,,,,,,,,,,,,,,,,,,,,,,,,,,,,,,,,,,,,_brownDark_r,_brownDark_r,,,,,,,,,,,,_brownDark_r,,,,,
-7980,,,,,,,,,,,,,,,,,,,,,,,,,,,,,,,,,,,,,,,,,,,,_blueDark_r,_brownDark_r,,,,,,,,,,,,_blueDark_r,,,,,
-7920,,,,,,,,,,,,,,,,,,,,,,,,,,,,,,,,,,,,,,,,,,,_blue_,_pink_,_blueDark_r,,,,,,,,,,,,_blueDark_r,,,,,
-7860,,,,,,,,,,,,,,,,,,,,,,,,,,,,,,,,,,,,,,,,,,,_blueDark_g,_blueDark_r,_blueDark_r,,,,,,,,,,,,_blueDark_r,,,,,
-7800,,,,,,,,,,,,,,,,,,,_blue_,,,,,,,,,,,,,,,,,,,,,,,,_pink_,_pink_,_blueDark_r,,,,,,,,,,,,_blue_,,,,,
-7740,,,,,,,,,,,,,,,,,,,_blue_,,,,,,,,,,,,,,,,,,,,_blue_,,,,_blue_,_brownDark_r,_blueDark_r,,,,,,,,,,,,,,,,,
-7680,,,,,,,,,,,,,,,,,,,_blue_,,,,,,,,,,,,,,,,,,,,_blue_,,,,_blue_,_blueDark_r,_pink_,,,,,,,,,,,,,,,,,
-7620,,,,,,,_blue_,,,,,,,,,,,,_blue_,,,,,,,,,,,,,,,,,,,,_blue_,,,,_blue_,_blue_,_pink_,,,,,,,,,,,,,,,,,
-7560,,,,,,,_blue_,,,,,,,,,,,,_blueDark_g,,,,,,,,,,,,,,,,,,,,_blue_,,,,_blue_,_blue_,_blueDark_g,,,,,,,,,,,,,,,,,
-7500,,,,,,,_blueDark_r,,,_blue_,,,,,,,,,_blue_,,,,,,,,,,,,,,,,,,,,_blue_,,,,_blue_,_blue_,_blueDark_r,,,,,,,,,,,,,,,,,
-7440,,,,,,,_blue_,,,_blue_,,,,,,,,,_blue_,,,,,,,,,,,,,,,,,,,,_blue_,,,,_blue_,_blue_,_blueDark_r,,,,,,,,,,,,,,,,,
-7380,,,,,,,_brownDark_r,,,_blue_,,,,,,,,,_blue_,,,,,,,,,,,,,,,,,,,,_blue_,,,,_blue_,_blue_,_blueDark_r,,,,,,,,,,,,,,,,,
-7320,,,,,,,_brownDark_r,,,_blue_,,,,,,,,,_blue_,,_brownDark_r,,,,,,,,,,,,,,,,,,_blue_,,,,_blue_,_blue_,_blueDark_r,,,,,,,,,,,,,,,,,
-7260,,,,,,,_brownDark_r,,,_blueDark_g,,,,,,,,,_blue_,,_pink_,,,,,,,,,,,,,,,,,,_blue_,,,,_blueDark_r,_blue_,_pink_,,,,,,,,,,,,,,,,,
-7200,,,,,,,_blueDark_r,,,_blue_,,,,,,,,,_blue_,,_pink_,,,,,,,,,,,,,,,,,,_blue_,,,,_blue_,_blueDark_r,_pinkDark_,,,,,,,,,,,_blue_,,,,,,
-7140,,,,,,,_brownDark_r,,,_blue_,,,,,,,,,_blue_,,_pink_,,,,,,,,,,,,,,,,,,_brownDark_r,,,,_blueDark_g,_blue_,_blueDark_r,,,,,,,,,,,_blue_,,,,,,
-7080,,,,,,,_blue_,,,_blue_,,,,,,,,,_blueDark_r,,_blueDark_r,,,,,,,,,,,,,,,,,,_blue_,,,,_blueDark_r,_pink_,_blueDark_g,,,,,,,,,,,_blueDark_r,,,_blue_,,,
-7020,,,,,,,_brownDark_r,,,_blue_,,,,,,,,,_blue_,,_brownDark_r,,,,,_blue_,,,,,,,,,,,,,_blue_,,,,_blue_,_blue_,_brownDark_r,,,,,,,,,,,_blue_,,,_blueDark_g,,,
-6960,,,,,,,_brownDark_r,,,_blue_,,,,,,,,,_blue_,,_blueDark_r,,,,,_blue_,,,,,,,,,,,,,_blue_,,,,_blue_,_blue_,_blueDark_r,,,,,,,,,,,_blue_,,,_blueDark_r,,,
-6900,,,,,,,_brownDark_r,,,_blue_,,,,,,,,,_blue_,,_brownDark_r,,,,,_blue_,,,,,,,,,,,,,,,,,_blueDark_r,_blue_,_pink_,,,,,,,,,,,_blueDark_r,,,_blueDark_r,,,
-6840,,,,,,,_brownDark_r,,,_blueDark_r,,,,,,,,,_blue_,,_blue_,,,,,_blue_,,,,,,,,,,,,,_blue_,,,,_blue_,_blue_,_brownDark_r,,,,,,,,,,,_brownDark_r,,,_blue_,,,
-6780,,,,,,,_blueDark_r,,,_blue_,,,,,,,,,_blueDark_r,,_brownDark_r,,,,,_blue_,,,,,,,,,,,,,,,,,_blueDark_g,_blue_,_blueDark_r,,,,,,,,,,,_pink_,,,_blue_,,,
-6720,,,,,,,_blueDark_r,,,_brownDark_r,,,,,,,,,_blueDark_g,,_blueDark_g,,,,,_blue_,,,,,,,,,,,,,,,,,_blueDark_r,_blueDark_r,_blueDark_r,,,,,,,,,,,_blueDark_r,,,_blue_,,,
-6660,,,,,,,_brownDark_r,,,_blue_,,,,,,,,,_blue_,,_blue_,,,,,_blue_,,,,,,,,,,,,,,,,,_blueDark_r,_brownDark_r,_blue_,,,,,,,,,,,_blueDark_r,,,_blue_,,,
-6600,,,,,,,_brownDark_r,,,_blue_,,,,,,,,,_blue_,,_blueDark_r,,,,,_blue_,,,,,,,,,,,,,,,,,_blue_,_blue_,_pink_,,,,,,,,,,,_brownDark_r,,,_brownDark_r,,,
-6540,,,,,,,_blueDark_r,,,_blueDark_r,,,,,,,,,_blue_,,_blueDark_r,,,,,_blueDark_r,,,,,,,,,,,,,,,,,_pink_,_blue_,_blueDark_r,,,,,,,,,,,_blue_,,,_blue_,,,
-6480,,,,,,,_blueDark_r,,,_brownDark_r,,,,,,,,,_blue_,,_blueDark_r,,,,,_blue_,,,,,,,,,,,,,,,,,_blueDark_r,_brownDark_r,_blueDark_r,,,,,,,,,,,_blueDark_r,,,_blueDark_g,,,
-6420,,,,,,,_blue_,,,_blueDark_g,,,,,,,,,_blue_,,_brownDark_r,,,,,_blueDark_g,,,,,,,,,,,,,,,,,_blueDark_r,_blueDark_r,_blue_,,,,,,,,,,,_brownDark_r,,,_blueDark_g,,,
-6360,,,,,,,_blue_,,,_blue_,,,,,,,,,_blue_,,_blue_,,,,,_blue_,,,,,,,,,,,,,,,,,_pink_,_brownDark_r,_blueDark_r,,,,,,,,,,,_brownDark_r,,,,,,
-6300,,,,,,,_blueDark_r,,,_blue_,,,,,,,,,_blueDark_r,,_brownDark_r,,,,,_blue_,,,,,,,,,,,,_blueDark_r,,,,,_blueDark_r,_blueDark_r,_blueDark_r,,,,,,,,,,,_brownDark_r,,,,,,
-6240,,,,,,,_blueDark_r,,,_blue_,,,,,,,,,_blue_,,_blueDark_r,,,,,_blue_,,,,,,,,,,,,_blue_,,,,,_blueDark_r,_blue_,_blueDark_g,,,,,,,,,,,_brownDark_r,,,_blueDark_r,,,
-6180,,,,,,,_blue_,,,_blueDark_r,,,,,,,,,_blue_,,_blue_,,_blueDark_r,,,_blue_,,,,,,,,,,,,_blue_,,,,,_blueDark_r,_blueDark_r,_blue_,,,,,,,,,,,_blueDark_r,,,_pink_,,,
-6120,,,,,,,_blue_,,,_blueDark_r,,,,,,,,,_blue_,,_blueDark_r,,_blueDark_r,,,_blue_,,,,,,,,,,,,_blue_,,,,,_blueDark_r,_brownDark_r,_blueDark_r,,,,,,,,,,,_brownDark_r,,,_pink_,,,
-6060,,,,,,,_blueDark_r,,,_brownDark_r,,,,,,,,,_blue_,,_blueDark_r,,_blueDark_r,,,_blueDark_g,,,,,,,,,,,,_blue_,,,,,_blue_,_brownDark_r,_blue_,,,,,,,,,,,_blueDark_r,,,_blueDark_r,,,
-6000,,,,,,,_blue_,,,_blue_,,,,,,,,,_blue_,,_blue_,,_blueDark_r,,,_blueDark_g,,,,,,,,,,,,_blue_,,,,,_pink_,_brownDark_r,,,,,,,,,,,,_blue_,,,_blue_,,,
-5940,,,,,,,_blue_,,,_blue_,,,,,,,,,_blue_,,_blue_,,_blueDark_r,,,_blue_,,,,,,,,,,,,_blue_,,,,,_pink_,_blueDark_r,_blue_,,,,,,,,,,,_blueDark_r,,,_blue_,,,
-5880,,,,,,,_blue_,,,_blue_,,,,,,,,,_blue_,,_blue_,,_blueDark_r,,_blueDark_r,_blue_,,,,,,,,,,,,_blueDark_r,,,,,_blue_,_pink_,_blue_,,,,,,,,,,,_blueDark_r,,,_brownDark_r,,,
-5820,,,,,,,_blueDark_g,,,_blue_,,,,,,,,,_blue_,,_blue_,,_blue_,,_blueDark_r,_blue_,,,,,,,,,,,_blue_,_blueDark_r,,,,,_blueDark_g,_blueDark_r,_pink_,,,,,,,,,,,_blue_,,,_blue_,,,
-5760,,,,,,,_blue_,,,_blue_,,,,,,,,,_blue_,,_blueDark_r,,_blue_,,_blue_,_blue_,,,,,,,,,,,_brownDark_r,_blueDark_r,,,,,_blue_,_blueDark_r,_blueDark_r,,,,,,,,,,,_brownDark_r,,,_blueDark_r,,,
-5700,,,,,,,_blue_,,,_blueDark_g,,,,,,,,,_blue_,,_pink_,,_blue_,,_blue_,_blueDark_r,,,,,,,,,,,_pink_,_blue_,,,,,_blue_,_blueDark_r,_blue_,,,,,,,,,,,_blue_,,,_blue_,,,
-5640,,,,,,,_blue_,,,_blueDark_r,,,_blue_,,,,,,_pink_,,_blue_,,_blueDark_r,,_blueDark_r,_blueDark_r,,,,,,,,,,,_blueDark_r,_blueDark_r,,,,,_blue_,_blue_,_blue_,,,,,,,,,,,_blue_,,,_blueDark_r,,,
-5580,,,,,,,_blue_,,,_blue_,,,_blue_,,,,,,_blue_,,_blue_,,_blue_,,_blue_,_blue_,,,,,,,,,,,_blueDark_r,_blue_,,,,,_blue_,_blue_,_blue_,,,,,,,,,,,_brownDark_r,,,_blue_,,,
-5520,,,,,,,_blue_,,,_blue_,,,_blue_,,,,,,_blue_,,_blueDark_r,,_blue_,,_blueDark_r,_blue_,,,,,,,,,,,_blueDark_r,_blue_,,,,,_blue_,_brownDark_r,_blueDark_r,,,,,,,,,,,_blueDark_r,,,_blue_,,,
-5460,,,,,,,_blue_,,,_blue_,,,_brownDark_r,,,,,,_blue_,,_blue_,,_blueDark_r,,_blue_,_blueDark_g,,,,,,,,,,,_blue_,_blueDark_r,,,,,_pink_,_blueDark_r,_pink_,,,,,,,,,,,_blueDark_r,,,_blueDark_r,,,
-5400,,,,,,,_pink_,,,_blue_,,,_blueDark_r,,,,,,_blue_,,_blue_,,_blue_,,_blue_,_blueDark_r,,,,,,,,,,,_blue_,_brownDark_r,,,,,_blue_,_blue_,_blue_,,,,,,,,,,,_pink_,,,_brownDark_r,,,
-5340,,,,,,,_blueDark_r,,,_blueDark_r,,,_blueDark_r,,,,,,_blue_,,_blue_,,_brownDark_r,,_pink_,_brownDark_r,,,,,,,,,,,_blue_,_blue_,,,,,_blue_,_blue_,_blue_,,,,,,,,,,,_pink_,,,_blue_,,,
-5280,,,,,,,_blue_,,,_blue_,,,_blueDark_r,,,,,,_blue_,,_blue_,,_brown_r,,_brownDark_r,_blue_,,,,,_brownDark_r,,,,,,_blueDark_r,_blue_,,,,,_blueDark_r,_pink_,_pink_,,,,,,,,,,,_blueDark_r,,,_pink_,,,
-5220,,,,,,,_pink_,,,_blueDark_g,,,_blue_,,,,,,_blue_,,_blue_,,_pink_,,_pink_,_brownDark_r,,,,,_pink_,,,,,,_blue_,_blue_,,,,,_blueDark_r,_blueDark_r,_pink_,,,,,,,,,,,_blue_,,,_blueDark_r,,,
-5160,,,,,,,_blueDark_r,,,_blueDark_g,,,_blue_,,,,,,_blue_,,_brownDark_r,,_blue_,,_blue_,_blue_,,,,,_pink_,,,,,,_blue_,_blue_,,,,,_brownDark_r,_brown_r,_blue_,,,,,,,,,,,_blueDark_g,,,_blueDark_r,,,
-5100,,,,,,,_pink_,,,_blue_,,,_blue_,,,,,,_blue_,,_blue_,,_blueDark_r,,_blue_,_blue_,,,,,_blue_,,,,,,_blue_,_blue_,,,_blue_,_blueDark_r,_pink_,_pink_,_blueDark_g,,,,,,,,,,,_blueDark_r,,,_brownDark_r,,,
-5040,,,,,,,_brownDark_r,,,_blueDark_g,,,_blue_,,,,,,_blue_,,_blue_,,_brownDark_r,,_blueDark_r,_blue_,,,,,_blue_,,,,,,_blueDark_g,_blue_,,,_blue_,_blue_,_pink_,_brown_r,_blue_,,,,,,,,,,,_blueDark_r,,,_pink_,,,
-4980,,,,,,,_brownDark_r,,,_blue_,,,_blueDark_g,,,,,,_blue_,,_blue_,,_blueDark_r,,_blue_,_blue_,,,,,_brownDark_r,,,,,,_blue_,_blue_,,,_blueDark_r,_blue_,_blue_,_brownDark_r,_blueDark_r,,,,,,,,,,,_blueDark_r,,,_blue_,,,
-4920,,,,,,,_blueDark_r,,,_blue_,,,_blue_,,,,,,_blue_,,_blueDark_r,,_blue_,,_blue_,_blue_,,,,,_blueDark_r,,,,,,_blue_,_blue_,,,_blue_,_blue_,_blueDark_r,_blue_,_blue_,,,,,,,,,,,_blueDark_r,,,_blueDark_r,,,_brownDark_r
-4860,,,,,,,_blueDark_r,,,_pink_,,,_blue_,,,,,,_blue_,,_blue_,,_blueDark_r,,_blueDark_r,_blue_,,,,,_blueDark_r,,,,,,_blue_,_blue_,,,_blue_,_blue_,_blue_,_brownDark_r,_blueDark_g,,,,,,,,,,,_blue_,,,_pink_,,,_brownDark_r
-4800,,,,,,,_blueDark_g,,,_blue_,,,_blueDark_g,,,,,,_blueDark_r,,_blue_,,_brownDark_r,,_brownDark_r,_blue_,,,,,_blue_,,,,,,_blue_,_blue_,,,_blueDark_r,_blueDark_r,_pink_,_blueDark_r,_brownDark_r,,,,,,,,,,,_blueDark_r,_blueDark_r,,_blue_,,,_blue_
-4740,,,,,,,_blueDark_r,,,_blueDark_r,,,_blueDark_r,,,,,,_blue_,,_blue_,,_blueDark_r,,_brownDark_r,_blue_,,,,,_blue_,,,,,,_blue_,_pink_,,,_blueDark_r,_blue_,_pink_,_blueDark_r,_brownDark_r,,,,,,,,,,,_blueDark_r,_blueDark_r,,_blue_,,,_blueDark_g
-4680,,,,,,,_blue_,,,_blue_,,,_blue_,,,,,,_blueDark_g,,_blue_,,_pink_,,_blueDark_r,_pink_,,,,,_blue_,,,,,,_blueDark_r,_blueDark_r,,,_blue_,_blueDark_r,_blueDark_r,_brownDark_r,_blueDark_r,,,,,,,,,,_pink_,_blue_,_blue_,,_blueDark_r,,,_blue_
-4620,,,,,,,_blue_,,,_blue_,,,_blue_,,,,,,_blue_,,_blue_,,_blue_,,_blueDark_r,_blue_,,,,,_blue_,,,,,,,_brownDark_r,,,_blue_,_blueDark_g,_blue_,_brownDark_r,_blue_,,,,,,,,,,_pink_,_blue_,_blue_,,_blue_,,,_blue_
-4560,,,,,,,_blue_,,,_blueDark_r,,,_blueDark_r,,,,,,_brownDark_r,,_blue_,,_blueDark_r,,_brownDark_r,_brownDark_r,,,,,_blue_,,,,,,,_brownDark_r,,,_brownDark_r,_blue_,_blueDark_r,_blueDark_r,_blue_,,,,,,,,,,_pink_,_blue_,_blueDark_r,,_pink_,,,_blue_
-4500,,,,,,,_blue_,,,_blueDark_g,,,_blueDark_r,,,,,,_brownDark_r,,_blueDark_r,,_brownDark_r,,_blueDark_r,_brownDark_r,,,,,_blue_,,,,,,,_blueDark_r,,,_blueDark_r,_blueDark_g,_blue_,_brownDark_r,_blue_,,,,,,,,,,_pink_,_blueDark_r,_blue_,,_blueDark_r,,,_blueDark_r
-4440,,,,,,,_blueDark_r,,,_blue_,,,_blue_,,,,,,_blue_,,_blue_,,_brownDark_r,,_blueDark_r,_brownDark_r,,,,,_blue_,,,,,,_blue_,_blue_,,,_blueDark_r,_blue_,_blue_,_pink_,_pink_,,,,,,,,,,_brownDark_r,_blue_,_blue_,,_brownDark_r,,,_blue_
-4380,,,,,,,_blueDark_r,,,_blueDark_g,,,_blueDark_r,,,,,,_blueDark_r,,_blue_,,_brownDark_r,,_blue_,_brownDark_r,,,,,_blue_,,,,,,_blue_,_blue_,,,_blue_,_blueDark_r,_blue_,_brownDark_r,_blue_,,,,,,,,,,_pinkDark_,_blueDark_r,_blue_,,_blueDark_r,,,_blue_
-4320,,,,,,,_blueDark_r,,,_blue_,,,_blue_,,,,,,_blue_,,_blue_,,_brownDark_r,,_blueDark_r,_pink_,,,,_blueDark_r,_blue_,,,,,,_blue_,_blueDark_r,,,_pink_,_blueDark_r,_brownDark_r,_pink_,_blueDark_r,,,,,,,,,,_pinkDark_,_pink_,_pink_,,_blueDark_r,,,_blue_
-4260,,,,,,,_brown_g,,,_blueDark_r,,,_blue_,,,,,,_blueDark_g,_blueDark_r,_blue_,,_blue_,,_blueDark_r,_brownDark_r,,,,_brownDark_r,_blue_,,,,,,_blue_,_blueDark_r,,,_blue_,_blue_,_pink_,_pink_,_blue_,,,,,,,,,,_blueDark_r,_blueDark_r,_blue_,,_blueDark_r,,,_blueDark_r
-4200,,,,,,,_blueDark_g,,,_blue_,,,_blue_,,,,,,_blueDark_r,_blueDark_r,_blue_,,_blueDark_r,,_brownDark_r,_brownDark_r,,,,_blueDark_r,_blue_,,,,,,_blue_,_blue_,,_pink_,_blue_,_blue_,_blue_,_brownDark_r,_blue_,,,,,,,,,_pink_,_pink_,_blueDark_r,_blue_,,_blueDark_r,,,_blue_
-4140,,,,,,,_blueDark_r,,,_pink_,,,_blue_,,,,,,_blue_,_blue_,_brownDark_r,,_blueDark_r,,_blue_,_blue_,,,,_brownDark_r,_blue_,,,,,,_blue_,_blue_,,_blueDark_r,_pink_,_blueDark_g,_blueDark_g,_blueDark_r,_blue_,,,,,,,,,_blueDark_r,_pinkDark_,_blue_,_brownDark_r,,_pink_,,_pink_,_blue_
-4080,,,,,,,_blue_,,,_pink_,,,_blue_,,,,,,_blue_,_blueDark_r,_brownDark_r,,_blueDark_r,_blue_,_blueDark_r,_blueDark_r,,,,_brownDark_r,_blueDark_g,,,,,,_brownDark_r,_blue_,,_brownDark_r,_pink_,_blue_,_blue_,_blue_,_pink_,,,,,_blue_,,,,_blue_,_blueDark_g,_blueDark_r,_blue_,,_blue_,,_pink_,_blueDark_r
-4020,,,,,,,_blueDark_r,,,_blue_,,,_blueDark_r,,_blueDark_r,,_blueDark_r,,_blue_,_blue_,_blueDark_r,,_blue_,_blue_,_blue_,_blueDark_g,,,,_brownDark_r,_pink_,,,,,,_blue_,_blueDark_g,,_blueDark_r,_pink_,_blue_,_blue_,_blue_,_blue_,,,,,_blueDark_r,,,,_blueDark_r,_blueDark_r,_pink_,_brownDark_r,,_blueDark_r,,_pinkDark_,_brownDark_r
-3960,,,,,,,_blueDark_r,,,_blue_,,,_brownDark_r,,_blueDark_r,,_blueDark_r,,_blue_,_blue_,_blueDark_r,,_blueDark_r,_blueDark_r,_blue_,_blueDark_g,,,,_brownDark_r,_blue_,,,,,,_blue_,_blue_,,_blueDark_r,_pink_,_blueDark_r,_blue_,_brownDark_r,_blueDark_r,,,,,_blueDark_r,,,,_pink_,_blueDark_r,_pink_,_blue_,,_blueDark_r,,_pinkDark_,_brownDark_r
-3900,,,,,,,_blue_,,,_blueDark_r,,,_blueDark_r,,_blueDark_r,,_blue_,,_blue_,_blue_,_blue_,,_pink_,_blueDark_r,_brownDark_r,_blue_,,,,_blueDark_r,_blueDark_r,,,,,,_blue_,_blueDark_g,,_blueDark_r,_brownDark_g,_blue_,_blueDark_g,_brownDark_r,_brownDark_r,,,,_blueDark_g,_blue_,,,,_blueDark_r,_brownDark_r,_blue_,_blueDark_r,,_blueDark_r,,_blueDark_g,_blue_
-3840,,,,,,,_blueDark_g,,,_blue_,,,_blueDark_r,,_blueDark_r,,_blueDark_r,,_blueDark_r,_blueDark_r,_blue_,,_blueDark_r,_blueDark_r,_blue_,_blue_,,,,_pink_,_blue_,,,,,,_blueDark_r,_pink_,,_brownDark_r,_blueDark_g,_blueDark_r,_blueDark_r,_blueDark_r,_brownDark_r,,,,_blue_,_blue_,,,,_pink_,_blueDark_g,_blueDark_r,_blue_,,_blueDark_r,,_pink_,_blueDark_r
-3780,,,,,,,_blue_,,,_blue_,,,_blueDark_r,,_pink_,,_blue_,,_blue_,_blue_,_blueDark_r,,_blueDark_r,_blue_,_brownDark_r,_blue_,,,,_brownDark_r,_blue_,,,,,,_blue_,_blueDark_r,,_blueDark_r,_brownDark_g,_blueDark_g,_blue_,_blueDark_r,_blueDark_r,,,,_blue_,_blue_,,,,_blueDark_r,_pink_,_blue_,_blue_,,_blueDark_r,,_pink_,_blueDark_r
-3720,,,,,,,_blueDark_r,,,_brownDark_r,,,_brownDark_r,,_blueDark_r,,_blue_,,_blue_,_blue_,_blue_,,_blueDark_r,_blueDark_r,_blueDark_r,_blue_,,,,_blue_,_blueDark_g,,,,,,_brown_r,_blueDark_r,,_pink_,_blueDark_g,_pink_,_blueDark_r,_blue_,_blueDark_r,,,,_blue_,_blue_,,,,_blueDark_r,_blueDark_r,_blueDark_r,_blue_,,_blue_,,_blue_,_blue_
-3660,,,,,,,_blue_,,,_blue_,,,_blueDark_r,,_blueDark_r,,_blue_,_blue_,_blue_,_blueDark_r,_blue_,,_blueDark_r,_blue_,_blueDark_r,_blue_,,,,_blueDark_r,_pink_,,,,,,,_brownDark_r,_blueDark_r,_blueDark_r,_blueDark_g,_blue_,_blueDark_r,_blue_,_brownDark_r,,,,_blue_,_blueDark_r,,,,_blueDark_r,_pink_,_blueDark_r,_blue_,,_blue_,,_blue_,_blue_
-3600,,,,,,,_blue_,,,_pink_,,,_pink_,,_blue_,,_blue_,_blue_,_blue_,_blue_,_blue_,,_blueDark_r,_blueDark_r,_blue_,_blue_,,,,_pink_,_blue_,,,,,,,_blueDark_r,_pink_,_pink_,_pink_,_blueDark_g,_brownDark_r,_blueDark_r,_blue_,,,,_blue_,_blue_,,,,_blueDark_r,_pink_,_blue_,_blueDark_r,,_blueDark_g,,_blue_,_blue_
-3540,,,,,,,_blue_,,,_pink_,,,_pink_,,_blue_,,_blue_,_blue_,_blue_,_blueDark_r,_blueDark_r,,_blue_,_blue_,_blue_,_blue_,,,,_brownDark_r,_blue_,,,,,,_blueDark_r,_blueDark_r,_blueDark_r,_blueDark_r,_blue_,_blue_,_blue_,_blue_,_blue_,,,,_blue_,_blue_,,,,_blueDark_r,_blueDark_r,_blue_,_blue_,,_blueDark_g,,_blueDark_g,_blueDark_r
-3480,,,,,,,_blue_,,,_pink_,,,_brownDark_r,,_blueDark_r,,_blue_,_blue_,_blue_,_blueDark_r,_pink_,,_brownDark_r,_blue_,_blue_,_blue_,,,,_brownDark_r,_blueDark_r,_blue_,,,,,_blueDark_r,_blue_,_blueDark_r,_blueDark_r,_blueDark_r,_blueDark_g,_blue_,_blue_,_blueDark_r,,,_blue_,_blue_,_blue_,,,,_blue_,_blueDark_r,_brownDark_r,_blue_,,_blueDark_r,,_pink_,_blue_
-3420,,,,,,,_blueDark_r,,,_pink_,,,_brownDark_r,,_blue_,,_blue_,_blue_,_blue_,_blueDark_r,_blue_,,_blueDark_r,_blue_,_blueDark_r,_blueDark_g,,,,_blueDark_r,_blueDark_r,_blue_,,,,,_blue_,_blue_,_blueDark_r,_pink_,_pink_,_blueDark_r,_brownDark_r,_blue_,_blueDark_g,,,_blueDark_r,_blue_,_blue_,,,,_blue_,_blue_,_blue_,_blueDark_r,,_blueDark_r,,_blueDark_r,_blueDark_r
-3360,_blueDark_r,,,,,,_blue_,,,_blueDark_g,,,_pink_,,_blue_,,_pink_,_blue_,_blue_,_blue_,_blue_,,_blueDark_r,_blue_,_blueDark_r,_blue_,,,,_blue_,_blue_,_blue_,,,,,_blueDark_r,_blueDark_r,_brownDark_r,_blue_,_pink_,_blueDark_r,_blueDark_g,_blueDark_r,_blue_,,,_blue_,_blue_,_blue_,,,,_blueDark_r,_blue_,_blueDark_r,_blue_,,_blue_,,_blueDark_r,_pink_
-3300,_pink_,,,,,,_blue_,,,_pink_,,,_pink_,,_blue_,,_blue_,_blue_,_blueDark_r,_blueDark_r,_blueDark_r,,_blueDark_r,_blueDark_r,_blueDark_r,_blue_,,,,_blueDark_r,_blueDark_r,_blue_,,,,,_blue_,_blue_,_blueDark_r,_blue_,_pink_,_pink_,_blueDark_r,_blue_,_pink_,,,_blue_,_blue_,_blue_,,,,_blueDark_r,_blue_,_brownDark_r,_blue_,,_brownDark_r,,_blueDark_r,_brownDark_r
-3240,_blue_,,,,,,_blueDark_r,,,_pink_,,,_blueDark_r,,_brownDark_r,,_blue_,_pink_,_pink_,_blueDark_r,_blue_,,_brownDark_r,_blueDark_r,_blue_,_blue_,,,,_blueDark_r,_blueDark_r,_blue_,,,,,,_blue_,_blueDark_r,_pink_,_brownDark_g,_blue_,_blue_,_blueDark_r,_blueDark_r,,,_blueDark_r,_blue_,_blue_,,,,_blue_,_blue_,_brownDark_r,_blue_,,_blueDark_r,,_blueDark_r,_blue_
-3180,_blue_,,,,,,_blue_,,,_brownDark_r,,,_blue_,,_blue_,,_blueDark_r,_pink_,_blue_,_blueDark_r,_blue_,,_brownDark_r,_blue_,_blue_,_blueDark_r,,,,_blueDark_r,_pink_,_blue_,,,,,,_blue_,_pink_,_blueDark_r,_brownDark_g,_blue_,_blueDark_g,_brown_r,_blue_,,,_blue_,_blue_,_blue_,,,,_blue_,,_blue_,_blue_,,_blue_,,_blueDark_r,_blue_
-3120,_blue_,,,,,_blue_,_blue_,,,_brownDark_r,,,_blue_,,_blue_,,_blueDark_r,_blueDark_r,_blueDark_r,_brownDark_r,_blue_,,_blue_,_blue_,_blueDark_r,_blueDark_r,,,,_pink_,_blue_,_blueDark_r,,,,,_blueDark_r,_pink_,_blueDark_r,_blueDark_r,_brownDark_g,_blue_,_blueDark_g,_blueDark_r,_blueDark_r,,,_blueDark_r,_blue_,_blueDark_r,,,,_blueDark_r,,_blueDark_r,_brownDark_r,,_blue_,,_blueDark_r,_blue_
-3060,_blue_,,,,,_brownDark_r,_pink_,,,_blueDark_r,,,_blue_,,_blueDark_r,,_brownDark_r,_pinkDark_,_blueDark_g,_blue_,_blue_,,_blue_,_pink_,_blue_,_blue_,,,,_blueDark_r,_blue_,_blue_,,,,,_pink_,_blueDark_r,_pink_,_pink_,_blueDark_g,_blue_,_blue_,_blue_,_blue_,,,_blueDark_r,_blue_,_blue_,,,,_blue_,,_blue_,_blueDark_r,,_blueDark_r,,_blue_,_blue_
-3000,_blueDark_r,,,,,_blue_,_blue_,,,_pink_,,,_blue_,,_blueDark_r,,_blue_,_blueDark_r,_blue_,_blueDark_r,_blue_,,_blue_,_blue_,_blue_,_blueDark_r,,,,_blueDark_r,_blue_,_blueDark_r,,,,,_brownDark_r,_brownDark_r,_blueDark_r,_pink_,_brownDark_g,_blue_,_blueDark_g,_blue_,_blueDark_r,,,_blueDark_r,_blueDark_r,_blue_,,,,_blue_,,_blueDark_r,_blueDark_r,,_blueDark_r,,_blue_,_blue_
-2940,_brownDark_r,,,,,_blue_,_blue_,,,_brownDark_r,,,_blueDark_r,,_blue_,,_brownDark_r,_blue_,_pink_,_pink_,_blue_,,_blue_,_blueDark_r,_brownDark_r,_blue_,,,,_brownDark_r,_blueDark_r,_pink_,,,,,_blueDark_r,_blueDark_r,_pink_,_blue_,_blueDark_g,_blue_,_pink_,_blueDark_g,_blueDark_g,,,_blue_,_blueDark_r,_blue_,,,,_pink_,_blue_,_blue_,_blue_,,_blue_,,_blue_,_blue_
-2880,_blueDark_r,,,,,_blueDark_g,_blue_,,,_blue_,,,_blueDark_r,,_blue_,,_blue_,_brownDark_r,_blue_,_blue_,_brownDark_r,,_blueDark_g,_blue_,_brownDark_r,_blue_,,,,_blueDark_g,_blueDark_r,_blueDark_r,,,,,_blueDark_r,_blueDark_r,_pink_,_pink_,_blue_,_blue_,_blueDark_r,_blueDark_r,_blueDark_r,,,_blueDark_g,_blue_,_blue_,,,,_pink_,,_blueDark_r,_blue_,,_pink_,,_blue_,_blue_
-2820,_blueDark_r,,,,,_blueDark_r,_blue_,,,_blue_,,,_pink_,,_brownDark_r,,_blue_,_blue_,_blue_,_blue_,_blueDark_g,,_blue_,_blue_,_blue_,_blue_,,,,_blue_,_blue_,_pink_,,,,,_blue_,_blue_,_pink_,_blueDark_g,_blue_,_blue_,_blue_,_blue_,_brownDark_r,,_blueDark_r,_blueDark_r,_brownDark_r,_blue_,,,,_brownDark_r,,_blue_,_pink_,,_pink_,,_blueDark_r,_blueDark_r
-2760,_blue_,,,,,_blue_,_blueDark_g,,,_brownDark_r,,,_pink_,,_brownDark_r,,_blue_,_blueDark_r,_blue_,_blue_,_blue_,,_blueDark_g,_blue_,_pink_,_blue_,,,,_blue_,_blueDark_r,_blue_,,,,,_blue_,_blue_,_pink_,_blueDark_g,_blueDark_g,_blueDark_r,_blue_,_blueDark_r,_blue_,,_pink_,_blue_,_blue_,_blue_,,,,_blue_,,_blue_,_blue_,,_brownDark_r,,_pink_,_blue_
-2700,_blueDark_r,,,,,_blue_,_pink_,,,_blueDark_g,,,_brownDark_g,,_brownDark_r,,_blue_,_blue_,_blue_,_blueDark_r,_blueDark_r,,_pink_,_blueDark_r,_blueDark_r,_blue_,,,,_blue_,_blue_,_blue_,,,,,,_blue_,_pinkDark_,_pink_,_blueDark_r,_blue_,_pink_,_brownDark_r,_brown_g,,_blueDark_r,_blue_,_blueDark_g,_blue_,,,,_blue_,,_brownDark_r,_blue_,,_pink_,,_blue_,_blueDark_r
-2640,_blue_,,,,,_blueDark_g,_pink_,,,_pink_,,,_brownDark_g,,_blue_,,_blueDark_g,_blue_,_blueDark_r,_blueDark_r,_blue_,,_blue_,_blue_,_blue_,_blue_,,,,_blueDark_r,_blueDark_g,_brownDark_r,,,,,_brownDark_r,_blueDark_r,_pinkDark_,_pink_,_blueDark_r,_blue_,_blueDark_g,_blueDark_r,_blue_,,_blueDark_r,_blueDark_r,_blue_,_pink_,,,,_blue_,,_blue_,_blue_,,_blueDark_g,,_blueDark_r,_blueDark_g
-2580,_blueDark_r,,,,,_brownDark_r,_blueDark_g,,,_blue_,,,_pink_,,_blueDark_r,,_blueDark_r,_blue_,_blue_,_blueDark_r,_blueDark_r,,_blueDark_g,_blueDark_r,_blueDark_r,_blue_,,,,_blueDark_r,_blue_,_pink_,,,,,_brownDark_r,_blue_,_pink_,_blueDark_g,_blue_,_blue_,_blue_,_blueDark_r,_pink_,,_blueDark_r,_blueDark_g,_blueDark_r,_pink_,,,,_blueDark_r,,_blue_,_blue_,,_pink_,_blueDark_r,_brownDark_r,_brownDark_r
-2520,_blue_,,,,,_blueDark_r,_blue_,,,_blue_,,,_blueDark_g,,_blue_,,_brownDark_r,_blueDark_r,_blue_,_blue_,_blue_,,_blue_,_blueDark_r,_blueDark_r,_brownDark_r,,,,_blueDark_r,_blue_,_pink_,,,,,_brownDark_r,_blue_,_brown_g,_pink_,_blueDark_r,_blue_,_blueDark_g,_pink_,_pink_,,_pink_,_blue_,_blue_,_blueDark_g,,,,_blue_,,_blue_,_blue_,,_pink_,_blue_,_blueDark_r,_blue_
-2460,_blueDark_r,,,,,_blueDark_r,_blue_,,,_blue_,,,_brownDark_g,,_blueDark_r,,_brownDark_r,_pink_,_blueDark_r,_blue_,_blue_,,_blue_,_blue_,_blue_,_blue_,,,,_brownDark_r,_blue_,_brownDark_r,,,,,_blue_,_blue_,_brownDark_g,_pink_,_blue_,_blue_,_blue_,_blue_,_pink_,,_blueDark_r,_blue_,_blue_,_blue_,,,,_blue_,,_blue_,_blue_,,_pink_,_brownDark_r,_pink_,_blue_
-2400,_blue_,,,,,_blue_,_blue_,,,_blue_,,,_blueDark_g,,_blue_,_pink_,_blue_,_brownDark_r,_blue_,_blue_,_blueDark_r,,_blueDark_g,_blue_,_blue_,_blue_,,,,_blueDark_r,_brownDark_r,_blue_,,,,,_brownDark_r,_blueDark_g,_blueDark_r,_blue_,_blueDark_r,_blueDark_g,_blue_,_blueDark_g,_pink_,,_blueDark_r,_blueDark_r,_pink_,_blue_,,,,_blueDark_r,,_blueDark_r,_blue_,,_brownDark_r,_blueDark_r,_pink_,_blue_
-2340,_blue_,,,,,_pink_,_blue_,,,_pink_,,_blue_,_brownDark_g,,,_brownDark_r,_blue_,_blue_,_blueDark_r,_blue_,_blue_,,_blue_,_blue_,_blueDark_r,_blue_,,,_blue_,_brownDark_r,_blueDark_r,_blue_,,,,,,_blueDark_r,_blueDark_r,_pink_,_brownDark_g,_blue_,_blueDark_g,_blueDark_r,_blueDark_r,,_pink_,_blueDark_r,_brownDark_r,_blue_,,,,_blue_,,_blue_,_blue_,,_pink_,_blue_,_blue_,_blueDark_r
-2280,_blue_,,,,,_blue_,_blue_,,,_blue_,,_blue_,_brownDark_g,,,_pink_,_blueDark_r,_blue_,_blueDark_g,_blue_,_blue_,,_pink_,_blue_,_blueDark_r,_blue_,,,_blueDark_r,_blue_,_blueDark_r,_blueDark_r,,,,,,_blueDark_r,_blueDark_g,_blueDark_g,_brownDark_g,_blueDark_r,_blue_,_blue_,_pink_,,_pink_,_blue_,_blue_,_blue_,,,,_blue_,,_blue_,_blue_,,_blueDark_r,_blueDark_r,_blue_,_blue_
-2220,_blue_,,,,,_blueDark_r,_blue_,,,_blue_,,_blue_,_brownDark_g,,,_brownDark_r,_blue_,_blueDark_r,_pink_,_blue_,_blue_,,_blue_,_blueDark_g,_blueDark_r,_blueDark_r,,,_blueDark_r,_blueDark_r,_blue_,_blue_,,,,,,_blue_,_blueDark_g,_blueDark_r,_pink_,_blueDark_g,_blueDark_g,_blueDark_g,_blueDark_g,,_blueDark_r,_blue_,_pink_,_blueDark_g,,,,_blue_,,_blue_,_blue_,,_blue_,_blue_,_blueDark_r,_blueDark_r
-2160,_blue_,,,,,_blue_,_blue_,,,_blue_,_brownDark_r,_blue_,_blueDark_g,,,_pink_,_blue_,_blueDark_r,_blueDark_r,_blue_,_blue_,,_blue_,_blue_,_blue_,_blue_,,,_blueDark_r,_blue_,_blue_,_blueDark_g,,,,,,_blueDark_r,_blue_,_blue_,_brown_g,_blue_,_blue_,_blue_,_blue_,,_blue_,_blue_,_blue_,_blue_,,,,_blueDark_r,,_blueDark_r,_blueDark_r,,_brownDark_r,_blueDark_r,_blueDark_r,_brownDark_r
-2100,_blue_,,,,,_blueDark_r,_blue_,,,_blue_,_brownDark_r,_blueDark_g,_pink_,,,_blue_,_blue_,_blueDark_g,_blueDark_g,_blue_,_blue_,,_blue_,_blueDark_r,_blue_,_blue_,,,_pink_,_blue_,_blue_,_blue_,,,,,,_blueDark_r,_blue_,_blueDark_g,_brown_g,_blue_,_blue_,_blue_,_blueDark_g,,_blue_,_blue_,_pink_,_blue_,,,,_blueDark_g,,_blue_,_blue_,,_blueDark_r,_blue_,_blueDark_r,_brownDark_r
-2040,_blue_,,,,,_blue_,_blueDark_r,,,_blue_,_brownDark_r,_pink_,_blueDark_g,,,_blueDark_g,_blueDark_r,_brownDark_r,_pink_,_blueDark_r,_blueDark_r,,_blue_,_blueDark_r,_brownDark_r,_brownDark_r,,,_blueDark_r,_blue_,_blue_,_blue_,,,,,,_blueDark_r,_blueDark_g,_pink_,_brownDark_g,_blue_,_blueDark_r,_blueDark_r,_blue_,,_blueDark_r,_blue_,_blue_,_pink_,,,,_blue_,,_blue_,_blue_,,_blue_,_blue_,_pinkDark_,_blue_
-1980,_blue_,,,,,_blue_,_blueDark_r,,,_blueDark_r,_blueDark_r,_blueDark_g,_blue_,,_blue_,_blueDark_g,_blue_,_pink_,_pink_,_blue_,_blue_,,_blue_,_blue_,_brownDark_r,_blueDark_r,,,_blue_,_blueDark_r,_blue_,_blue_,,,,,,_blue_,_blueDark_g,_pink_,_pink_,_blue_,_blueDark_r,_blueDark_r,_blueDark_r,,_blue_,_blue_,_blue_,_blue_,,,,_blueDark_g,,_blue_,_blueDark_r,,_blueDark_r,_blueDark_g,_blueDark_g,_blueDark_r
-1920,_blue_,,,,,_blue_,_blue_,,,_blueDark_r,_brownDark_r,_brownDark_r,_brown_r,,_blue_,_pink_,_blue_,_blue_,_blueDark_r,_blue_,_blue_,,_pink_,_blue_,_pink_,_blueDark_r,,,_blue_,_blueDark_r,_brownDark_r,_pink_,,,,,,_blue_,_blueDark_g,_brownDark_r,_pink_,_blue_,_pink_,_blue_,_blueDark_r,,_blue_,_blueDark_g,_blue_,_blueDark_g,,,,_blueDark_r,,_blue_,_blue_,,_blueDark_r,_blue_,_blueDark_r,_blueDark_r
-1860,_blue_,,,,_blueDark_r,_brownDark_r,_blue_,,,_blue_,_brownDark_r,_pink_,_brownDark_r,,_blue_,_pink_,_blue_,_blue_,_blue_,_blue_,_blue_,,_pink_,_blue_,_brownDark_r,_brownDark_r,,,_blue_,_blueDark_r,_blueDark_r,_pink_,,,,,,_brownDark_r,_blue_,_pink_,_blueDark_r,_blue_,_pink_,_blueDark_g,_blue_,,_blue_,_blue_,_blue_,_blue_,,,,_brownDark_r,,_blue_,_brownDark_r,,_pink_,_blue_,_blue_,_blueDark_r
-1800,_blue_,,,,_blueDark_r,_brownDark_r,_blue_,,,_blue_,_brownDark_r,_pink_,_brown_r,,,_pink_,_blue_,_blueDark_r,_blue_,_blue_,_blue_,,_blueDark_g,_blueDark_r,_pink_,_pink_,,,_blue_,_blue_,_blue_,_blueDark_r,,,,,,_brownDark_r,_brownDark_r,_brownDark_r,_blueDark_r,_blueDark_r,_blue_,_blue_,_blueDark_r,,_blue_,_blue_,_blue_,_pink_,,,,_blue_,,_blue_,_brownDark_r,,_pink_,_blue_,_blueDark_g,_blueDark_r
-1740,_blueDark_g,_brownDark_r,,,_blueDark_r,_blueDark_r,_brownDark_r,,,_blue_,_brownDark_r,_pink_,_brownDark_r,,,_brown_r,_blue_,_blue_,_brownDark_r,_blueDark_g,_blue_,,_blueDark_r,_blueDark_r,_blue_,_brownDark_r,,,_blue_,_blueDark_r,_brownDark_r,_blueDark_r,,_pink_,_blue_,_pink_,_blueDark_r,_brownDark_r,_blueDark_r,_pink_,_pink_,_brown_r,_blueDark_g,_blueDark_g,_blueDark_r,,_blueDark_r,_blue_,_blue_,_blueDark_g,,,,_blue_,,_blue_,_blue_,,_pink_,_blueDark_r,_blue_,_blueDark_r
-1680,_blue_,_blue_,,,_brownDark_r,_brownDark_r,_blueDark_r,,,_pink_,_brownDark_r,_pink_,_pink_,,_blue_,_brownDark_r,_blue_,_blue_,_blueDark_r,_blue_,_blueDark_r,,_blue_,_blue_,_blueDark_r,_brownDark_r,,,_blueDark_r,_blueDark_r,_blueDark_r,_blueDark_r,,_blueDark_r,_blue_,_pink_,_blueDark_r,_blue_,_pink_,_pink_,_pink_,_blue_,_blue_,_blue_,_brown_r,,_pink_,_blueDark_r,_blue_,_blueDark_g,,,,_blueDark_r,,_blue_,_blue_,,_pink_,_blue_,_blue_,_blueDark_r
-1620,_pink_,_blue_,,,_brown_r,_blueDark_r,_blueDark_r,,,_blue_,_brownDark_r,_blueDark_g,_blue_,,_blue_,_blueDark_r,_blue_,_blue_,_blue_,_blue_,_pink_,,_blue_,_blueDark_r,_blue_,_pink_,,,_blue_,_blueDark_r,_blueDark_r,_blueDark_r,,_blue_,_blue_,_blueDark_r,_blue_,_blueDark_r,_pink_,_blueDark_g,_pink_,_pink_,_blueDark_r,_blueDark_g,_blue_,,_brownDark_r,_blue_,_blue_,_blue_,,,,_brownDark_r,,_blue_,_blueDark_g,_blue_,_blue_,_blue_,_blue_,_blue_
-1560,_pink_,_blueDark_g,,,_blue_,_blueDark_r,_blue_,,,_pink_,_brownDark_r,_pink_,_pink_,,_blue_,_blue_,_blue_,_blueDark_g,_blueDark_g,_brownDark_r,_blueDark_r,,_blueDark_r,_blue_,_blue_,_blueDark_r,,,_blue_,_blue_,_blueDark_r,_blueDark_r,,_blueDark_r,_blue_,_blueDark_r,_blue_,_blueDark_r,_pink_,_pink_,_blue_,_blue_,_blue_,_blueDark_r,_blueDark_r,,_blue_,_blueDark_g,_blueDark_g,_blue_,,,,_blueDark_r,,_blue_,_blue_,_blueDark_r,_blue_,_brownDark_r,_pink_,_blue_
-1500,_pink_,_blue_,,,_blue_,_blueDark_r,_blueDark_r,,,_blue_,_brownDark_r,_pink_,_blue_,,_blue_,_pink_,_pinkDark_,_blue_,_brownDark_r,_blueDark_r,_brownDark_r,,_blue_,_blueDark_r,_brown_r,_blue_,,,_blue_,_blue_,_blueDark_r,_blue_,,_brownDark_r,_blue_,_brownDark_r,_blue_,_blueDark_r,_blueDark_r,_pink_,_pink_,_blue_,_blue_,_blueDark_r,_blueDark_r,,_pink_,_blueDark_g,_blue_,_blue_,,,,_blueDark_r,,_blue_,_pink_,_blue_,_blue_,_pink_,_blueDark_r,_brownDark_r
-1440,_brownDark_r,_pink_,,,_pink_,_blue_,_blueDark_r,,,_pink_,_brownDark_r,_brownDark_r,_blueDark_g,,_pink_,_pink_,_blue_,_blue_,_brownDark_r,_blueDark_r,_brownDark_r,,_blue_,_blueDark_r,_blue_,_blueDark_g,,,_blue_,_blueDark_r,_blue_,_blue_,,_pink_,_blue_,_blueDark_g,_brownDark_r,_blue_,_blue_,_blueDark_g,_pink_,_blue_,_blueDark_g,_brownDark_r,_blue_,,_pink_,_blue_,_blue_,_brownDark_r,,,,_blueDark_r,,_blue_,_pink_,_brownDark_r,_pink_,_blue_,_pink_,_pink_
-1380,_brownDark_r,_pink_,,,_blue_,_blueDark_r,_blueDark_r,,,_blue_,_blue_,_blueDark_r,_brownDark_r,,,_brownDark_r,_blue_,_pink_,_pink_,_blue_,_blueDark_r,,_blue_,_blue_,_blue_,_blue_,,,_blue_,_brownDark_r,_blue_,_blue_,,_blue_,_blueDark_r,_blueDark_r,_blueDark_r,_blue_,_blueDark_r,_pinkDark_,_pink_,_blue_,_blueDark_r,_blueDark_r,_blue_,,_pink_,_blueDark_g,_blue_,_brownDark_r,,,,_blue_,,_blueDark_r,_blue_,_blue_,_brownDark_r,_pink_,_blueDark_r,_blue_
-1320,_pink_,_pink_,,,_blueDark_r,_blueDark_r,_blue_,,,_pink_,_blueDark_r,_pink_,_blueDark_r,,,_brownDark_r,_blue_,_pink_,_brownDark_r,_blueDark_r,_brownDark_r,,_blue_,_blue_,_blue_,_blueDark_r,,,_blue_,_blue_,_blueDark_r,_blue_,,_brownDark_r,_blueDark_r,_blue_,_blue_,_blue_,_blueDark_r,_pink_,_pink_,_blueDark_g,_blue_,_brownDark_r,_blueDark_r,,_pink_,_blue_,_blue_,_brownDark_r,,,,_blue_,,_blue_,_blue_,_blue_,_brownDark_r,_pink_,_brownDark_r,_pink_
-1260,_blueDark_r,_blueDark_r,,,_blue_,_blueDark_r,_blue_,,,_blue_,_brownDark_r,_pink_,_pink_,,_blue_,_brownDark_r,_blue_,_pink_,_brownDark_r,_blue_,_pink_,,_blue_,_blueDark_r,_brownDark_r,_blue_,,_pinkDark_,_blue_,_blueDark_r,_blue_,_blue_,,_blueDark_r,_blueDark_g,_pink_,,_blue_,_blueDark_r,_pink_,_pink_,_blueDark_r,_blue_,_brownDark_r,_pink_,,_brown_r,_blue_,_blue_,_pink_,,,_pink_,_brownDark_r,,_blue_,_blueDark_g,_blue_,_blue_,_blueDark_r,_pink_,_brownDark_r
-1200,_pink_,_blue_,,,_blueDark_r,_blueDark_r,_blue_,,,_blueDark_r,_brownDark_r,_blueDark_g,_pink_,,_blue_,_brownDark_r,_blueDark_g,_blue_,_blue_,_blue_,_pink_,,_blue_,_blue_,_blue_,_blueDark_g,,_blueDark_r,_blue_,_blueDark_r,_blue_,_blueDark_r,,_brownDark_r,_blue_,_blue_,,_brownDark_r,_pink_,_pinkDark_,_pink_,_blue_,_blueDark_g,_brownDark_r,_brownDark_r,_blue_,_blue_,_blueDark_r,_blue_,_pink_,,,_blueDark_r,_blue_,,_brownDark_r,_blueDark_g,_brownDark_r,_pink_,_brownDark_r,_blue_,_brownDark_r
-1140,_brownDark_r,_blueDark_r,,,_blueDark_g,_blue_,_blue_,,,_blue_,_brown_r,_brown_g,_brownDark_g,,_blue_,_blue_,_blue_,_brownDark_r,_blueDark_r,_blue_,_blue_,,_blueDark_r,_brownDark_r,_pink_,_pink_,,_blueDark_r,_blue_,_blue_,_blueDark_r,_brownDark_g,,_blue_,_blue_,_blue_,,_pink_,_pink_,_pink_,_brown_g,_pink_,_blueDark_r,_blueDark_r,_blueDark_r,_pink_,_blueDark_g,_blueDark_r,_blue_,_brownDark_r,,,_blueDark_r,_blueDark_g,,_brownDark_r,_blue_,_blue_,_blueDark_r,_blue_,_pink_,_blueDark_r
-1080,_blueDark_r,_blueDark_r,,,_blue_,_blue_,_blueDark_r,,,_blue_,_pink_,_pink_,_brownDark_g,,_blue_,_brownDark_r,_blue_,_brownDark_r,_blue_,_blueDark_g,_blue_,,_blue_,_blue_,_blue_,_pink_,,_blue_,_blueDark_r,_brownDark_r,_brownDark_r,_pink_,,_blue_,_blueDark_r,_pink_,,_blueDark_r,_blueDark_r,_brownDark_r,_pink_,_pink_,_pink_,_pink_,_blueDark_g,_pink_,_blue_,_blueDark_r,_blue_,_brownDark_r,,,_blue_,_brownDark_r,,_blue_,_blue_,_blue_,_blueDark_g,_pink_,_blue_,_blue_
-1020,_brownDark_r,_pink_,,,_blueDark_r,_blueDark_g,_blueDark_r,,,_brownDark_r,_pink_,_pink_,_blue_,_blueDark_r,_blue_,_brownDark_r,_blue_,_pink_,_brownDark_r,_blueDark_r,_brownDark_r,,_pink_,_blueDark_r,_blue_,_pink_,,_blueDark_r,_blueDark_r,_blue_,_blueDark_r,_pink_,,_blueDark_r,_blueDark_g,_blueDark_g,,_blueDark_r,_brownDark_r,_pink_,_blue_,_blueDark_r,_pink_,_blueDark_g,_blueDark_g,_brownDark_r,_blueDark_r,_blueDark_r,_blue_,_blue_,,,_blueDark_r,_blue_,,_blueDark_r,_blue_,_blue_,_blueDark_g,_blue_,_blueDark_g,_blue_
-960,_pink_,_pink_,,,_blue_,_blueDark_r,_pink_,,,_blueDark_g,_pink_,_pink_,_blue_,_blueDark_r,_blueDark_g,_brownDark_r,_blueDark_r,_blue_,_blueDark_g,_blue_,_pink_,,_blue_,_blue_,_blue_,_brownDark_r,,_blueDark_r,_blue_,_brownDark_r,_blue_,_pink_,,_brownDark_r,_blue_,_pink_,,_brownDark_r,_blueDark_r,_pinkDark_,_blueDark_g,_brownDark_r,_blueDark_r,_brownDark_r,_pink_,_pink_,_blueDark_r,_blue_,_blue_,_blue_,,,_blue_,_brownDark_r,_blue_,_blue_,_pink_,_blue_,_blueDark_g,_blueDark_g,_blueDark_r,_blueDark_r
-900,_blue_,_blueDark_g,,,_blueDark_r,_blueDark_r,_pink_,,,_pink_,_blueDark_r,_pink_,_pink_,_blue_,_pink_,_brownDark_r,_brownDark_r,_blue_,_blue_,_pink_,_brownDark_r,,_blueDark_r,_blue_,_blue_,_pink_,,_blue_,_blue_,_brownDark_r,_brownDark_r,_pink_,,_blueDark_r,_blueDark_r,_pink_,,_pink_,_pink_,_pink_,_pink_,_blueDark_r,_blueDark_r,_blueDark_r,_blue_,_pink_,_pink_,_blue_,_blue_,_pink_,,,_blueDark_r,_blueDark_r,_brownDark_g,_blueDark_r,_pink_,_blueDark_g,_blueDark_r,_pink_,_blueDark_r,_blue_
-840,_blueDark_g,_blueDark_r,,_brownDark_r,_blueDark_r,_blue_,_blueDark_r,,,_pink_,_blueDark_r,_brownDark_g,_blue_,_blue_,_pink_,_pinkDark_,_brownDark_r,_blue_,_blueDark_g,_brownDark_g,_blue_,,_brownDark_r,_blue_,_blue_,_brownDark_r,,_blueDark_r,_blue_,_blueDark_r,_pink_,_blueDark_g,,_pink_,_pink_,_blueDark_r,,_brownDark_r,_pink_,_pink_,_blueDark_g,_blue_,_pink_,_pink_,_blueDark_r,_brownDark_r,_blue_,_blue_,_blue_,_blueDark_r,,,_brownDark_r,_blueDark_r,_pink_,_pink_,_pinkDark_,_blue_,_brownDark_r,_blue_,_pink_,_pink_
-780,_blueDark_g,_pink_,,_pink_,_brownDark_r,_brownDark_r,_blue_,,,_pink_,_blueDark_g,_blueDark_g,_brown_r,_blue_,,_pink_,_pink_,_blueDark_r,_pink_,_pink_,_blue_,,_blue_,_pink_,_blueDark_g,_pink_,_pink_,_blue_,_blue_,_brownDark_r,_brownDark_r,_pink_,,_blueDark_r,_blue_,_pink_,,_brownDark_r,_blue_,_pink_,_blue_,_blueDark_g,_blue_,_blueDark_g,,_blue_,_brownDark_r,_blue_,_blue_,_blueDark_g,,,_pink_,_blue_,_blueDark_r,_blue_,_pink_,_pink_,_brownDark_r,_blue_,_brownDark_r,_pink_
-720,_blueDark_g,_pink_,,_brownDark_r,_brownDark_r,_pink_,_pink_,,,_pink_,_brownDark_r,_pink_,_blueDark_r,_blue_,_blueDark_g,_pink_,_pink_,_blue_,_pink_,_pink_,_blue_,,_blue_,_blue_,_blueDark_r,_blueDark_r,_pink_,_blueDark_g,_pink_,_brownDark_r,_pink_,_pink_,,_blueDark_r,_blueDark_g,_pink_,,_brownDark_r,_pink_,_pink_,_blueDark_g,_blueDark_r,_blueDark_r,_blueDark_r,_pink_,_blueDark_r,_blue_,_blue_,_pink_,_blueDark_r,,_pink_,_pink_,_blue_,_pink_,_pink_,_blueDark_r,_blue_,_brownDark_r,_pink_,_pink_,_brownDark_r
-660,_pink_,_blue_,,_blueDark_r,_brownDark_r,_pink_,_pink_,,,_pink_,_pink_,_blueDark_r,_blueDark_r,_brown_r,_blueDark_g,_blue_,_pink_,_brownDark_r,_blueDark_r,_pink_,_blue_,,_blue_,_pink_,_blueDark_r,_pink_,_pinkDark_,_blue_,_brownDark_r,_brownDark_r,_pink_,_blueDark_g,,_pink_,_blue_,_pink_,,_pink_,_blueDark_g,_pink_,_blueDark_g,_blueDark_r,_blueDark_g,_blueDark_r,_blueDark_r,_blueDark_r,_pink_,_blue_,_pink_,_blue_,,_brownDark_r,_pink_,_pink_,_pink_,_pink_,_blue_,_blueDark_g,_blue_,_blueDark_r,_pink_,_pink_
-600,_blue_,_blue_,,_blueDark_r,_brownDark_r,_pinkDark_,_blueDark_g,,,_brownDark_r,_blue_,_blueDark_r,_blue_,_brown_r,_brownDark_r,_blueDark_g,_blue_,_pink_,_pink_,_blue_,_pink_,,_pink_,_pink_,_blue_,_pink_,_pinkDark_,_blue_,_blue_,_brownDark_r,_brownDark_r,_blueDark_g,,_pink_,_blueDark_r,_blueDark_g,_blue_,_brownDark_r,_blueDark_r,_pink_,_pink_,_pink_,_blueDark_r,_brownDark_r,_pink_,_pink_,_blueDark_g,_blueDark_g,_brownDark_r,_blueDark_r,,_blueDark_g,_blue_,_blueDark_r,_pink_,_pink_,_brownDark_r,_pink_,_pink_,_blueDark_r,_brownDark_r,_brownDark_r
-540,_blue_,_blue_,,_blueDark_r,_pink_,_pink_,_blue_,,,_pink_,_blueDark_r,_blue_,_pink_,_blueDark_r,_pink_,_blueDark_r,_pinkDark_,,_pink_,_blue_,_blueDark_r,,_blue_,_blue_,_blueDark_r,_pink_,_pink_,_blueDark_r,_blue_,_brownDark_r,_brownDark_r,_pink_,,_brownDark_r,_pink_,_pink_,_brownDark_r,_pink_,_blueDark_g,,_pinkDark_,_blueDark_r,_pink_,_pinkDark_,_brownDark_g,_pink_,_brown_g,_pink_,_pink_,_blue_,,_pink_,_blueDark_r,_pink_,_blueDark_g,_blue_,_blueDark_r,_pink_,_pink_,_blue_,_pink_,_brownDark_r
-480,_blue_,_brownDark_r,,_pink_,_pink_,_pinkDark_,_blueDark_r,,,_pink_,_pink_,_pink_,_blueDark_r,_pink_,,_blue_,_pink_,_pink_,_blueDark_r,_pink_,_blueDark_r,,_blueDark_g,_blue_,_blue_,_blue_,_pink_,_blueDark_r,_brownDark_r,_brownDark_r,_blue_,_blueDark_g,,_pink_,_blue_,_blueDark_g,_pink_,_pink_,_pink_,_blueDark_g,_pink_,_pink_,_blue_,_brownDark_r,_pink_,_blueDark_r,_pink_,_blue_,_blueDark_r,_blueDark_g,,_pink_,_blue_,_pink_,_pink_,_brownDark_r,_brownDark_r,_blueDark_r,_pink_,_blue_,_pink_,_blueDark_r
-420,_pink_,_pink_,,_blue_,_pink_,_blueDark_r,_pink_,,_pink_,_pink_,_brown_r,_pink_,_blue_,_pink_,,_blue_,_pink_,_pink_,_brownDark_r,_pink_,_pink_,,_pink_,_pink_,_brownDark_r,_pink_,_pink_,_blue_,_blueDark_r,_brownDark_r,_brownDark_r,_pink_,,_brown_r,_blueDark_r,_pink_,_brownDark_r,_pink_,_brownDark_r,_pink_,_pink_,_blue_,_pink_,_pink_,_pink_,_pink_,_pink_,_blueDark_r,_pink_,_pink_,,_pink_,_pink_,_brownDark_r,_pink_,_pink_,_brownDark_r,_pink_,_blueDark_g,_blue_,_blueDark_r,_blue_
-360,_brownDark_g,_pink_,,_blueDark_g,_pink_,_pink_,_pinkDark_,,_pink_,_brownDark_g,_brownDark_r,_pink_,_blue_,_pink_,,_pink_,_pink_,_pink_,_pink_,_pink_,_brownDark_r,,_pink_,_pink_,_brownDark_r,_pink_,_pink_,_pink_,_blueDark_r,_brownDark_r,_blueDark_r,_blueDark_g,,_brownDark_r,_blueDark_r,_pink_,_pink_,_pink_,_blue_,_blueDark_r,_pink_,_blueDark_g,_blueDark_r,_pink_,_pink_,_pink_,_pink_,_brownDark_r,_pink_,_blueDark_g,,_pink_,_blueDark_r,_pink_,_blueDark_g,_pink_,_pink_,_brownDark_r,_brownDark_r,_blueDark_g,_pink_,_blueDark_r
-300,_blue_,_pink_,,_blue_,_brownDark_r,_pink_,_pink_,_pink_,_blue_,_blueDark_g,_pink_,_pink_,_blueDark_r,_pink_,,_blue_,_pink_,_pink_,_blueDark_r,_pink_,_pink_,,_brownDark_r,_pink_,_blueDark_r,_brownDark_r,_pink_,_blueDark_g,_brownDark_r,_brownDark_r,_pink_,_blue_,,_brownDark_r,_blue_,_pink_,_pink_,_pink_,_blue_,_pinkDark_,_pink_,_brownDark_r,_pink_,_pinkDark_,_pink_,_pink_,_pink_,_pink_,_pink_,_blue_,,_pinkDark_,_pink_,_pink_,_blueDark_g,_pink_,_brownDark_r,_pink_,_pink_,_pink_,_pink_,_brownDark_r
-240,_pink_,_pink_,,_pink_,_pink_,_pink_,_pink_,_pink_,_pink_,_pink_,_blueDark_r,_pink_,_pink_,_pink_,_pink_,_pink_,_pink_,,_blue_,_pink_,_pink_,,_pink_,_pink_,_blueDark_g,_blue_,_pink_,_blue_,_pink_,_pink_,_brownDark_r,_pink_,,_pink_,_pink_,_pink_,_pink_,_pink_,_pink_,_pink_,_blueDark_g,_blue_,_pink_,_blue_,_pink_,_pink_,_pink_,_pink_,_pink_,_pink_,,_blueDark_g,_blue_,_pinkDark_,_blueDark_r,_pink_,_brownDark_r,_pink_,_blueDark_g,_blueDark_g,_pink_,_pink_
-180,_blueDark_r,_pinkDark_,,_pink_,_pinkDark_,_blueDark_g,_pink_,_pinkDark_,_pink_,_pink_,_blueDark_g,_pink_,_pink_,_pink_,_pink_,_blueDark_g,_pink_,_pink_,_blueDark_g,_pink_,_pink_,,_pink_,_brownDark_r,_brownDark_r,_pink_,_pink_,_blueDark_g,_pink_,_pink_,_blue_,_pinkDark_,,_pink_,_blue_,_pink_,_pink_,_pink_,_blue_,_pink_,_blue_,_brownDark_r,,_brownDark_r,_pinkDark_,_pink_,_blueDark_r,_pink_,_pink_,_pink_,,_pink_,_pink_,_pink_,_blue_,_pink_,_brownDark_r,_pinkDark_,_blue_,_pink_,_pink_,_pink_
-120,_pink_,_blueDark_r,,_brownDark_r,_pinkDark_,_pinkDark_,_blueDark_g,_pink_,_pink_,_pinkDark_,_blue_,_pink_,_brownDark_r,_pink_,_pink_,_blue_,_pink_,_pink_,_blue_,_blueDark_g,_pink_,,_pink_,_pink_,_pinkDark_,_brownDark_r,_pink_,_blue_,_pink_,_blueDark_r,_blue_,_pink_,,_pink_,_blueDark_r,_blueDark_g,_blue_,_pink_,_pink_,_pink_,_blueDark_r,_blue_,_pink_,_pink_,_pink_,_pink_,_pink_,_blueDark_g,_pink_,_pink_,,_brownDark_r,_pink_,_pink_,_pink_,_pinkDark_,_pink_,_pinkDark_,_pink_,_blueDark_g,_pinkDark_,_pink_
-60,_pink_,_pink_,_brownDark_r,_pink_,_pink_,_pink_,_brownDark_g,_pink_,_pink_,_pink_,_pink_,_pinkDark_,_brownDark_r,_pink_,_blueDark_g,_pink_,_pink_,_pink_,_blueDark_r,_pink_,_pink_,,_pink_,_pink_,_pink_,_pink_,_blueDark_g,_blueDark_g,_pink_,_pinkDark_,_pink_,_blueDark_g,_pinkDark_,_pink_,_pink_,_pink_,_pink_,_pink_,_blue_,_pinkDark_,_pink_,_pink_,_pink_,_pink_,_pink_,_pink_,_pinkDark_,_blueDark_g,_pink_,_pink_,_pink_,_blue_,_blueDark_g,_pink_,_pink_,_pink_,_pink_,_pink_,_pink_,_pink_,_pink_,_pink_
0,_pink_,_pink_,_brownDark_r,_brownDark_r,_pink_,_pink_,_blueDark_r,_pink_,_pink_,,_brownDark_r,_pink_,_pink_,_pink_,_blueDark_g,_pink_,_blue_,_pink_,_pinkDark_,_blueDark_g,_brownDark_r,,_pink_,_pink_,_pinkDark_,_blueDark_r,_pink_,_pink_,_pink_,_pink_,_blue_,_pinkDark_,_pink_,_blue_,_blueDark_r,_blueDark_g,_pink_,_pink_,_blueDark_g,_pinkDark_,_pink_,_blueDark_r,_blue_,_brownDark_r,,_pink_,_pink_,_pink_,_pink_,_blue_,_pink_,_blueDark_r,_pink_,_pink_,_pink_,_pink_,_pink_,_pink_,_blueDark_g,_blue_,_pink_,_pink_
60,_pink_,_pink_,_blueDark_r,_pink_,_brownDark_r,_pink_,_pink_,_pink_,_pink_,_pink_,_pink_,_pink_,_blue_,_pinkDark_,_blue_,_blueDark_g,_pink_,_pink_,_pink_,_pink_,_blue_,,_brownDark_g,_pink_,_pinkDark_,_blueDark_r,_blue_,_pink_,_pink_,_pink_,_brownDark_r,_pinkDark_,_pinkDark_,_blueDark_g,_brown_g,_pink_,_pink_,_pink_,_pink_,_pink_,_pink_,_pink_,_pink_,_blueDark_g,_pink_,_pink_,_pink_,_pinkDark_,_brownDark_r,_blueDark_g,_brownDark_g,_brownDark_r,_pink_,_pink_,_pink_,_blueDark_r,_pink_,_pink_,_pink_,_blue_,_pink_,_pink_
120,_pinkDark_,_pink_,_blueDark_r,_pink_,_pinkDark_,_pink_,_pink_,_pinkDark_,_pinkDark_,_pink_,_pink_,_pink_,_pink_,_pink_,_blueDark_g,_pink_,_pinkDark_,,_pinkDark_,_brownDark_g,_blueDark_r,,_blue_,_pink_,_brownDark_r,_brownDark_r,_blue_,_pink_,_pinkDark_,_pink_,_blue_,_pink_,_pinkDark_,_pink_,_blueDark_g,_brownDark_g,_pink_,_pink_,_brownDark_r,_pink_,_blueDark_r,_blueDark_r,_pink_,_blueDark_r,_pink_,_pinkDark_,_pink_,_pink_,_pink_,_pink_,_pink_,_pink_,_pinkDark_,_brownDark_r,_pink_,_blueDark_r,_pink_,_pink_,_pink_,_blueDark_r,_pinkDark_,_pink_
180,_pinkDark_,_pink_,_blueDark_r,_pinkDark_,_blueDark_r,_pink_,_brownDark_r,_blueDark_g,_pinkDark_,_blue_,_pink_,_pinkDark_,_blue_,_brownDark_r,_blueDark_g,_pink_,_pinkDark_,,_blueDark_r,_blueDark_g,_blueDark_g,,_pink_,_blueDark_r,_blueDark_g,_blue_,_blue_,_pink_,_pink_,,_blue_,_pink_,_pinkDark_,_pink_,_pink_,_blueDark_g,,_pink_,,_blueDark_g,_pink_,_pink_,_pink_,_blueDark_r,_pinkDark_,_pink_,_brownDark_r,_blueDark_r,_pink_,_pink_,_pink_,_blueDark_r,_brownDark_g,_blueDark_r,,_brownDark_r,_pink_,_pink_,_pink_,_brownDark_r,_pink_,_pinkDark_
240,_pinkDark_,_pinkDark_,_blue_,_pinkDark_,_pink_,_pink_,_pink_,_pink_,_pink_,_pink_,_pink_,_blueDark_r,_blue_,_pink_,_blue_,_pink_,_pink_,,,_pinkDark_,_blueDark_g,,_pink_,_brownDark_r,_pink_,_pink_,_blue_,_blue_,_blueDark_g,,_blueDark_r,_pinkDark_,_blueDark_r,_pinkDark_,,_pink_,,_pink_,,_blueDark_r,_pink_,_pink_,_pink_,_pink_,_pinkDark_,_blueDark_r,_pink_,_pink_,_blueDark_r,_pink_,_pinkDark_,_pink_,_pink_,_pink_,,_pink_,_blueDark_r,_pink_,_pink_,_pink_,_pink_,_pink_
300,_pinkDark_,_pink_,_blue_,_brownDark_r,_pink_,_blue_,_pink_,_pink_,_pink_,,_pink_,_pinkDark_,_pink_,_pink_,_pink_,_pink_,_pink_,,_pink_,_pinkDark_,_pink_,,_blueDark_g,_pink_,_brownDark_g,_pink_,_blue_,_pink_,_blueDark_g,,_pink_,_brownDark_g,_blueDark_r,_blueDark_r,_pink_,_pink_,,_pink_,,_blueDark_r,_pinkDark_,_pink_,_pink_,_pink_,_blueDark_r,_pink_,_brownDark_r,_blueDark_r,_pink_,_brownDark_r,_pinkDark_,_blueDark_r,_blue_,_pink_,,_brownDark_r,,_pink_,_pink_,_pink_,_pink_,_pink_
360,_pink_,_pinkDark_,_pinkDark_,_pinkDark_,_pinkDark_,_blueDark_r,_pinkDark_,_pink_,_pink_,_blueDark_g,_blue_,_blueDark_r,_blue_,_pinkDark_,_brownDark_g,_brownDark_g,_pink_,,,_pinkDark_,_blue_,,_blue_,_pink_,_pink_,_brownDark_r,_blueDark_r,_pink_,_pink_,,_pinkDark_,_pink_,_pink_,_pinkDark_,_pink_,_blueDark_g,,_pink_,,_pink_,_pinkDark_,_blueDark_g,_pink_,_blue_,_blue_,_pink_,_pink_,_blueDark_r,_blueDark_g,_pink_,_pinkDark_,_blue_,_pinkDark_,_pink_,,_brownDark_r,,_blueDark_r,_pink_,_pink_,_pink_,_blueDark_g
420,_blueDark_r,_pink_,_pinkDark_,_pinkDark_,_pink_,_pink_,_pink_,_pinkDark_,_pinkDark_,_blueDark_g,_pink_,_blueDark_r,_pinkDark_,_pink_,_pinkDark_,_pink_,_pink_,,_pink_,_pink_,_pink_,,_pink_,_brownDark_g,_pinkDark_,_pink_,_brownDark_g,_pink_,_blueDark_r,,_blueDark_r,_pink_,_pink_,_blueDark_g,_pinkDark_,_brownDark_r,,_blueDark_r,,_pink_,_pinkDark_,_pink_,_blueDark_g,_blueDark_r,_pinkDark_,_pink_,_pinkDark_,_blueDark_r,_pinkDark_,_blueDark_g,_pink_,_blueDark_g,_pink_,,,_brownDark_g,,_blueDark_g,_pink_,_pink_,_pink_,_pink_
480,_pinkDark_,_blue_,_pink_,_blueDark_g,_blue_,_brownDark_r,_pink_,_pinkDark_,_blueDark_g,_pink_,_brownDark_r,_blueDark_g,_pink_,_pink_,_pink_,_pinkDark_,_pink_,,_pink_,,_pink_,,_blueDark_r,_blueDark_g,_pink_,_pink_,_blueDark_r,_blueDark_g,_pink_,,_brownDark_r,_pink_,_blueDark_r,_pink_,,_brownDark_r,,_pink_,,_pinkDark_,_brownDark_g,_pink_,,_brownDark_r,_pink_,_pinkDark_,_pink_,_blue_,_pink_,_pinkDark_,_pink_,_pink_,_blue_,,,_pink_,_blue_,_brownDark_g,_pink_,_pink_,_pinkDark_,_pink_
540,_pink_,_pink_,_blueDark_r,_pinkDark_,_pinkDark_,_pink_,_pink_,_pinkDark_,_blueDark_g,_pinkDark_,_blue_,_blueDark_r,_pink_,_pinkDark_,_blueDark_r,_pinkDark_,_pinkDark_,,_blue_,_pink_,_blueDark_r,,_pink_,_blueDark_g,_pinkDark_,_pink_,_pink_,_blueDark_g,_pink_,,_pink_,_brownDark_r,_pink_,_pink_,,_pink_,,_pinkDark_,,_pinkDark_,_pink_,_pink_,_pinkDark_,_pinkDark_,,_pink_,_pink_,_blue_,_pink_,_brownDark_r,_pink_,_pink_,_blue_,,,_pinkDark_,,_pinkDark_,_pink_,_pink_,_pinkDark_,_pinkDark_
600,_pink_,_pink_,_pinkDark_,_pinkDark_,_blue_,_blueDark_g,_blue_,_pinkDark_,_brownDark_g,_pink_,_brownDark_r,_pinkDark_,_pink_,_pinkDark_,_blueDark_g,_pink_,_pink_,,_blue_,,_blue_,,_pink_,_blue_,_brown_r,_blueDark_r,_blueDark_g,_pink_,_blueDark_r,,_blueDark_r,_pink_,_pink_,_pink_,,_blueDark_r,,_pink_,,_blueDark_r,_pink_,_pink_,_pink_,_pink_,,_blue_,_pinkDark_,_blue_,_blueDark_g,_pink_,_pink_,_pinkDark_,_blueDark_g,,,_pink_,,_pinkDark_,_pink_,_pink_,_pinkDark_,_pinkDark_
660,_blueDark_r,_pinkDark_,_pink_,_pink_,_pinkDark_,_pink_,_pink_,_pinkDark_,_brownDark_g,_brownDark_g,_blueDark_g,_brownDark_r,_pinkDark_,_pink_,_blueDark_g,_pinkDark_,_pink_,,_pink_,_blue_,_pink_,,_brownDark_r,_blue_,_blueDark_r,,_pink_,_pink_,_pink_,,_pinkDark_,_pink_,_pink_,_pink_,,_blue_,,_pink_,,_pinkDark_,_blueDark_g,_blueDark_r,_pinkDark_,,,_pink_,_pinkDark_,_pink_,_blueDark_r,_pink_,_pink_,_pinkDark_,_blue_,,,_pink_,,_pink_,_pink_,_pink_,_pink_,_pinkDark_
720,_pink_,_blue_,_pinkDark_,_pink_,_blueDark_r,,,_pink_,_pink_,_pinkDark_,_pink_,_pinkDark_,_pinkDark_,_blueDark_r,_blueDark_g,_pinkDark_,_pink_,,_pinkDark_,_pinkDark_,_blue_,,_pink_,_pink_,_blue_,,_pink_,_blueDark_g,_pink_,,_pinkDark_,_brownDark_r,_pinkDark_,_pink_,,_blueDark_g,,_pink_,,_pinkDark_,_blue_,_pink_,_pinkDark_,_pinkDark_,,_pink_,_pinkDark_,_pink_,_blueDark_g,_blueDark_r,_pink_,_pinkDark_,_blue_,,,_pink_,_pinkDark_,_pink_,,_blueDark_g,_pinkDark_,_pinkDark_
780,_brown_r,_pink_,_pinkDark_,_pinkDark_,_blueDark_g,_blueDark_r,_blue_,_pink_,_blueDark_g,,_pink_,_pinkDark_,_blueDark_r,_pink_,_pinkDark_,_pinkDark_,_pink_,,_pink_,,_blueDark_g,,_pinkDark_,_pink_,_blueDark_r,_pink_,_pink_,_pink_,_blue_,,_brownDark_g,_pinkDark_,_pink_,_pinkDark_,,_pink_,,_pinkDark_,,_pink_,_blue_,_blueDark_r,_pink_,_pinkDark_,,_pink_,_pinkDark_,_pink_,_blueDark_g,_blueDark_g,_pinkDark_,_pinkDark_,_pink_,,,_pink_,_pink_,_pink_,_blue_,,_pinkDark_,_blueDark_g
840,_pink_,_pink_,_pink_,_pinkDark_,_pinkDark_,_pink_,_pinkDark_,_pink_,_pink_,_pink_,_pinkDark_,_pinkDark_,_pinkDark_,_pinkDark_,_pink_,_pinkDark_,_pinkDark_,,_blue_,_pinkDark_,_pink_,,_pink_,_pinkDark_,_pink_,_blueDark_g,_pink_,_pink_,_pink_,,_pinkDark_,_pink_,_pink_,_brownDark_r,,_pink_,,_brownDark_r,,_blue_,_blueDark_g,_blueDark_g,_brownDark_r,_blueDark_g,,_pinkDark_,_pinkDark_,_pinkDark_,_blueDark_r,_blueDark_g,_pink_,_pinkDark_,_blueDark_g,,,_pink_,_pinkDark_,_blue_,_blueDark_g,_pinkDark_,,_pink_
900,_pink_,_pinkDark_,_pink_,_pinkDark_,_pink_,_blueDark_g,_pinkDark_,_pinkDark_,_pink_,_pink_,_pink_,_pink_,_blueDark_g,_blue_,_pinkDark_,_pinkDark_,_pink_,,_pinkDark_,_pink_,_pinkDark_,,_pinkDark_,_pink_,_pink_,_pinkDark_,_pink_,_pinkDark_,_blueDark_r,,_pink_,_pinkDark_,_pinkDark_,_pinkDark_,,_blueDark_g,,_pinkDark_,,_pink_,_pink_,,_pink_,_blue_,,_pinkDark_,_brownDark_r,_pink_,_blue_,_brownDark_r,_pink_,_pinkDark_,_blue_,,,_pinkDark_,_pink_,_pink_,,_pinkDark_,_pinkDark_,_brownDark_r
960,_pink_,_pinkDark_,_pinkDark_,_brownDark_g,_pink_,_brownDark_g,_blueDark_r,_pinkDark_,_pink_,_pink_,,_pink_,_blueDark_g,_blueDark_g,_pink_,_pinkDark_,_pink_,,_pink_,,_pink_,,_pink_,_pink_,_pink_,_pinkDark_,_pinkDark_,_pink_,_pink_,,_pink_,_pinkDark_,_pinkDark_,_pinkDark_,,_pink_,,_pink_,,_pink_,_blue_,_pink_,_pink_,,,_pink_,_pink_,_pinkDark_,_blue_,_pink_,_pinkDark_,_pinkDark_,_blueDark_g,,,_pinkDark_,_pink_,_pink_,,_brownDark_r,_pink_,_pink_
1020,_pink_,_pinkDark_,_pinkDark_,_brownDark_r,_pinkDark_,_blueDark_g,_pink_,_brownDark_r,_pink_,_pink_,_pink_,_pink_,_pinkDark_,_blueDark_g,_pink_,_blueDark_r,_brownDark_g,,_brownDark_r,,_pink_,,_pink_,_pinkDark_,_blueDark_r,_pinkDark_,_pink_,_pink_,_pinkDark_,,_pink_,_pink_,_pinkDark_,_pink_,,,,,,_pinkDark_,_blue_,_pink_,_pink_,,,_pinkDark_,_pinkDark_,,_pink_,_blue_,_pink_,_pink_,_brownDark_r,,,_pinkDark_,,_blueDark_g,,_pink_,_pinkDark_,
1080,_blueDark_g,_pinkDark_,_pinkDark_,_pinkDark_,_blueDark_g,_pink_,,_pinkDark_,_blueDark_g,_pinkDark_,_brownDark_g,_pinkDark_,_pinkDark_,_pink_,_pink_,_pink_,_pink_,,_pink_,,_pink_,,_pink_,_brownDark_g,_pink_,_pinkDark_,_pinkDark_,_pink_,_blueDark_r,,_pinkDark_,_pinkDark_,_pinkDark_,_pink_,,,,,,_pinkDark_,_pinkDark_,_pink_,_pink_,,,_pinkDark_,_pink_,_blue_,_blueDark_g,_pink_,_pink_,_pink_,_brownDark_r,,,_pinkDark_,,_blue_,,_brownDark_g,_pinkDark_,_pinkDark_
1140,_pinkDark_,_pinkDark_,_pinkDark_,_blueDark_g,_pinkDark_,_pink_,_pinkDark_,_pink_,_pink_,_pink_,_pink_,_blueDark_g,_pink_,_blue_,_blue_,_brownDark_r,_pink_,,_pinkDark_,,_pinkDark_,,_pinkDark_,_brownDark_g,_pinkDark_,_pinkDark_,_pinkDark_,_pink_,_brownDark_r,,_pink_,_pinkDark_,_pinkDark_,_pink_,,_pinkDark_,,,,_pink_,_pinkDark_,_blueDark_r,,,,_pinkDark_,_pink_,_pinkDark_,_pink_,_pink_,_pinkDark_,_pinkDark_,_pink_,,,_pink_,,_blue_,,,_pinkDark_,_pink_
1200,_pinkDark_,_pinkDark_,_pinkDark_,_blue_,_pinkDark_,_pink_,_pinkDark_,_pinkDark_,_pink_,,_brownDark_r,_pink_,_pinkDark_,_pink_,_blue_,_pinkDark_,_pink_,,,,_pinkDark_,,_pinkDark_,_pinkDark_,_pinkDark_,_pinkDark_,_pink_,_pink_,_pink_,,_pinkDark_,_pinkDark_,_pinkDark_,_pink_,,_pink_,,,,_pinkDark_,_pinkDark_,_blue_,,,,_pink_,_pink_,_pink_,_pinkDark_,_blueDark_g,_pinkDark_,_pink_,_pink_,,,_pinkDark_,,_pink_,,_pink_,_pinkDark_,_pinkDark_
1260,_pink_,_pinkDark_,_pinkDark_,_pinkDark_,_pink_,_pinkDark_,_pinkDark_,_pink_,_blueDark_g,,_brownDark_r,_brownDark_r,_blueDark_g,_pinkDark_,_pink_,_pinkDark_,_pink_,,,,_pink_,,_pink_,_pinkDark_,_pink_,_pinkDark_,_pink_,_pink_,_pink_,,_blueDark_r,_pink_,_pinkDark_,_pinkDark_,,_pinkDark_,,,,_pinkDark_,_pinkDark_,_pink_,,,,_brownDark_r,_blueDark_r,_pinkDark_,_pinkDark_,,_pinkDark_,_pink_,_pink_,,,,,_blueDark_g,,,_pinkDark_,_blueDark_g
1320,_pinkDark_,_pinkDark_,_pinkDark_,_blueDark_g,_pink_,_pink_,_pink_,_pink_,_pink_,,_blueDark_g,_brown_r,_pink_,_pinkDark_,_brownDark_g,_blue_,_pinkDark_,,,,_pink_,,,_pinkDark_,_pinkDark_,,_pink_,_pinkDark_,_pinkDark_,,_pink_,_pinkDark_,_pinkDark_,_pinkDark_,,,,,,_pinkDark_,_pinkDark_,_pink_,,,,_pink_,_pink_,_pinkDark_,_pink_,_pink_,_blueDark_r,_pinkDark_,_brownDark_g,,,_pinkDark_,,,,,_pink_,_brownDark_g
1380,_pink_,_blueDark_r,_pinkDark_,,_blueDark_r,_pink_,_pink_,_pink_,_pink_,,_pinkDark_,_pinkDark_,_pink_,_pinkDark_,_pink_,,_pink_,,,,_pink_,,_pinkDark_,_pinkDark_,_pinkDark_,,_pink_,_pinkDark_,_pinkDark_,,_pinkDark_,_pinkDark_,_pinkDark_,_pinkDark_,,_pinkDark_,,,,,_pinkDark_,_pink_,,,,_pink_,_brown_g,_pinkDark_,_blueDark_g,_pinkDark_,_pinkDark_,_pink_,_blueDark_r,,,_pinkDark_,,_blue_,,,_pinkDark_,_pinkDark_
1440,_pink_,_blueDark_g,_pinkDark_,_blueDark_g,_pink_,_pinkDark_,,_pinkDark_,,,_pink_,_brownDark_r,_blueDark_g,_pink_,_pink_,_brownDark_r,_pinkDark_,,,,_brownDark_r,,,_pink_,_pinkDark_,,_pinkDark_,_pink_,_pinkDark_,,_pink_,_blueDark_r,_pinkDark_,_pinkDark_,,_pink_,,,,,_pinkDark_,_pink_,,,,_brownDark_r,_pinkDark_,_pink_,_pink_,_pink_,_pink_,,_pink_,,,_pinkDark_,,_pink_,,,_brownDark_r,_pink_
1500,_pink_,_pinkDark_,_pink_,_pinkDark_,,_pinkDark_,,_pinkDark_,,,_blueDark_g,_pinkDark_,_pink_,_pinkDark_,_blue_,_brownDark_r,_pink_,,,,_pink_,,,_pinkDark_,_pinkDark_,,_pinkDark_,_pink_,_pink_,,_pink_,_pink_,_pinkDark_,_pinkDark_,,_blueDark_g,,,,_pinkDark_,_pinkDark_,_pink_,,,,_pink_,_pinkDark_,_pink_,_pink_,_pinkDark_,_pink_,_pinkDark_,_pinkDark_,,,_pink_,,_pink_,,,_pink_,_blueDark_r
1560,_pink_,_pinkDark_,_pink_,anaphase,_pinkDark_,_pink_,,_pinkDark_,,,_pinkDark_,_pinkDark_,_pinkDark_,_pink_,_pink_,,_pink_,,,,_pinkDark_,,,_pink_,_pinkDark_,,_pink_,_pinkDark_,_pink_,,_pink_,_pink_,_brownDark_r,_pinkDark_,,_pinkDark_,,,,_pink_,_pinkDark_,,,,,_brownDark_r,_pinkDark_,_pink_,_pinkDark_,_pinkDark_,_pink_,_pink_,_pink_,,,_pinkDark_,,_pinkDark_,,,_pink_,_blue_
1620,_blueDark_g,_pinkDark_,_blueDark_r,,_pink_,_pinkDark_,,_pink_,,,_pink_,_pinkDark_,_blue_,_pinkDark_,,,_pinkDark_,,,,_pinkDark_,,,_blue_,_pinkDark_,,_pink_,_pink_,_pink_,,_pinkDark_,_pink_,_pink_,,,_pink_,,,,_pinkDark_,_pinkDark_,_pink_,,,,_pink_,_pink_,_pinkDark_,_pinkDark_,_pinkDark_,_pink_,,_pinkDark_,,,_pinkDark_,,_blueDark_g,,,_pinkDark_,
1680,_pinkDark_,_pink_,_pinkDark_,,_pinkDark_,_brown_g,,_pink_,,,_pink_,_pinkDark_,_pink_,_pinkDark_,_pink_,,_pinkDark_,,,,,,,_pink_,_pinkDark_,,_pinkDark_,_pinkDark_,_pinkDark_,,_pinkDark_,_pinkDark_,_pinkDark_,_pinkDark_,,_pinkDark_,,,,_pink_,_pinkDark_,_pinkDark_,,,,_pink_,_pinkDark_,_pinkDark_,_pinkDark_,_pinkDark_,_pink_,_pinkDark_,_pinkDark_,,,_pink_,,_pinkDark_,,,_pinkDark_,
1740,_blueDark_r,anaphase,anaphase,,_pinkDark_,_pinkDark_,,_pinkDark_,,,_pinkDark_,_pinkDark_,_blueDark_g,_pinkDark_,_pink_,,_pinkDark_,,,,,,,_blueDark_g,_pinkDark_,,_blueDark_r,_blueDark_g,_pinkDark_,,_pink_,_pinkDark_,_pinkDark_,_pink_,,_pink_,,,,_blueDark_g,_pinkDark_,_pinkDark_,,,,_pinkDark_,_blueDark_r,_pinkDark_,_brownDark_r,_pinkDark_,_pink_,_pinkDark_,_pinkDark_,,,_pinkDark_,,_blue_,,,_pinkDark_,
1800,_pink_,,,,_pinkDark_,_pinkDark_,,_pinkDark_,,,_pinkDark_,_pinkDark_,_pinkDark_,_pink_,_pinkDark_,,_blueDark_g,,,,,,,_pink_,_pinkDark_,,_pinkDark_,_pinkDark_,_pinkDark_,,_pinkDark_,_pinkDark_,_pinkDark_,_pinkDark_,,_blueDark_r,,,,_pink_,_pink_,_pink_,,,,_pinkDark_,_pink_,_pink_,_pinkDark_,_pinkDark_,_pink_,_pinkDark_,,,,_pinkDark_,,_pink_,,,_pink_,
1860,_pink_,,,,_pinkDark_,anaphase,,,,,_pinkDark_,_pink_,_pinkDark_,_pinkDark_,_blueDark_g,,_pink_,,,,,,,_pink_,_pinkDark_,,_pink_,,_pink_,,anaphase,_pinkDark_,_pinkDark_,_brownDark_g,,_blueDark_g,,,,_pinkDark_,_pink_,_pink_,,,,_brown_r,_pink_,_pinkDark_,_pink_,_pinkDark_,_pinkDark_,,,,,,,_pinkDark_,,,_pink_,
1920,_pink_,,,,_pinkDark_,,,,,,_pinkDark_,_blueDark_r,_brownDark_g,_pink_,_pink_,,_pinkDark_,,,,,,,_pink_,_pinkDark_,,anaphase,_pinkDark_,_pinkDark_,,,_pinkDark_,_pinkDark_,_brownDark_g,,_pink_,,,,_blueDark_g,_pinkDark_,,,,,_pinkDark_,_pinkDark_,_pinkDark_,_pink_,anaphase,_pinkDark_,anaphase,,,,,,_blueDark_g,,,_pinkDark_,
1980,_brownDark_g,,,,,,,,,,_pinkDark_,_blueDark_r,_pink_,_pinkDark_,_blue_,,_pinkDark_,,,,,,,_pink_,_pinkDark_,,,_pink_,_brownDark_r,,,_pinkDark_,_pink_,_pinkDark_,,_pink_,,,,_pinkDark_,_pink_,,,,,_pink_,,_pinkDark_,,,_blueDark_g,,,,,,,_blueDark_r,,,_blueDark_g,
2040,_blueDark_g,,,,,,,,,,_pink_,_pink_,_pink_,_pinkDark_,_blue_,,_pink_,,,,,,,_pinkDark_,_blueDark_r,,,_pinkDark_,_pinkDark_,,,_pink_,_pink_,_pinkDark_,,,,,,_brownDark_r,_pink_,,,,,_pink_,_pinkDark_,_blueDark_g,_pink_,,_pink_,,,,,,,anaphase,,,_pink_,
2100,anaphase,,,,,,,,,,,_pinkDark_,_brownDark_g,_pink_,_blueDark_r,,_pink_,,,,,,,,_pinkDark_,,,,_pinkDark_,,,_brownDark_g,_pinkDark_,_pinkDark_,,_pinkDark_,,,,_pink_,_pinkDark_,,,,,_pink_,_pink_,_pinkDark_,,,_pinkDark_,,,,,,,,,,,
2160,,,,,_pink_,,,,,,,anaphase,_pink_,_pink_,_blueDark_g,,_pinkDark_,,,,,,,,_pink_,,,,anaphase,,,_pinkDark_,_pinkDark_,_pinkDark_,,_pink_,,,,,_pink_,,,,,_pinkDark_,_pink_,_pinkDark_,,,_pinkDark_,,,,,,,,,,,
2220,,,,,,,,,,,,,_blue_,_pinkDark_,,,_pinkDark_,,,,,,,_pinkDark_,_pink_,,,,,,,_pinkDark_,_pink_,_pinkDark_,,,,,,_pink_,_pinkDark_,,,,,_pinkDark_,_pinkDark_,_pinkDark_,,,_pink_,,,,,,,,,,_pink_,
2280,,,,,,,,,,,,,_blueDark_g,_pinkDark_,,,_pinkDark_,,,,,,,_pinkDark_,_pinkDark_,,,,,,,_pink_,_pinkDark_,_pinkDark_,,_pinkDark_,,,,_brownDark_g,_blueDark_r,,,,,_pinkDark_,,_pinkDark_,,,_blueDark_g,,,,,,,,,,_pinkDark_,
2340,,,,,,,,,,,,,_blueDark_r,_pink_,,,_pinkDark_,,,,,,,_pinkDark_,_pinkDark_,,,,,,,_pink_,,_pinkDark_,,_pinkDark_,,,,_pinkDark_,_pink_,,,,,_pinkDark_,_pinkDark_,_pinkDark_,,,_pink_,,,,,,,,,,_pinkDark_,
2400,,,,,,,,,,,,,_brownDark_g,_pink_,,,_pinkDark_,,,,,,,_pinkDark_,,,,,,,,_pinkDark_,_pink_,anaphase,,_blueDark_r,,,,_pinkDark_,_pink_,,,,,_pinkDark_,_blueDark_g,anaphase,,,_pink_,,,,,,,,,,_pink_,
2460,,,,,,,,,,,,,_pink_,_pinkDark_,,,_pinkDark_,,,,,,,,,,,,,,,_pinkDark_,_pinkDark_,,,_brownDark_r,,,,,_pink_,,,,,_pink_,,,,,_blueDark_r,,,,,,,,,,_pink_,
2520,,,,,,,,,,,,,_pink_,_pink_,,,_pink_,,,,,,,_pinkDark_,,,,,,,,_pinkDark_,anaphase,,,,,,,_pinkDark_,,,,,,anaphase,,,,,_blue_,,,,,,,,,,_pink_,
2580,,,,,,,,,,,,,_pink_,_pink_,,,_pinkDark_,,,,,,,_pinkDark_,,,,,,,,_brownDark_r,,,,,,,,_pink_,,,,,,,,,,,_blue_,,,,,,,,,,_pink_,
2640,,,,,,,,,,,,,_pink_,_pinkDark_,,,_pink_,,,,,,,_pinkDark_,,,,,,,,_pinkDark_,,,,,,,,_pink_,,,,,,,,,,,_pinkDark_,,,,,,,,,,_pinkDark_,
2700,,,,,,,,,,,,,_pink_,_pinkDark_,,,_pinkDark_,,,,,,,,,,,,,,,_pinkDark_,,,,,,,,_pink_,,,,,,,,,,,,,,,,,,,,,_pink_,
2760,,,,,,,,,,,,,_pinkDark_,_pinkDark_,,,anaphase,,,,,,,,,,,,,,,_pinkDark_,,,,,,,,,,,,,,,,,,,_pinkDark_,,,,,,,,,,_pink_,
2820,,,,,,,,,,,,,_pinkDark_,_pinkDark_,,,,,,,,,,,,,,,,,,_blue_,,,,,,,,,,,,,,,,,,,,,,,,,,,,,_pinkDark_,
2880,,,,,,,,,,,,,_brownDark_r,_pinkDark_,,,,,,,,,,,,,,,,,,_pink_,,,,,,,,,,,,,,,,,,,,,,,,,,,,,_pink_,
2940,,,,,,,,,,,,,_pinkDark_,_pinkDark_,,,,,,,,,,,,,,,,,,_pinkDark_,,,,,,,,,,,,,,,,,,,,,,,,,,,,,_pinkDark_,
3000,,,,,,,,,,,,,anaphase,_pinkDark_,,,,,,,,,,,,,,,,,,_pinkDark_,,,,,,,,,,,,,,,,,,,,,,,,,,,,,_pinkDark_,
3060,,,,,,,,,,,,,,_pinkDark_,,,,,,,,,,,,,,,,,,_pinkDark_,,,,,,,,,,,,,,,,,,,,,,,,,,,,,_pinkDark_,
3120,,,,,,,,,,,,,,anaphase,,,,,,,,,,,,,,,,,,anaphase,,,,,,,,,,,,,,,,,,,,,,,,,,,,,,
3180,,,,,,,,,,,,,,,,,,,,,,,,,,,,,,,,,,,,,,,,,,,,,,,,,,,,,,,,,,,,,,
3240,,,,,,,,,,,,,,,,,,,,,,,,,,,,,,,,,,,,,,,,,,,,,,,,,,,,,,,,,,,,,,
3300,,,,,,,,,,,,,,,,,,,,,,,,,,,,,,,,,,,,,,,,,,,,,,,,,,,,,,,,,,,,,,
3360,,,,,,,,,,,,,,,,,,,,,,,,,,,,,,,,,,,,,,,,,,,,,,,,,,,,,,,,,,,,,,
3420,,,,,,,,,,,,,,,,,,,,,,,,,,,,,,,,,,,,,,,,,,,,,,,,,,,,,,,,,,,,,,
3480,,,,,,,,,,,,,,,,,,,,,,,,,,,,,,,,,,,,,,,,,,,,,,,,,,,,,,,,,,,,,,
3540,,,,,,,,,,,,,,,,,,,,,,,,,,,,,,,,,,,,,,,,,,,,,,,,,,,,,,,,,,,,,,
3600,,,,,,,,,,,,,,,,,,,,,,,,,,,,,,,,,,,,,,,,,,,,,,,,,,,,,,,,,,,,,,