time to NEB,,,,,,,,,,,,,,,,,,,,,,,,,,,,,,,,,,,,,,,,,,,,,,,,,,,,,,,,
-8820,,,,,,,,,,,,,,,,,,_blue_,,,,,,,,,,,,,,,,,,,,,,,,,,,,,,,,,,,,,,
-8760,,,,,,,,,,,,,,,,,,_blue_,,,,,,,,,,,,,,,,,,,,,,,,,,,,,,,,,,,,,,
-8700,,,,,,,,,,,,,,,,,,_blueDark_r,,,,,,,,,,,,,,,,,,,,,,,,,,,,,,,,,,,,,,
-8640,,,,,,,,,,,,,,,,,,_blue_,,,,,,,,,,,,,,,,,,,,,,,,,,,,,,,,,,,,,,
-8580,,,,,,,,,,,,,,,,,,_blueDark_r,,,,,,,,,,,,,,,,,,,,,,,,,,,,,,,,,,,,,,
-8520,,,,,,,,,,,,,,,,,,_blueDark_r,,,,,,,,,,,,,,,,,,,,,,,,,,,,,,,,,,,,,,
-8460,,,,,,,,,,,,,,,,,,_blueDark_r,,,,,,,,,,,,,,,,,,,,,,,,,,,,,,,,,,,,,,
-8400,,,,,,,,,,,,,,,,,,_blue_,,,,,,,,,,,,,,,,,,,,,,,,,,,,,,,,,,,,,,
-8340,,,,,,,,,,,,,,,,,,_blueDark_r,,,,,,,,,,,,,,,,,,,,,,,,,,,,,,,,,,,,,,
-8280,,,,,,,,,,,,,,,,,,_blue_,,,,,,,,,,,,,,,,,,,,,,,,,,,,,,,,,,,,,,
-8220,,,,,,,,,,,,,,,,,,_blueDark_r,,,,,,,,,,,,,,,,,,,,,,,,,,,,,,,,,,,,,,
-8160,,,,,,,,,,,,,,,,,,_brown_r,,,,,,,,,,,,,,,,,,,,,,,,,,,,,,,,,,,,,,
-8100,,,,,,,,,,,,,,,,,,_blue_,,,,,,,,,,,,,,,,,,,,,,,,,,,,,,,,,,,,,,
-8040,,,,,,,,,,,,,,,,,,_blueDark_r,,,,,,,,,,,,,,,,,,,,,,,,,,,,,,,,,,,,,,
-7980,,,,,,,,,,,,,,,,,,_blue_,,,,,,,,,,,,,,,,,,,,,,,,,,,,,,,,,,,,,,
-7920,,,,,,,,,,,,,,,,,,_blue_,,,,,,_brown_r,_blue_,,,,,,,,,,_blue_,,,,,,,,,,,,,,,,,,,,,
-7860,,,,,,,,,,,,,,,,,,_blue_,,,,,,_brown_r,_blueDark_r,,,,,,,,,,_blueDark_r,,,,,,,,,,,,,,,,,,,,,
-7800,,,,,,,,,,,,,,,,,,_blue_,,,,,,_brown_r,_blueDark_r,,,,,,,,,,_brownDark_r,,,,,,,,,,,,,,,,,,,,,
-7740,,,,,,,,,,,,,,,,,,_blue_,,,,,,_brown_r,_blueDark_r,,,,,,,,,,_blueDark_r,,,,,,,,,,,,,,,,,,,,,
-7680,,,,,,,,,,,,,,,,,,_blue_,,,,,,_blueDark_r,_blue_,,,,,,,,,,_blueDark_r,,,,,,,,,,,,,,,,,,,,,
-7620,,,,,,,,,,,,,,,,,,_blueDark_r,,,,,,_pink_,_blue_,,,,,,,,,,_brownDark_r,,,,,,,,,,,,,,,,,,,,,
-7560,,,,,,,,,,,,,,,,,,_blueDark_r,,,,,,_blueDark_r,_blue_,,,,,,,,,,_blueDark_r,,,,,,,,,,,,,,,,,,,,,
-7500,,,,,,,,,,,,,,,,,,_blue_,,,,,,_blueDark_r,_blueDark_r,,,,,,,,,,_brownDark_r,,,,,,,,,,,,,,,,,,,,,
-7440,,,,,,,,,,,,,,,,,,_blue_,,,,,,_brownDark_r,_blueDark_r,,,,,,,,,,_blue_,,,,,,,,,,,,,,,,,,,,,
-7380,,,,,,,,,,,,,,,,,,_blue_,,,,,,_brownDark_r,_blueDark_r,,,,,,,,,,_blue_,,,,,,,,,,,,,,,,,,,,,
-7320,,,,,,,,,,_blue_,,,,,,,,_blue_,,,,,,_brownDark_r,_blueDark_r,,,,,,,,,,_blueDark_r,,,,,,,,,,,,,,,,,,,,,
-7260,,,,,,,,,,_blue_,,,,,,,,_brownDark_r,,,,,,_brownDark_r,_brownDark_r,,,,,,,,,,_blue_,,,,,,,,,,,,,,,,,,,,,
-7200,,,_brownDark_r,,,,,,,_blueDark_r,,,,,,,,_blue_,,,,,,_blueDark_r,_blueDark_r,,,,,,,,,,_blue_,,,,,,,,,,,,,,,,,,,,,
-7140,,,_blue_,,,,,,,_blueDark_g,,,,,,,,_blue_,,,,,,_blueDark_r,_blue_,,,,,,,,,,_blue_,,,,,,,,,,,,,,,,,,,,,
-7080,,,_brown_r,,,,,,,_blue_,,,,,,,,_blueDark_r,,,,,,_blue_,_blue_,,,,,,,,,,_blue_,,,,,,,,,,,,,,,,,,,,,
-7020,,,_blue_,,,,,,,_blue_,,,,,,,,_blue_,,,,,,_pink_,_blue_,,,,,,,,,,_blueDark_r,,,,,,,,,,,,,,,,,,,,,
-6960,,,_blue_,,,,,,,_blue_,,,,,,,,_blue_,,,,,,_brownDark_r,_blue_,,,,,,,,_blue_,,_blue_,,,,,,,,,,,,,,,,,,,,,
-6900,,,_blueDark_g,,,,,,,_blue_,_blueDark_r,,,,,,,_blueDark_r,,,,,,_blue_,_blue_,,,,,,,,_blue_,,_blue_,,,,,,,,,,,,,,,,,,,,,
-6840,,,_blue_,,,,,,,_blue_,_brown_r,,,,,,,_blue_,,,,,,_blueDark_r,_blueDark_r,,,,,,_blue_,_pink_,_pink_,,_pink_,,,,,,,,,,,,,,,,,,,,,
-6780,,,_blue_,,,,,,,_blue_,_brownDark_r,,,,,,,_blueDark_r,,,,,,_brown_r,_blue_,,,,,,_blue_,_blue_,_blue_,,_blue_,,,,,,,,,,,,,,,,,,,,,
-6720,,,_brown_r,,,,,,,_blue_,_blueDark_r,,,,,,,_blueDark_r,,,,,,_brownDark_r,_blue_,,,,,,_blue_,_blue_,_blue_,,_blueDark_r,,,,,,,,,,,,,,,,,,,,,
-6660,,,_blue_,,,,,,,_blue_,_brown_r,,,,,,,_blueDark_r,,,,,,_blueDark_r,_blue_,,,,,,_blue_,_blue_,_blue_,,_blue_,,,,,,,,,,,,,,,,,,,,,
-6600,,,_blue_,,,,,,,_blue_,_brown_r,,,,,,,_blueDark_r,,,,,,_blueDark_r,_blue_,,,,,,_blue_,_blue_,_blue_,,_pink_,,,,,,,,,,,,,,,,,,,,,
-6480,_blue_,,_blue_,,,,,,,_blue_,_brownDark_r,,,,,,,_blue_,,,,,,_blueDark_r,_blue_,,,,,,_blue_,_blue_,_pinkDark_,,_blue_,,,,,,,,,,,,,,,,,,,,,
-6420,_blue_,,_blue_,,,,,,,_blue_,_blue_,,,,,,,_blueDark_r,,,,,,_blue_,_blueDark_r,,,,,,_blue_,_blue_,_blue_,,_blue_,,,,,,,,,,,,,,,,,,,,,
-6360,_blue_,,_blue_,,,,,,,_blue_,_brown_r,,,,,,,_blue_,,,,,,_brownDark_r,_blueDark_r,,,,,,_blue_,_blue_,_pink_,,_blueDark_r,,,,,,,,,,,,,,,,,,,,,
-6300,_blue_,,_blue_,,,,,,,_blue_,_brownDark_r,,,,,,,_blue_,,,,,,_blueDark_r,_blueDark_r,,,,,,_brownDark_r,_blue_,_blue_,,_blueDark_r,,,,,,,,,,,,,,,,,,,,,_blueDark_r
-6240,_blue_,,_blueDark_r,,,,,,,_blue_,_blueDark_r,,,,,,,_blue_,,,,,,_brownDark_r,_blue_,,,,,,_blue_,_brownDark_g,_blue_,,_blue_,,,,,,,,,,,,,,,,,,,,,_pink_
-6180,_blue_,,_blue_,_blue_,_blue_,,,,,_blue_,_blue_,,,,,,,_brown_r,,,,,,_blueDark_r,_blueDark_r,,,,,,_pink_,_blue_,_blue_,,_blue_,,,,,,,,,,,,,,,,,,,,,_pink_
-6120,_blue_,,_blue_,_blue_,_blue_,,,,,_blue_,_blue_,,,,,,,_brownDark_r,,,,,,_brownDark_r,_blueDark_r,,,,,,_blue_,_brownDark_g,_blue_,,_blue_,,,,,,,,,,,,,,,,,,,,,_blue_
-6060,_blue_,,_blue_,_blueDark_r,_blue_,,_blue_,,,_blue_,_blueDark_r,,,,,,,_blueDark_r,,,,,,_blueDark_r,_blue_,,,,,,_blue_,_brownDark_g,_blue_,,_blue_,,,,,,,,,,,,,,,,,,,,,_blue_
-6000,_blue_,,_blue_,_blueDark_r,_pink_,,_blue_,,,_blue_,_blueDark_r,,,,,,,_blueDark_r,,,,,,_pink_,_blue_,,,,,,_blue_,_brownDark_g,_blue_,,_blueDark_r,,,,,,,,,,,,,,,,,,,,,_blueDark_r
-5940,_blue_,,_blue_,_blueDark_r,_blue_,,_blueDark_r,,,_blue_,_blue_,,,,,,,_blue_,,,,,,_pink_,_blue_,,,,,,_blue_,_brown_g,_blue_,,_blueDark_g,,,,,,,,,,,,,,,,,,,,,_blueDark_r
-5880,_blue_,,_blue_,_blue_,_blue_,,_blue_,,,_blue_,_blue_,,,,,,,_blue_,,,,,,_blue_,_blue_,,,,,,_blueDark_r,_brown_g,_pink_,,_blue_,,,,,,,,,,,,,,,,,,,,,_blueDark_r
-5820,_blue_,,_blue_,_blueDark_r,_blue_,,_blue_,,,_blue_,_blueDark_r,,,,,,,_blue_,,,,,,_blue_,_blue_,,,,,,_blueDark_r,_brownDark_g,_blue_,,_blueDark_g,,,,,,,,,,,,,,,,,,,,,_blueDark_r
-5760,_blue_,,_blue_,_blueDark_r,_blue_,,_blue_,,,_blue_,_blueDark_r,,,,,,,_brownDark_r,,,,,,_blue_,_blue_,,,,,,_brownDark_r,_blueDark_g,_blue_,,_blue_,,,,,,,,,,,,,,,,,,,_blue_,_blue_,_brownDark_r
-5700,_blue_,,_blueDark_g,_blueDark_r,_blueDark_r,,_blue_,,,_blue_,_blueDark_r,,,,,,,_brownDark_r,,,,,,_blue_,_blue_,,,,,,_brownDark_r,_blue_,_blueDark_r,,_blue_,,,,,,,,,,,,,,,,,,,_blueDark_r,_blue_,_brownDark_r
-5640,_blue_,,_blueDark_r,_blue_,_blue_,,_blueDark_r,,,_blue_,_brownDark_r,,,,,,,_brownDark_r,,,,,,_blue_,_blue_,,,,,,_blueDark_r,_blueDark_g,_blue_,,_blue_,,,,,,,,,,,,,,,,,,,_brown_r,_blue_,_blueDark_r
-5580,_blue_,,_blue_,_blue_,_brown_r,,_blueDark_r,,,_blue_,_brown_r,,,,,,,_brownDark_r,,,,,,_blue_,_brown_r,,,,,,_blueDark_r,_blue_,_blue_,,_blue_,,,,,,,,,,,,,,,,,,,_blueDark_r,_blue_,_brownDark_r
-5520,_blue_,,_blue_,_blue_,_brown_r,,_brownDark_r,,,_blue_,_brown_r,,,,,,,_pink_,,,,,,_blue_,_blue_,,,,,,_blue_,_blue_,_blue_,_blue_,_brownDark_r,,,,,,,,,,,,,,,,,,,_blueDark_r,_blue_,_blue_
-5460,_blue_,,_blueDark_r,_blue_,_brownDark_r,,_blueDark_r,,,_blue_,_blueDark_r,,,,,,,_brownDark_r,,,,,,_blue_,_blue_,,,,,,_blue_,_pink_,_blue_,_blue_,_brownDark_r,,,,,,,,,,,,,,,,,,,_blue_,_brownDark_r,_blueDark_r
-5400,_blue_,,_blueDark_r,_blue_,_blue_,,_brown_r,,,_blue_,_blue_,,,,,,,_blue_,,,,,,_blue_,_blue_,,,,,,_blue_,_blue_,_blueDark_r,_brownDark_r,_brownDark_r,,,,,,,,,,,,,,,,,,,_blueDark_r,_blueDark_r,_blueDark_r
-5340,_blue_,,_blueDark_r,_blue_,_blueDark_r,,_blue_,,,_blue_,_brownDark_r,,,,,,,_blue_,,,,,,_blue_,_blue_,,,,,,_blue_,_blue_,_blue_,_brownDark_r,_blueDark_r,,,,,,,,,,,,,,,,,,,_blueDark_r,_blueDark_r,_blue_
-5280,_blue_,,_blueDark_r,_blue_,_blue_,,_blue_,,,_blue_,_blue_,,,,,,,_blueDark_r,,,,,,_blue_,_blue_,,,,,,_blue_,_blue_,_blueDark_r,_blueDark_r,_pink_,,,,,,,,,,,,,,,,,,,_brownDark_r,_blue_,_brown_r
-5220,_blue_,,_brownDark_r,_blueDark_r,_blue_,,_brownDark_r,,,_blue_,_blue_,,,,,,,_brown_r,,,,,,_blue_,_brownDark_r,,,,,,_blue_,_blue_,_blue_,_blue_,_brownDark_r,,,,,,,,,,,,,,,,,,,_blueDark_r,_blue_,_blueDark_r
-5160,_blue_,,_blueDark_r,_blueDark_r,_brown_r,,_brown_r,,,_blue_,_blue_,,,,,,,_brown_r,,,,,,_blue_,_blueDark_r,,,,,,_blueDark_r,_blue_,_blue_,_blue_,_blueDark_r,,,,,,,,,,,,,,,,,,,_blue_,_blueDark_r,_blue_
-5100,_blue_,,_blueDark_r,_blue_,_brown_r,,_blue_,,,_blue_,_blue_,,,,,,,_blueDark_r,,,,,,_blue_,_blueDark_r,,,,,,,_brown_r,_blue_,_blueDark_r,_blue_,,,,,,,,,,,,,,,,,,,_blue_,_blue_,_blueDark_g
-5040,_blue_,,_brownDark_r,_blue_,_brownDark_r,,_brown_r,,,_blue_,_blue_,,,,,,,_brownDark_r,,,,,,_blue_,_blue_,,,,_blueDark_r,,_blue_,_blue_,_pink_,_blueDark_r,_blue_,,,,,,,,,,,,,,,,,_blue_,_pink_,_blue_,_blue_,_blueDark_g
-4980,,,_blue_,_blue_,_blue_,,_blue_,,,_blue_,_brownDark_r,,,,,,,_blueDark_r,,,,,,_blue_,_blueDark_r,,,,_blueDark_r,,_blueDark_r,_blueDark_r,_pink_,_blue_,_blueDark_r,,,,,,,,,,,,,,,,,_blue_,_blue_,_blue_,_blue_,_blue_
-4920,,,_blueDark_r,_blue_,_blueDark_r,,_blueDark_r,,,_blue_,_blueDark_r,,,,,,,_blue_,,,,,,_blue_,_blue_,,,,_blue_,,_blue_,_blue_,_blue_,_blue_,_blue_,,,,,,,,,,,,,,,,,_pink_,_blue_,_blue_,_blue_,_blue_
-4860,,_blue_,_blueDark_r,_blue_,_blueDark_r,,_blue_,,,_blue_,_blue_,,,,,,,_blue_,,,,,,_blue_,_blue_,,,,_blue_,,_blue_,_blue_,_blue_,_blue_,_blue_,,,,,,,,,,,,,,,,,_blueDark_r,_blueDark_g,_blue_,_blue_,_blue_
-4800,_blue_,_blue_,_blue_,_blue_,_blue_,,_blue_,,,_blue_,_blue_,,,,,,,_blue_,,,,,,_blue_,_blue_,,,,_blue_,,_blueDark_g,_blue_,_blueDark_r,_blue_,_blue_,,,,,,,,,,,,,,,_blue_,_blueDark_r,_blue_,_blueDark_r,_blue_,_blue_,_blue_
-4740,_blue_,_blue_,_blueDark_r,_blue_,_blueDark_r,,_blueDark_r,,,_blue_,_blueDark_r,,,,,,,_blue_,,,,,,_blueDark_r,_blueDark_r,,,,_brown_r,,_blue_,_blue_,_blue_,_blue_,_blueDark_r,,,,,,,,,,,,,,,_blue_,_brownDark_r,_blue_,_brown_r,_blueDark_r,_blue_,_blue_
-4680,_blue_,_blue_,_blueDark_r,_blue_,_brownDark_r,,_blueDark_r,,,_blue_,_brownDark_r,,,,,,,_brownDark_r,,,,,,_blue_,_blue_,,,,_brown_r,,_blue_,_blue_,_brownDark_r,_blue_,_pink_,,,,,,,,,,,,,,,_blueDark_r,_brownDark_r,_blue_,_blueDark_r,_blue_,_blue_,_blue_
-4620,_blue_,_blueDark_r,_blue_,_blue_,_brown_r,,_blueDark_r,,,_blue_,_blue_,,,,,,,_brown_r,,,,,,_blue_,_blue_,,,,_brown_r,,_brownDark_r,_blue_,_blueDark_r,_blue_,_blue_,,,,,,,,,,,,,,,_blue_,_blueDark_r,_blueDark_r,_blueDark_r,_pink_,_blueDark_r,_blueDark_g
-4560,_blue_,_brown_r,_brown_r,_blueDark_r,_brownDark_r,,_brownDark_r,,,_blue_,_blueDark_r,,,,,,,_blue_,,,,,,_blue_,_blue_,,,,_brown_r,,_blueDark_r,_blue_,_blue_,_blue_,_brownDark_r,,,,,,,,,,,,,,,_blue_,_blueDark_r,_blue_,_blueDark_r,_blueDark_r,_blue_,_blue_
-4500,_blue_,_blueDark_r,_brownDark_r,_blueDark_r,_pink_,,_brown_r,,,_blue_,_blueDark_r,,,,,,,_blue_,,,,,,_blue_,_blue_,,,,_brown_r,,_blue_,_blue_,_blue_,_blue_,_brownDark_r,,,,,,,,,,,,,,,_brownDark_r,_brownDark_r,_blue_,_blueDark_r,_brownDark_r,_blue_,_blue_
-4440,_blue_,_blueDark_r,_brown_r,_blue_,_brownDark_r,,_brown_r,,,_blue_,_blue_,,,,,,,_pink_,,,,,,_blue_,_blue_,,,,_brown_r,,_blueDark_r,_blue_,_blue_,_blue_,_blueDark_r,,,,,,,,,,,,,,,_blue_,_blue_,_blue_,_brownDark_r,_brownDark_r,_blue_,_pink_
-4380,_blue_,_blueDark_r,_brown_r,_blue_,_blueDark_r,,_brownDark_r,,,_blue_,_blueDark_r,,,,,,,_blue_,,,,,,_brownDark_r,_blue_,,,,_blue_,,_blueDark_r,_blue_,_blueDark_r,_blue_,_blueDark_r,,,,,,,,,,,,,,,_blue_,_blue_,_blue_,_blue_,_blueDark_r,_blue_,_blueDark_g
-4320,_blue_,_blue_,_blueDark_r,_blue_,_blue_,,_blue_,,,_blue_,_brown_r,,,,,,,_brown_r,,,,,,_brownDark_r,_blueDark_r,,,,_blue_,,_blue_,_blue_,_blue_,_blue_,_blueDark_r,,,,,,,,,,,,,,,_brownDark_r,_brownDark_r,_blueDark_g,_blue_,_brownDark_r,_blue_,_blueDark_g
-4260,_blue_,_blue_,_brownDark_r,_blue_,_blue_,,_brownDark_r,,,_blue_,_brown_r,,,,,,,_blue_,,,,,,_pink_,_blue_,,,,_blueDark_r,,_blue_,_blue_,_blue_,_blueDark_r,_blue_,,,,,,,,,,,,,,,_blue_,_brownDark_r,_blue_,_blue_,_blueDark_r,_blue_,_blueDark_g
-4200,_blue_,_blue_,_brownDark_r,_blue_,_brownDark_r,,_brownDark_r,,,_blue_,_brown_r,,,,,,,_blue_,,,,,,_blueDark_r,_blue_,,,,_blue_,,_blue_,_blue_,_brownDark_r,_blue_,_blue_,,,,,,,,,,,,,,,_blue_,_blue_,_blue_,_blue_,_blueDark_r,_blue_,_blue_
-4140,_blue_,_blueDark_r,_brownDark_r,_blue_,_blueDark_r,,_brownDark_r,,,_blue_,_blueDark_r,,,,,,,_blue_,,,,,,_brownDark_r,_blueDark_r,,,,_blueDark_g,,_blue_,_blueDark_r,_blue_,_blue_,_blueDark_r,,,,,,,,,,,,,,,_blue_,_blueDark_r,_blue_,_blue_,_brown_r,_blueDark_r,_blue_
-4080,_blue_,_blueDark_r,_brown_r,_blue_,_blue_,,_blue_,,,_blue_,_blue_,,,,,,,_blue_,,,,,,_brownDark_r,_brownDark_r,,,,_blueDark_r,,_blueDark_r,_brownDark_r,_blue_,_blue_,_blue_,,,,,,,,,,,,,,,_blue_,_blue_,_brownDark_r,_pink_,_brownDark_r,_blue_,_blue_
-4020,_blue_,_brown_r,_brownDark_r,_blue_,_blue_,,_blue_,,,_blue_,_blue_,,,,,,,_brownDark_r,,,,,,_pink_,_blue_,,,,_blueDark_r,,_blue_,_blueDark_r,_blue_,_brownDark_r,_blue_,,,,,,,,,,,,,,,_blue_,_blueDark_g,_blueDark_r,_blue_,_blue_,_blue_,_blue_
-3960,_blue_,_brown_r,_blueDark_r,_blue_,_blue_,,_blueDark_r,,,_blue_,_blue_,,,,,,,_brown_r,,,,,,_blueDark_r,_blueDark_r,,,,_blue_,,,_brownDark_r,_pink_,_blueDark_r,_blue_,,,,,,,,,,,,,,,_blue_,_blue_,_blue_,_blue_,_blueDark_r,_blue_,_blueDark_g
-3900,_blue_,_blue_,_blueDark_r,_brownDark_r,_blue_,,_blueDark_r,,,_blue_,_blue_,,,,,,,_blueDark_r,,,,,,_pink_,_blueDark_r,,,,_blue_,,_blue_,_brownDark_r,_pink_,_blueDark_r,_blue_,,,,,,,,,,,,,,,_blue_,_blue_,_blue_,_blueDark_r,_blue_,_blue_,_blueDark_r
-3840,_blue_,_blue_,_blueDark_r,_blue_,_blue_,,_blueDark_r,,,_blue_,_blue_,,,,,,,_brownDark_r,,,,,,_pink_,_blueDark_r,,,,_blueDark_r,,_blue_,_pink_,_blue_,_blue_,_blueDark_r,,,,,,,,,,,,,,,_blue_,_blue_,_blue_,_blueDark_r,_blueDark_r,_blue_,_pink_
-3780,_blue_,_blueDark_r,_blueDark_r,_blueDark_r,_brown_r,,_brownDark_r,,,_blue_,_blue_,,,,,,,_brownDark_r,,,,,,_brownDark_r,_brownDark_r,,,,_blueDark_r,,_blue_,_brownDark_r,_blue_,_blueDark_r,_blueDark_r,,,,,,,,,,,,,,,_blue_,_blue_,_blue_,_blue_,_blue_,_blue_,_pink_
-3720,_blue_,_blueDark_r,_blue_,_blue_,_blue_,,_blueDark_r,,,_blue_,_blue_,,,,,,,_brown_r,,,,,,_blue_,_blueDark_r,,,,_blue_,,_blue_,_blueDark_r,_blue_,_blueDark_r,_blue_,,,,,,,,,,,,,,,_blueDark_r,_blueDark_r,_blueDark_r,_blue_,_blue_,_blue_,_pink_
-3660,_blue_,_blueDark_r,_brownDark_r,_brown_r,_blue_,,_blueDark_r,,,_blue_,_pink_,,,,,,,_brownDark_r,,,,,,_blueDark_r,_blueDark_r,,,,_blueDark_g,,_blue_,_pink_,_blue_,_pink_,_blueDark_r,,,,,,,,,,,,,,,_blue_,_blue_,_blue_,_blue_,_blue_,_blue_,_blue_
-3600,_blue_,_blueDark_r,_brownDark_r,_brown_r,_blue_,,_blue_,,,_brownDark_r,_blue_,,,,,,,_brownDark_r,,,_pink_,,,_blue_,_blue_,,,,_blue_,,_blue_,_blueDark_r,_blue_,_brownDark_r,_brownDark_r,,,,,,,,,,,,,,,_blue_,_blueDark_r,_blue_,_blueDark_r,_blue_,_blueDark_r,_blue_
-3540,_blueDark_r,_blueDark_r,_blueDark_r,_blueDark_r,_blue_,,_blue_,,,_blue_,_blue_,,,,,,,_brown_r,,,_pinkDark_,,,_blue_,_brownDark_r,,,,_blue_,,_blue_,_blueDark_r,_blue_,_blueDark_r,_blueDark_r,,,,,,,,,,,,,,,_blue_,_blue_,_blue_,_blue_,_blue_,_blue_,_blueDark_g
-3480,_blueDark_r,_brownDark_r,_pink_,_blue_,_brown_r,,_blueDark_r,,,_blue_,_blue_,,,,,,,_pink_,,,_pink_,,,_blue_,_blue_,,,,_blue_,,_blue_,_blueDark_r,_blue_,_blueDark_r,_blueDark_r,,,,,,,,,,,,,,,_blue_,_blue_,_blue_,_blueDark_r,_blue_,_blue_,_blue_
-3420,_blueDark_r,_brownDark_r,_brown_r,_brown_r,_blueDark_r,,_brownDark_r,,,_blue_,_blue_,,,,,,,_brownDark_r,,,_brownDark_r,,,_blue_,_blueDark_r,,,,_blue_,,_blue_,_blueDark_g,_blue_,_blue_,_blueDark_g,,,,,,,,,,,,,,,_blue_,_blue_,_blue_,_blueDark_r,_blue_,_blueDark_r,_blue_
-3360,_blue_,_blueDark_r,_blue_,_brown_r,_pinkDark_,,_brownDark_r,,,_brownDark_r,_brown_r,,,,,,,_blue_,,,_brown_r,,,_brown_r,_blue_,,,,_blue_,,_blue_,_pink_,_blueDark_r,_blue_,_blueDark_r,,,,,,,,,,,,,_brown_r,_blueDark_g,_blue_,_blue_,_blue_,_blueDark_r,_blue_,_blueDark_r,_blue_
-3300,_blue_,_brown_r,_blue_,_blue_,_pink_,,_brown_r,,,_blue_,_blueDark_r,,,,,,,_brown_r,,,_brown_r,,,_blue_,_blueDark_r,,,,_blue_,,_blue_,_pink_,_brownDark_r,_blue_,_blue_,,,,,,,,,,,,,_brownDark_r,_blue_,_blue_,_blue_,_blue_,_blue_,_blue_,_blueDark_r,_blueDark_g
-3240,_blue_,_blueDark_r,_blue_,,_blueDark_r,,_pink_,,,_blue_,_blue_,,,,,,,_blue_,,,_brown_r,,,_brown_r,_blue_,,,,_brown_r,,_blue_,,_brown_g,_blue_,_blue_,,,,,,,,,,,,,_blueDark_r,_blue_,_blueDark_g,_blueDark_g,_blue_,_blue_,_blue_,_blue_,_blueDark_r
-3180,_blue_,_blueDark_r,_blue_,_brown_r,_blueDark_r,,_brownDark_r,,,_blue_,_blue_,,,,,,,_blueDark_r,,,_blueDark_r,,,_brown_r,_blueDark_g,,,,_blueDark_r,,_blue_,_brownDark_r,_blue_,_blueDark_r,_blue_,,,,,,,,,,,,,_blue_,_blue_,_blue_,_blue_,_blue_,_blue_,_blue_,_blue_,_blueDark_r
-3120,_blue_,_blue_,_blue_,_blue_,_blue_,,_blueDark_r,,,_blue_,_blue_,,,,,,,_blue_,,,_brownDark_r,,,_pink_,_blue_,,,_brownDark_r,_brown_r,,_blue_,_blueDark_r,_blue_,_blueDark_r,_blue_,,,,,,,,,,,,,_blue_,_blue_,_blue_,_blue_,_blueDark_r,_blue_,_blueDark_r,_blue_,_blueDark_r
-3060,_blue_,_blue_,_blue_,_brownDark_r,_blue_,,_brownDark_r,,,_blue_,_brownDark_r,,,,,,,_blue_,,,_brownDark_r,,,_pink_,_blue_,,,_brownDark_r,_brownDark_r,,_blue_,_blueDark_r,_pink_,_blue_,_blue_,,,,,,,,,,,,,_pink_,_blue_,_blue_,_blueDark_r,_blueDark_r,_blueDark_r,_blue_,_blue_,_blue_
-3000,_blue_,_blue_,_blue_,_blueDark_r,_blue_,,_pink_,,,_blue_,_blueDark_r,,,,,,,_pinkDark_,,,_blue_,,,_brownDark_r,_blue_,,,_blueDark_r,_brownDark_r,,_blue_,_pink_,_blueDark_r,_blueDark_r,_blueDark_r,,,,,,,,,,,,,_brownDark_r,_blue_,_blue_,_brownDark_r,_blueDark_g,_blueDark_r,_blue_,_blue_,_blue_
-2940,_blue_,_brown_r,_blue_,_brown_r,_blue_,,_blue_,,,_blue_,_blueDark_r,,,,,,,_blue_,,,_brownDark_r,,,_blueDark_r,_blue_,,,_blueDark_g,_brownDark_r,,_blue_,_blue_,_pink_,_blueDark_g,_blue_,,,,,,,,,,,,,_brownDark_r,_blue_,_blue_,_blueDark_r,_blue_,_blueDark_r,_blue_,_blue_,_blue_
-2880,_blue_,_blue_,_blue_,_brown_r,_blue_,,_blue_,,,_blue_,_blueDark_r,,,,,,,_blueDark_r,,,_blueDark_r,,,_blue_,_blue_,,,_pink_,_brownDark_r,,_blue_,_blue_,_blueDark_r,_blueDark_r,_blueDark_r,,,,,,,,,,,,,_blue_,_blue_,_blue_,_blue_,_blue_,_blue_,_blue_,_blue_,_blueDark_r
-2820,_blue_,_blue_,_blue_,_blueDark_r,_blue_,,_blue_,,,_blue_,_blueDark_r,,,,,,,_blue_,,,_blueDark_r,,,_blue_,_blue_,,,_pink_,_pink_,,_blue_,_blue_,_pink_,_pink_,_blue_,,,,,,,,,,,,,_blueDark_r,_blueDark_r,_blue_,_blue_,_blue_,_blue_,_blue_,_brownDark_r,_blue_
-2760,_blue_,_blue_,_blue_,_blueDark_r,_blue_,,_blue_,,,_blue_,_brownDark_r,,,,,,,_blue_,,,_blueDark_r,,,_blue_,_blue_,,,_blueDark_r,_brownDark_r,,_blue_,_blue_,_blueDark_r,_blue_,_blue_,,,,,,,,,,,,,_blue_,_blueDark_r,_blue_,_blue_,_blue_,_blueDark_g,_blue_,_blueDark_r,_blueDark_r
-2700,_blue_,_blue_,_blue_,_blueDark_r,_pink_,,_blueDark_r,,,_brownDark_r,_blue_,,,,,,,_blue_,,,_blueDark_r,,,_blue_,_blue_,,,_blue_,_brownDark_r,,_blue_,_blue_,_blueDark_r,_blueDark_r,_blue_,,,,,,,,,,,,,_blue_,_pink_,_blue_,_blue_,_brownDark_r,_blueDark_r,_blueDark_g,_blue_,_blue_
-2640,_blue_,_blue_,_blue_,,_blue_,,_blue_,,,_brown_g,_blue_,,,,,,,_blueDark_r,,,_blueDark_r,,,_blueDark_r,_blue_,,,_blue_,_brownDark_r,,_blue_,_blue_,_blue_,_brownDark_r,_blueDark_r,,,,,,,,,,,,,_blueDark_r,_blueDark_r,_blue_,_blue_,_blueDark_r,_blue_,_blue_,_blue_,_blueDark_r
-2580,_blue_,_blue_,_blue_,_pinkDark_,_blue_,,_pink_,,,_blue_,_blue_,,,,,,,_blue_,,,_brown_r,,,_pink_,_blue_,,,_blueDark_g,_brownDark_r,,_blue_,_blue_,_blueDark_r,_blueDark_r,_blue_,_blue_,,,,,,,,,,,,_blueDark_r,_blue_,_blue_,_blue_,_blueDark_r,_blue_,_blue_,_blue_,_blueDark_r
-2520,_blue_,_blueDark_r,_blue_,_pink_,_blue_,,_blue_,,_blue_,_brownDark_r,_blue_,,,,,,,_brownDark_r,,,_brownDark_r,,,_pink_,_blue_,_blueDark_g,,_brownDark_g,_brownDark_r,,_blue_,_blue_,_blue_,_blue_,_pink_,_pink_,,,,,,,,,,,,_blue_,_blueDark_g,_blue_,_blueDark_r,_blueDark_r,_blue_,_blue_,_blueDark_r,_blue_
-2460,_blue_,_blue_,_blue_,_blue_,_brownDark_g,,_blue_,,_blue_,_blue_,_blue_,,,,,,,_blue_,,,_brownDark_r,,,_blue_,_blue_,_blueDark_r,,_blueDark_g,_brownDark_r,,_blue_,_brownDark_g,_blue_,_blue_,_blue_,_blueDark_g,,,,,_blue_,_brownDark_r,,,,,,_blueDark_r,_blue_,_blue_,_blueDark_r,_blueDark_r,_blue_,_blueDark_r,_blue_,_blue_
-2400,_blue_,_blue_,_blue_,,_pink_,,_blueDark_r,,_blue_,_blue_,_blue_,,,,,,,_blue_,,,_brown_r,,,_blue_,_blue_,_blueDark_g,,_pink_,_brown_r,,_blue_,_blue_,_blue_,_blueDark_r,_brownDark_r,_brownDark_r,,,,,_blue_,_brownDark_r,,,,,,_blue_,_blue_,_blueDark_g,_brownDark_r,_blue_,_blue_,_blue_,_blueDark_r,_brownDark_r
-2340,,_blue_,_blue_,_blue_,_pink_,,_blue_,,_blue_,_blue_,_brown_r,,,,,,,_blue_,,,_brown_r,,,_brownDark_r,_blue_,_pink_,,_pink_,_brownDark_r,,_blue_,_blue_,_blue_,_brownDark_g,_pink_,_blue_,,,,,_blueDark_r,_blue_,,,,,,_blueDark_r,_blue_,_blue_,_brownDark_r,_blueDark_r,_blue_,_blueDark_r,_blueDark_r,_pinkDark_
-2280,_blue_,_blueDark_r,_blue_,_blue_,_brownDark_r,,_blueDark_r,,_blue_,_blue_,_pink_,,,,,,,_pink_,_blueDark_r,,_brown_r,,,_brown_r,_blue_,_blueDark_g,,_brownDark_r,_blueDark_r,,_blue_,_blue_,_blue_,_blue_,_brownDark_r,_blue_,,,,,_blue_,_blue_,,,,,,_blueDark_r,_brownDark_r,_blueDark_g,_blueDark_r,_blue_,_blueDark_r,_blue_,_pink_,_blue_
-2220,_blue_,_blueDark_r,_blue_,_blueDark_r,_pink_,,_brown_r,,_blueDark_r,_blue_,_pink_,,,,_blue_,,,_pinkDark_,_blue_,,_brown_r,,,_brownDark_r,_brown_r,_blue_,,_blueDark_r,_brown_r,_pink_,_blue_,_blue_,_pink_,_blueDark_r,_blue_,_blue_,,,,,_blue_,_blue_,,,,,,_blue_,_brownDark_r,_blueDark_g,_blue_,_blue_,_brownDark_r,_blueDark_r,_blue_,_blueDark_r
-2160,_blue_,_blue_,_blue_,_blue_,_pink_,,_blueDark_r,,_blueDark_r,_blue_,_blueDark_r,,,,_blue_,,,_brownDark_r,_blue_,,_blueDark_r,,,_blueDark_r,_blue_,_blue_,,_blue_,_brown_r,_pink_,_brown_g,_blue_,_pink_,_blue_,,_pink_,,,,,_blue_,_blue_,,,,,,_blue_,_pink_,_blue_,_blue_,_blue_,_blue_,_blueDark_r,_blue_,_blue_
-2100,_blueDark_r,_blue_,_blueDark_r,_blue_,_pink_,,_blue_,,_blueDark_r,_blue_,_brown_r,,,,_brown_r,,,_blue_,_blue_,,_blueDark_r,,,_blueDark_r,_blue_,_blue_,,_blue_,_blue_,_pink_,_blue_,_blueDark_g,_blue_,_pink_,_blue_,_blueDark_r,,,,,_blue_,_brownDark_r,,,,,,_blue_,_blue_,_blue_,_blue_,_blue_,_blue_,_brownDark_r,_blueDark_r,_blue_
-2040,_brownDark_r,_blue_,_blueDark_r,,_pink_,,_blue_,,_brownDark_r,_blue_,_blueDark_r,,,,_brown_r,,,_brownDark_r,_blue_,,_blueDark_r,,,_pink_,_blue_,_blueDark_r,,_pink_,_blue_,_brownDark_r,_blueDark_g,_blue_,_blue_,_blueDark_r,_blueDark_r,_brownDark_r,,,,,_blue_,_blue_,,,,,,_blueDark_r,_blue_,_blue_,_blue_,_blue_,_blueDark_r,_blueDark_r,_brownDark_r,_blueDark_r
-1980,_brownDark_r,_blue_,_blue_,_blueDark_r,_brownDark_r,,_blue_,,_blueDark_r,_blue_,_blue_,,,_blue_,_blue_,,,_blueDark_r,_blue_,,_blue_,,,_blue_,_blue_,_blue_,,_blue_,_blueDark_r,_blueDark_r,_blue_,_blue_,_blue_,_pink_,,_blue_,,,,,_blue_,_brownDark_r,,,,,,_blueDark_r,_blueDark_r,_blue_,_blueDark_r,_blue_,_blue_,_blueDark_r,_blue_,_blue_
-1920,_blue_,_blueDark_r,_blue_,_blueDark_r,_pink_,,_blueDark_r,,_blue_,_blue_,_blue_,,,_blue_,_blue_,,,_brown_r,_blue_,,_blueDark_r,,,_blue_,_blue_,_blue_,,_blue_,_blueDark_r,_blueDark_r,_blue_,_blue_,_brown_r,_blueDark_r,_blue_,_blueDark_r,,,,,_blue_,_pink_,,,,,,_blueDark_r,_blueDark_g,_blue_,_brownDark_r,_blue_,_blue_,_brownDark_r,_blue_,_brownDark_r
-1860,_blue_,_blueDark_r,_brown_r,_blueDark_g,_brownDark_r,,_blueDark_r,,_blue_,_blue_,_blue_,,,_blue_,_blueDark_g,,,_pink_,_blueDark_r,,_blueDark_r,,,_blue_,_pink_,_brownDark_r,,_blue_,_brown_r,_blueDark_r,_blue_,_brown_g,_blueDark_r,_blue_,_blueDark_r,_blue_,,,,,_brownDark_r,_brownDark_r,,,,,,_blueDark_r,_blueDark_r,_blue_,_brownDark_r,_blueDark_r,_blueDark_r,_pink_,_blueDark_r,_pink_
-1800,_blue_,_blue_,_brown_r,_blue_,_blueDark_r,,_blue_,,_blue_,_blue_,_blue_,,,_blueDark_r,_blue_,,,_brownDark_r,_blue_,,_blueDark_r,,,_blue_,_brownDark_r,_blueDark_r,,_blueDark_g,_brown_r,_blueDark_g,_blueDark_g,_blue_,_blue_,_blueDark_g,_blue_,_blueDark_r,,,,,_blue_,_brownDark_r,,,,,,_blueDark_g,_blue_,_blueDark_r,_blue_,_blue_,_blue_,_brownDark_r,_brown_r,_blueDark_r
-1740,_blue_,_blue_,_blue_,,_brownDark_r,,_brown_r,,_blue_,_blue_,_blue_,,,_pink_,_blue_,,,_blueDark_r,_blueDark_r,,_brownDark_r,,,_blue_,_blue_,_brownDark_r,,_brown_g,_brown_r,_blue_,_brownDark_r,_brownDark_g,_blue_,_blue_,_blue_,_blueDark_r,,,,,_blue_,_pink_,,,,,_blueDark_g,_blue_,_brownDark_g,_blue_,_blue_,_blue_,_blueDark_r,_brownDark_r,_blue_,_blueDark_r
-1680,_blue_,_blue_,_blue_,_blue_,_pink_,,_blueDark_r,,_blue_,_blue_,_blue_,,,_brownDark_g,_pink_,,,_blueDark_r,_brown_r,,_blueDark_r,,,_blue_,_blue_,_pink_,,_brownDark_g,_blue_,_pink_,_blue_,_brownDark_g,_blue_,_blue_,_blue_,_blue_,,,,,_blue_,_blueDark_r,,,,,_blueDark_r,_blue_,_blue_,_blue_,_blueDark_r,_blue_,_brownDark_r,_blueDark_r,_blue_,_blueDark_r
-1620,_blue_,_blue_,_brown_r,_blue_,_brownDark_r,,_blue_,,_blue_,_blue_,_blue_,,,_pink_,_blue_,,,_brownDark_r,_blueDark_r,,_brownDark_r,,,_brown_r,_brownDark_r,_brownDark_r,,_blueDark_g,_blueDark_r,_blue_,_blue_,_pink_,_blue_,_blue_,_blueDark_g,_blue_,,,,,_blue_,_brownDark_r,,,,,_blueDark_r,_blue_,_brownDark_r,_blue_,_brownDark_r,_blue_,_brownDark_r,_brownDark_r,_blue_,_brownDark_r
-1560,_blue_,_blue_,_blueDark_r,,_pinkDark_,,_blue_,,_blue_,_blue_,_pinkDark_,,,_blueDark_r,_brownDark_r,,,_blueDark_r,_brownDark_r,,_brownDark_r,,,_blue_,_blueDark_r,_pink_,,_pink_,_blue_,_pink_,,_pink_,_blue_,_blueDark_g,_blue_,_pink_,,,,,_blueDark_g,_brownDark_r,,,,,_blueDark_r,_blue_,_brownDark_r,_blue_,_blue_,_blue_,_brownDark_r,_brownDark_r,_blue_,_blue_
-1500,_blue_,_pink_,_blue_,_blue_,_pink_,,_blue_,,_blueDark_r,_blue_,_blue_,,,_brown_g,_blue_,,,_blue_,_brownDark_r,,_blueDark_r,,,_blueDark_r,_pink_,_pink_,,_pink_,_blueDark_g,_blueDark_r,_brownDark_g,_blueDark_g,_blue_,_pink_,_blue_,_pink_,,,,,_blue_,_brownDark_r,,,,,_brownDark_r,_blue_,_brownDark_r,_blue_,_blueDark_r,_blue_,_brownDark_r,_blueDark_r,_blue_,_blueDark_r
-1440,_blue_,_blueDark_r,_blue_,_brown_r,_blue_,,_blue_,,_blue_,_blue_,_blue_,,,_blueDark_g,_blueDark_r,,,_pink_,_blue_,,_brownDark_r,,,_blueDark_r,_blue_,_blueDark_r,,_pink_,_brownDark_r,_blueDark_g,,_blueDark_r,_blue_,_brownDark_r,_pink_,_blueDark_r,,,,,_blue_,_brownDark_r,,,,,_blueDark_r,_blue_,_blueDark_r,_blue_,_blue_,_blueDark_r,_brownDark_r,_blue_,_blueDark_r,_blue_
-1380,_blueDark_r,_pink_,_blueDark_r,_brown_r,_blue_,,_blue_,,_blueDark_r,_blue_,_blue_,,,_blue_,_brown_r,,,_blue_,_blueDark_r,,_brownDark_r,,,_pink_,_blue_,_blueDark_g,,_blueDark_g,_brownDark_r,_blue_,_blue_,,_pink_,_pink_,_blue_,_blue_,,,_blue_,_blue_,_blueDark_g,_pink_,,,,,_brownDark_r,_blue_,_brownDark_r,_blue_,_blue_,_blue_,_brownDark_r,_blue_,_blue_,_blueDark_r
-1320,_blue_,_pink_,_brownDark_r,_brownDark_r,_blue_,,_blue_,,_blue_,_blue_,_blue_,,,_blue_,_blue_,,,_pink_,_blue_,,_blueDark_r,,,_pink_,_blueDark_r,_brownDark_r,,_blueDark_g,_brownDark_r,_blue_,_pink_,_blue_,_blue_,_brownDark_r,_blue_,_blue_,,,_blue_,_blueDark_r,_brownDark_r,_blueDark_r,,,,,_brownDark_r,_blue_,_brownDark_r,_blue_,_blue_,_blue_,_brownDark_r,_blueDark_r,_blueDark_r,_blueDark_r
-1260,_brown_r,_brownDark_r,_brown_r,_blue_,_blueDark_r,,_blue_,,_brown_r,_blue_,_pinkDark_,,,_blue_,_blue_,,,_brownDark_r,_blueDark_r,,_blue_,,,_blue_,_blue_,_pink_,,_brown_g,_brownDark_r,_pink_,_pink_,_blueDark_g,_blue_,_pink_,_blue_,_blueDark_r,,,_blue_,_blue_,_blueDark_r,_pink_,,,,,_brownDark_r,_blue_,_blue_,_blue_,_blue_,_blue_,_blueDark_r,_blueDark_r,_blue_,_blueDark_r
-1200,_pink_,_pink_,_blueDark_r,_blue_,_blue_,,_brown_r,,_blue_,_blue_,_pink_,,,_blue_,_blueDark_r,,,_brownDark_r,_blueDark_r,,_blue_,,,_blue_,_blueDark_r,_pink_,,_pink_,_pink_,_brownDark_r,_pinkDark_,_blue_,_blue_,_pink_,_blue_,_blue_,,,_blue_,_blue_,_blue_,_blueDark_r,,,,,_blueDark_r,_blueDark_r,_blueDark_r,_blue_,_blue_,_blueDark_r,_blueDark_r,_blue_,_brownDark_r,_blueDark_g
-1140,_pink_,_brownDark_r,_brownDark_r,_brown_r,_blueDark_r,,_brownDark_r,,_brown_r,_blue_,_blue_,,,_blueDark_r,_brownDark_r,,,_brownDark_r,_blueDark_r,,_pink_,,,_blue_,_blue_,_blueDark_r,,_blue_,_blue_,_pink_,_pink_,_blueDark_g,_blue_,_pink_,_blue_,_blueDark_r,,,_blueDark_r,_blue_,_blue_,_blueDark_r,,,_brown_r,_blueDark_r,_blue_,_blue_,_pink_,_blue_,_blue_,_blue_,_blueDark_r,_blue_,_blueDark_r,_pink_
-1080,_pink_,_pink_,_blueDark_r,_pink_,_pink_,,_brownDark_r,,_brown_r,_blue_,_blueDark_r,,,_pink_,_pink_,,,_blueDark_r,_blue_,,_pink_,,,_pinkDark_,_brownDark_r,_pink_,,_pink_,_blue_,_brownDark_r,_pink_,_brownDark_g,_blue_,_blue_,_blue_,_brownDark_r,_blueDark_r,_blue_,_blueDark_r,_pink_,_blue_,_blueDark_r,_blueDark_r,_pink_,_brown_r,_blueDark_r,_brownDark_r,_blue_,_blueDark_r,_blue_,_blue_,_blue_,_blueDark_r,_blue_,_blueDark_r,_blueDark_r
-1020,,_pink_,_blueDark_r,_pink_,_blue_,,_brownDark_r,,_brown_r,_blue_,_pink_,,,_pink_,_brownDark_r,,,_brownDark_r,_blue_,,_pink_,,,_blue_,_brown_r,_blueDark_r,_blue_,_pinkDark_,_blue_,_pink_,_pink_,_brownDark_g,_pink_,_blueDark_r,_blue_,_brownDark_r,_blue_,_brownDark_r,_blue_,_blueDark_r,_pink_,_blue_,_pink_,_blue_,_brown_r,_blueDark_r,_brownDark_r,_blue_,_blue_,_blue_,_blue_,_blue_,_brown_r,_blue_,_brownDark_r,_pink_
-960,_pink_,_pinkDark_,_brownDark_r,_brownDark_r,_blueDark_r,,_blue_,,_brownDark_r,_blue_,_blueDark_r,,,_blueDark_g,_pinkDark_,_blueDark_r,_pink_,_pink_,_blueDark_r,,_blue_,,,_blue_,_blueDark_r,_pink_,_blue_,_pinkDark_,_blue_,_pink_,_pinkDark_,_blueDark_g,_blueDark_r,_blue_,_blue_,_brownDark_r,_blue_,_pink_,_blue_,_blueDark_r,_blue_,_blue_,_brownDark_r,_blueDark_r,_brownDark_r,_blueDark_r,_brownDark_r,_blue_,_blue_,_blue_,_blueDark_r,_blue_,_brown_r,_blue_,_brownDark_r,_blue_
-900,_blue_,_pink_,_brownDark_r,_blueDark_r,_blueDark_r,,_pink_,,_brown_r,_blue_,_blueDark_g,,,_blue_,_brownDark_r,_brown_r,_pink_,_blueDark_r,_brownDark_r,,_pink_,,,_blueDark_r,_blue_,_blue_,_blue_,_pink_,_blue_,_pink_,_pink_,_brownDark_g,_pinkDark_,_blue_,_brownDark_r,_blueDark_r,_blueDark_r,_brownDark_r,_blueDark_g,,_blueDark_r,_blue_,_pink_,_blueDark_r,_blue_,_blue_,_brownDark_r,_blue_,_blueDark_g,_blue_,_pink_,_blueDark_r,_blueDark_r,_blue_,_blue_,_brownDark_r
-840,_brown_g,_brownDark_r,_brownDark_r,_blueDark_r,_blueDark_g,,_pink_,,_brown_r,_blue_,_blue_,,,_blueDark_r,_brownDark_r,_blueDark_r,_brownDark_r,_blueDark_g,_brown_r,,_pink_,,,_blue_,_pink_,_blueDark_g,_blue_,_blue_,_blue_,_pink_,_blueDark_g,_brown_g,_blue_,_brownDark_r,_pinkDark_,_blueDark_r,_blueDark_r,_brownDark_r,_blueDark_r,_brownDark_r,_blue_,_blue_,_pink_,_brownDark_r,_pink_,_blue_,_blue_,_blue_,_blueDark_r,_blueDark_r,_blue_,_blueDark_g,_blueDark_r,_blue_,_blue_,_pink_
-780,_pink_,_brownDark_r,_blue_,_brownDark_r,_blueDark_r,,_pinkDark_,,_brown_r,_blue_,_blue_,,,_blueDark_r,_pink_,_blue_,_pink_,_brownDark_r,_brownDark_r,,_pinkDark_,,,_blue_,_blueDark_r,_brown_r,_blueDark_r,_blue_,_blue_,_pink_,,_blueDark_g,_blue_,_blueDark_r,_blue_,_pink_,_blue_,_brownDark_r,_blueDark_r,_blueDark_r,_blue_,_blue_,_blueDark_g,_blue_,_blue_,_pink_,_pink_,_blue_,_brownDark_r,_blue_,_blueDark_r,_pink_,_blue_,_blue_,_blue_,_blueDark_r
-720,_pink_,_pink_,_blue_,_pink_,_brownDark_r,,_pink_,,_brownDark_r,_blue_,_blue_,,,_brown_r,_pink_,_blueDark_r,_pink_,_pinkDark_,_blue_,,_pink_,,,_pink_,,_pink_,_blue_,_pink_,_brown_r,_pink_,_brown_r,_blueDark_g,_blue_,_blue_,_pink_,_blueDark_g,_blueDark_r,_brownDark_r,_brownDark_r,_brownDark_g,_blue_,_blueDark_r,_pink_,_blueDark_r,_blueDark_r,_blueDark_r,_blue_,_blue_,_pink_,_blueDark_r,_blue_,_brownDark_r,_blueDark_r,_blue_,_blueDark_r,_pink_
-660,_pink_,_pink_,_brownDark_r,_blue_,_pink_,,_pink_,,_pink_,_blue_,_brownDark_r,,,_pink_,_blue_,_blueDark_r,_brownDark_g,_brownDark_r,_pink_,,_pink_,,,_brownDark_r,,_blueDark_r,_blue_,_pink_,_pink_,_pink_,,_blue_,_blue_,_blue_,,_pink_,_blueDark_r,_brownDark_r,_brownDark_r,_blueDark_g,_blueDark_r,_brownDark_r,_brownDark_r,_pink_,_blueDark_r,_pink_,_pink_,_blue_,_pink_,_blueDark_r,_blue_,_blueDark_r,_blue_,_brown_r,_blue_,_pink_
-600,_pinkDark_,_pink_,_brown_r,_blue_,_brownDark_r,,_pinkDark_,,_pink_,_blue_,_blue_,,,_pink_,_blue_,_blue_,_blueDark_r,_pink_,_pink_,,_pink_,,,_pink_,_blue_,_blue_,_pink_,_blue_,_brown_g,_blueDark_r,,_blue_,_blueDark_r,_brownDark_g,_brownDark_r,_pink_,_blue_,_brownDark_r,_brownDark_r,_blue_,_blue_,_brownDark_r,_blueDark_g,_pink_,_pink_,_pink_,_blue_,_pink_,_pink_,_blue_,_blue_,_brownDark_r,_blue_,_brown_r,_blue_,_brownDark_r
-540,_pinkDark_,_pink_,_brown_r,_pinkDark_,_brownDark_r,,_pink_,,_pinkDark_,_blue_,_blue_,,,_pink_,_brownDark_r,_brown_r,_pink_,_pink_,_pinkDark_,,_blueDark_g,_pink_,_pinkDark_,_blue_,_brown_r,_blue_,_pink_,_blue_,_pink_,_blue_,_pink_,_pink_,_blue_,_blue_,_pink_,_pinkDark_,_brownDark_r,_blue_,_brownDark_r,_pink_,_blue_,_brownDark_r,_brownDark_g,_pink_,_blueDark_r,_pink_,_pink_,_brownDark_r,_pink_,_pink_,_blue_,_brownDark_r,_pink_,_brown_r,_blueDark_r,_brownDark_r
-480,_blueDark_g,_pink_,_brownDark_r,_brownDark_r,_pinkDark_,,_pink_,,_pink_,_blue_,_blue_,,,_pinkDark_,_blueDark_r,_blueDark_r,_brownDark_r,_pinkDark_,_blueDark_r,,_pinkDark_,_pink_,_pink_,,_blue_,_blueDark_g,_blueDark_g,_pink_,_pink_,_blue_,_pink_,_blueDark_g,_blueDark_r,_blueDark_r,_blue_,_pinkDark_,_blue_,_blueDark_r,_pink_,_brownDark_r,_brownDark_r,_brownDark_r,_pink_,_blueDark_g,_pink_,_pink_,_pink_,_pink_,_pink_,_blueDark_g,_blueDark_r,_pink_,_pink_,_blue_,_blue_,_pink_
-420,_pink_,_brownDark_g,_brownDark_r,_pink_,_pink_,,_pink_,,_pink_,_blue_,_pink_,,,_pink_,_brown_r,_blueDark_r,_pink_,_pink_,_blue_,,_blueDark_g,_pink_,_brownDark_r,_pink_,_pink_,_blueDark_r,_blueDark_r,_brownDark_r,_pink_,_pink_,_pink_,_brown_g,_brownDark_r,_blue_,_brown_r,_blueDark_r,_pink_,_blue_,_pink_,_pink_,_blue_,_brownDark_r,_pink_,_pink_,_brown_r,_pink_,_blue_,_pink_,_pink_,_pink_,_blue_,_pinkDark_,_pinkDark_,_blue_,_blueDark_r,_pink_
-360,_pink_,_blue_,_pink_,_brownDark_r,_blueDark_g,,_pinkDark_,,_brownDark_r,_blue_,_pink_,,,_pink_,_blue_,_brownDark_r,_brownDark_r,_pink_,_brown_r,,_pink_,_pink_,_pink_,_pink_,_brownDark_r,_blue_,_pink_,_pink_,_pink_,_brownDark_g,,_brownDark_g,_brownDark_r,_brownDark_r,_pink_,_pinkDark_,_blueDark_g,_pink_,_pink_,_blueDark_g,_blue_,_pink_,_pink_,_pink_,_blue_,_pinkDark_,_pink_,_blueDark_g,_pink_,_blueDark_r,_blue_,_pink_,_pinkDark_,_blue_,_brownDark_r,_pink_
-300,_pinkDark_,_pink_,_pink_,_brownDark_r,_blueDark_r,,_pinkDark_,,_pinkDark_,_blue_,_pink_,,,_pink_,_blue_,_brownDark_r,_pink_,_pink_,_blueDark_r,,_pink_,_pink_,_pink_,,_brown_r,_blue_,_pink_,_blueDark_r,_pink_,_blue_,_blue_,_pinkDark_,_pink_,_blueDark_g,_pink_,_brownDark_r,_pink_,_pink_,_blueDark_g,_pink_,_brownDark_r,_brownDark_r,_pink_,_pinkDark_,_pink_,_pink_,_pink_,_pink_,_blueDark_g,_brownDark_r,_blue_,_pink_,_pinkDark_,_blue_,_pink_,
-240,_pink_,_pink_,_pink_,_pink_,_blueDark_r,_pink_,_pink_,_blueDark_r,_pink_,_blue_,_pinkDark_,,,_pink_,_blue_,_brownDark_r,_blue_,_pink_,_pink_,_pink_,_pink_,_pinkDark_,_pink_,,_brown_r,_pinkDark_,_pink_,_pink_,_brownDark_r,_pink_,_pink_,_blue_,_blue_,_blueDark_g,_blue_,_pink_,_pink_,_pink_,_blueDark_r,_brownDark_r,_brownDark_r,_brownDark_r,_pink_,_pink_,_blueDark_r,_pink_,_pink_,_pink_,_pink_,_blueDark_r,_pink_,_blueDark_g,_pink_,_pink_,_pink_,_blue_
-180,_blueDark_g,_pinkDark_,_pink_,_pink_,_pinkDark_,_pink_,_pink_,_brown_r,_pink_,_blue_,_pink_,_pink_,_pink_,_brownDark_r,_blue_,_pink_,_blueDark_g,_pinkDark_,_pink_,_pink_,_pink_,_pink_,_pinkDark_,,_brown_r,_pinkDark_,_pinkDark_,_blueDark_r,_pink_,_blueDark_r,,_pink_,_blue_,_brownDark_r,_blue_,_pink_,_pink_,_pinkDark_,_pink_,_pink_,_pink_,_pink_,_pinkDark_,_pink_,_pink_,_pink_,_blueDark_g,_pink_,_pinkDark_,_brownDark_r,_pink_,_blue_,_pink_,_pink_,_blueDark_r,_pink_
-120,_blue_,_brown_g,_pink_,_pink_,_brownDark_r,_pink_,_pink_,_pink_,_brownDark_r,_blue_,_pink_,_pink_,_pink_,_brownDark_r,_blue_,_pink_,_blue_,,_brownDark_r,_pinkDark_,_pink_,_pink_,_brownDark_r,_pink_,_blue_,_blueDark_r,_pink_,_blueDark_r,_blueDark_g,_blueDark_r,,_pinkDark_,_brownDark_r,_brownDark_r,_brownDark_r,_pink_,_pinkDark_,_pink_,_pink_,_pink_,_pink_,_pink_,_pink_,_blueDark_r,_blueDark_r,_pink_,_pink_,_pink_,_pinkDark_,_blueDark_g,_pink_,_pink_,_pink_,_pink_,_pink_,_pink_
-60,_blue_,_blueDark_g,_brownDark_r,_blueDark_g,_pinkDark_,_pink_,_pink_,_brown_r,_pink_,_blue_,_pinkDark_,_pink_,_brownDark_r,_blueDark_r,_pink_,_pink_,_blue_,_pinkDark_,_pink_,_pinkDark_,_pink_,_pinkDark_,_pinkDark_,_pink_,_blue_,_pink_,_pink_,_blue_,_pink_,_blue_,_blueDark_r,,_blueDark_r,_pinkDark_,_blueDark_r,_pink_,_pink_,_pink_,_blueDark_g,_pink_,_blue_,_blueDark_r,_blue_,_pink_,_pink_,_pink_,_pinkDark_,_blue_,_blue_,_pink_,_pink_,_pink_,_blueDark_g,_pink_,_pink_,_blueDark_r
0,_blue_,_blueDark_g,_pink_,_pink_,_pink_,_pink_,_pink_,_brownDark_r,_blueDark_r,_blue_,_pink_,_pinkDark_,_pink_,_brownDark_r,_pink_,_pink_,_pink_,_pink_,_pink_,_pink_,_pinkDark_,_pinkDark_,_brownDark_r,_pinkDark_,_blue_,_brownDark_r,,_pink_,_brownDark_g,_pink_,_blue_,,_brownDark_r,_pink_,_pink_,_pink_,_blueDark_g,_blueDark_r,_pink_,_pink_,_pink_,_blueDark_r,_pink_,_pink_,_brownDark_g,_pinkDark_,_blueDark_g,_pink_,_blue_,_brownDark_r,_pink_,_pink_,_blueDark_r,_pink_,_pink_,_pinkDark_
60,_blueDark_g,_pinkDark_,_brownDark_r,_brownDark_g,_pink_,_pinkDark_,_pink_,_pink_,_brownDark_r,_blue_,_pinkDark_,_pinkDark_,_pink_,_pinkDark_,,_pink_,_pink_,_blue_,_pink_,_pink_,_blue_,_pinkDark_,_pink_,_pink_,_blue_,_pink_,_pink_,_brownDark_r,_pink_,_blue_,_blue_,,_brownDark_r,_pink_,_brownDark_r,_pink_,_blue_,_blueDark_r,_pink_,_pink_,_blue_,_blue_,_blue_,_pinkDark_,_pink_,_pink_,_pink_,_pink_,_blueDark_r,_blueDark_g,_pink_,_pink_,_pink_,_pink_,_blue_,_blueDark_g
120,_blue_,_pink_,_pinkDark_,_blueDark_r,_pinkDark_,_pink_,_brownDark_r,_pink_,_pink_,_blue_,_pinkDark_,_blueDark_g,_pink_,_blueDark_r,,_blue_,_brown_r,,_pink_,_pink_,_pinkDark_,_pink_,_pink_,_pink_,_pink_,_blue_,_pink_,_pink_,_pinkDark_,_pink_,_blue_,_pinkDark_,_pink_,_blueDark_g,_pink_,_pink_,_blue_,_pink_,_pinkDark_,_blueDark_r,_pinkDark_,_pink_,_blueDark_r,_blue_,_pink_,_pink_,_pink_,_pink_,_brownDark_r,_pink_,_pink_,_pink_,_blueDark_r,_blueDark_r,_blueDark_r,_blue_
180,_blueDark_g,_blueDark_r,_blue_,_pink_,_blueDark_r,_pinkDark_,_pink_,_pink_,,_blue_,_blueDark_g,_pink_,_pinkDark_,_brownDark_r,,_pink_,_pink_,,_blueDark_g,_pink_,_blueDark_g,_pink_,_brownDark_r,_pinkDark_,_pink_,_blue_,_brownDark_r,_pinkDark_,_pink_,_pink_,_blue_,,_brownDark_r,_pink_,,_pinkDark_,_blue_,_pinkDark_,_pinkDark_,_pinkDark_,_blueDark_g,_pinkDark_,_blueDark_r,_blue_,_pink_,_pink_,_blueDark_g,_pinkDark_,_pink_,_blueDark_r,_pinkDark_,_pink_,_blueDark_r,_pink_,_brownDark_r,_blueDark_g
240,_blueDark_g,_pinkDark_,_blueDark_r,_brown_g,_brownDark_r,_pinkDark_,_pink_,_pink_,_pink_,,,_pink_,_pink_,_blue_,,_blueDark_r,_pinkDark_,,_blueDark_r,_pink_,_blueDark_g,_blue_,_brown_g,,_blueDark_g,_pink_,_pinkDark_,_brownDark_r,_pinkDark_,_pinkDark_,,,_blue_,_pink_,,_blueDark_g,_pinkDark_,_blue_,_pinkDark_,_pinkDark_,_pinkDark_,_pinkDark_,_blue_,_blue_,_pink_,_pinkDark_,_pinkDark_,_pinkDark_,_blueDark_r,_pink_,_pink_,_pink_,_pinkDark_,_blueDark_r,_blueDark_g,_blueDark_r
300,_pink_,_pink_,_blueDark_r,_pink_,_blue_,_brownDark_r,_blueDark_r,_pink_,_pink_,,,_pinkDark_,_pink_,_blueDark_g,,_blue_,_pink_,,_blueDark_r,_pinkDark_,_pinkDark_,_blueDark_r,_pink_,,,_pink_,,_blueDark_g,_pink_,,_blue_,,_pinkDark_,_pinkDark_,,_blue_,_blueDark_r,_pinkDark_,_pink_,_pink_,_blueDark_r,_pink_,_blue_,_pink_,_blueDark_g,_pink_,_pinkDark_,_blue_,_pink_,_pinkDark_,_pinkDark_,_pinkDark_,_blue_,_pink_,_pinkDark_,_pink_
360,_blue_,_brownDark_r,_pinkDark_,_blueDark_g,_blueDark_r,_blueDark_r,_pink_,_pinkDark_,_pinkDark_,,,_blueDark_g,_pinkDark_,_pinkDark_,,_pinkDark_,_blueDark_r,,_pink_,_pink_,_blue_,_pinkDark_,_blueDark_r,,,_pink_,,,_pinkDark_,_brownDark_g,_blueDark_r,_blue_,_pinkDark_,_pink_,,_blueDark_r,_pink_,_brownDark_r,_pinkDark_,_pinkDark_,_pink_,_pink_,_pink_,_blueDark_r,_pink_,_pinkDark_,_pink_,_pink_,_blueDark_g,_pink_,_brownDark_r,_pinkDark_,_blue_,_pink_,_pink_,_brownDark_g
420,_pink_,_brownDark_r,_pink_,_pinkDark_,_blueDark_r,_blue_,_blueDark_r,_pinkDark_,_pink_,,,_blueDark_g,_pink_,_blueDark_r,,_blueDark_g,_brownDark_r,,_blueDark_r,_pink_,_blueDark_r,_pink_,_pink_,,,_pinkDark_,,,_blueDark_g,_pink_,_blueDark_r,_pink_,_pinkDark_,_pink_,,_pink_,,_pinkDark_,_pink_,_pink_,_blueDark_g,_pink_,_pinkDark_,_pink_,_pink_,_pink_,_pink_,_pink_,_pink_,_pink_,_blueDark_r,_pinkDark_,_blue_,_pink_,_pink_,_pink_
480,_pinkDark_,_pink_,_blueDark_r,_blueDark_r,,_blueDark_r,_brownDark_r,_pinkDark_,_pink_,,,_pink_,_blue_,_pink_,,_blue_,_pinkDark_,,_pink_,_pink_,_blueDark_g,_brown_g,_pink_,,,_pinkDark_,,,_pink_,_pinkDark_,_brownDark_r,_pinkDark_,_pinkDark_,_pinkDark_,,_pink_,,_blue_,_blueDark_g,_pink_,_pink_,_blue_,_pink_,_blue_,_pinkDark_,_pink_,_pinkDark_,_pink_,_pink_,_brownDark_r,_pink_,_pink_,_blue_,,_pinkDark_,_pink_
540,_blueDark_r,_pinkDark_,_pinkDark_,_blueDark_r,_pinkDark_,_blueDark_r,_blue_,_pinkDark_,_pinkDark_,,,_pink_,_blueDark_r,_pinkDark_,,_pinkDark_,_pink_,,_pinkDark_,_pink_,_blue_,_pinkDark_,_blueDark_r,,,_blueDark_g,,,,_pink_,_blue_,,,_pink_,,,,_pink_,_pink_,_pink_,_pinkDark_,_pink_,_pink_,_brownDark_r,_pinkDark_,_pinkDark_,_pink_,_pinkDark_,_pink_,_brownDark_r,_pink_,_pinkDark_,_blue_,_pink_,_pink_,_pinkDark_
600,_pink_,_pinkDark_,_pinkDark_,_blueDark_r,_pinkDark_,_blueDark_r,_blue_,_pinkDark_,_pink_,,,_blueDark_r,_blueDark_r,_pink_,,_pinkDark_,_pinkDark_,,_pinkDark_,_pinkDark_,_blue_,_pink_,_pink_,,,_pinkDark_,,,_blueDark_r,_pinkDark_,_blue_,,,_pink_,,_blueDark_r,,_blueDark_r,_pink_,_pink_,_pink_,_pink_,_pink_,_pink_,_pinkDark_,_pinkDark_,_pinkDark_,_pinkDark_,_pink_,_pink_,_pink_,_pink_,_pink_,_pink_,_pinkDark_,_blueDark_g
660,_pink_,_pink_,_pinkDark_,_blue_,_pinkDark_,_blue_,_pink_,_pinkDark_,_pinkDark_,,,_pink_,_pinkDark_,_pinkDark_,,_pinkDark_,_blueDark_r,,_pinkDark_,_pinkDark_,_blue_,_pink_,_pink_,,,_pinkDark_,,,_pink_,_pinkDark_,,,,_pinkDark_,,_pink_,,_pink_,_pinkDark_,_pinkDark_,_blueDark_g,_pink_,_pinkDark_,_pinkDark_,_pink_,_pinkDark_,,_pink_,,_pink_,_pinkDark_,_pinkDark_,_pink_,_blueDark_r,_pinkDark_,_pinkDark_
720,_pink_,_pinkDark_,_pinkDark_,_pinkDark_,_pinkDark_,_blue_,_pinkDark_,_pinkDark_,_pinkDark_,,,_blueDark_r,_pinkDark_,_pink_,,_pink_,_pink_,,_pink_,_pink_,_blueDark_g,_pink_,_blue_,,,_pinkDark_,,,,_pinkDark_,_pink_,,,_blueDark_g,,_pinkDark_,,_blueDark_g,_pinkDark_,_pink_,_pink_,_brownDark_r,_pinkDark_,_pinkDark_,_pinkDark_,_pinkDark_,,_pink_,,_pinkDark_,_pink_,_pink_,_pink_,_pink_,_pink_,_pink_
780,_pink_,_pinkDark_,_pinkDark_,_brownDark_r,_pink_,_blueDark_r,_pinkDark_,_pinkDark_,_pinkDark_,,,_blueDark_r,_pink_,_pink_,,_pink_,_brownDark_r,,_pinkDark_,_pink_,_blue_,_pink_,_pinkDark_,,,_pinkDark_,,,_pinkDark_,_pinkDark_,_blueDark_r,,,_pink_,,_pink_,,_blueDark_g,_pinkDark_,_brownDark_r,_pink_,_pink_,_pinkDark_,_pinkDark_,_pink_,_pinkDark_,,_pinkDark_,,,_pinkDark_,_pinkDark_,_brownDark_r,_brownDark_r,_pink_,
840,_pink_,_pinkDark_,_pinkDark_,_pinkDark_,_blueDark_g,_brown_r,_pinkDark_,_pinkDark_,_blue_,,,_pinkDark_,_pink_,_blue_,,_blueDark_r,_blue_,,_brown_g,_pinkDark_,,_pinkDark_,,,,_pinkDark_,,,_pinkDark_,_pinkDark_,,,,,,_brownDark_r,,_pink_,_pink_,_pinkDark_,_blue_,_blueDark_g,_pinkDark_,_pinkDark_,_blueDark_r,_pink_,,_pink_,,_pink_,_brownDark_r,_pinkDark_,_pink_,_pink_,_pink_,
900,_pink_,_pinkDark_,_blueDark_r,_blueDark_g,_blueDark_g,,_pinkDark_,_pink_,_blue_,,,_pink_,_pink_,_blue_,,_pinkDark_,_blueDark_r,,_pink_,_pink_,_blue_,_pinkDark_,_pink_,,,_pinkDark_,,,,_pinkDark_,,,,_brownDark_g,,_pink_,,_pink_,_pink_,_blueDark_r,_blueDark_g,_pink_,_pinkDark_,_pink_,_pink_,_pink_,,_pinkDark_,,_pinkDark_,_pink_,_pink_,_pink_,_pinkDark_,_pinkDark_,
960,_pink_,_pink_,_pinkDark_,_pink_,_pink_,_pink_,_pinkDark_,_pinkDark_,_blueDark_r,,,_pink_,_pink_,_blue_,,_blueDark_r,_blueDark_g,,_blueDark_r,_pink_,,_pink_,_pink_,,,_pink_,,,,_pinkDark_,,,,_pink_,,_pinkDark_,,_pink_,_pink_,_pink_,_pink_,_pink_,_pinkDark_,_pink_,_pinkDark_,_blue_,,_pinkDark_,,_pinkDark_,_pinkDark_,_blue_,,_pinkDark_,_blue_,
1020,_pink_,_pinkDark_,_pink_,_pink_,_pinkDark_,_pink_,_pink_,_pinkDark_,_brown_r,,,_pinkDark_,_blueDark_r,_blueDark_g,,_pinkDark_,_pinkDark_,,_pinkDark_,_pinkDark_,_blue_,_pinkDark_,_blueDark_g,,,_pinkDark_,,,,_pinkDark_,,,,_pink_,,_blueDark_g,,_pink_,_pink_,_pinkDark_,_pink_,_pink_,_pinkDark_,_pink_,_pink_,_pinkDark_,,,,_blueDark_g,_pink_,_pinkDark_,_pink_,_pinkDark_,_blue_,
1080,_pinkDark_,_pinkDark_,_pink_,_pinkDark_,_pinkDark_,_pinkDark_,_pinkDark_,_pinkDark_,_blue_,,,_pinkDark_,_pinkDark_,_pinkDark_,,_pink_,_pink_,,,_pinkDark_,_blueDark_r,_pink_,_pinkDark_,,,_pink_,,,,_blue_,,,,_pinkDark_,,_pinkDark_,,_pink_,_pink_,_pinkDark_,_pink_,_pinkDark_,_pinkDark_,_pinkDark_,_pinkDark_,_blueDark_g,,,,_pink_,_pink_,_brownDark_r,_pink_,_pinkDark_,_pink_,
1140,_pinkDark_,_pinkDark_,_pink_,_pinkDark_,_brownDark_r,_pink_,_pink_,_pinkDark_,_blueDark_r,,,_pinkDark_,_pinkDark_,_blueDark_r,,_pinkDark_,_pink_,,,_pinkDark_,_pinkDark_,_blueDark_g,_pink_,,,_pinkDark_,,,,_pink_,,,,_pinkDark_,,_pink_,,_blueDark_r,_pink_,_pinkDark_,_pink_,_blueDark_g,_brownDark_r,_blueDark_r,_pinkDark_,_pinkDark_,,,,_pinkDark_,_pinkDark_,_pink_,_pinkDark_,_pinkDark_,_pink_,
1200,_pink_,_pinkDark_,_pink_,_pinkDark_,_pinkDark_,_pink_,_pink_,_pinkDark_,_blueDark_r,,,_brown_g,_pinkDark_,_blueDark_g,,_pinkDark_,_blue_,,,_pink_,_pinkDark_,_pinkDark_,_pinkDark_,,,_pink_,,,,_pinkDark_,,,,_pink_,,_pinkDark_,,_blueDark_r,_pink_,_pink_,_blue_,_pink_,_pinkDark_,_pinkDark_,_pinkDark_,_pinkDark_,,,,,_pinkDark_,_pinkDark_,_pinkDark_,_pink_,_pink_,
1260,_brown_g,_pink_,_blueDark_r,_pink_,_pinkDark_,_blue_,_pinkDark_,_pink_,_pinkDark_,,,_blueDark_g,_pink_,_blueDark_r,,_blueDark_g,_pink_,,,_pink_,_blueDark_g,_pink_,_blueDark_r,,,_pinkDark_,,,,,,,,_pink_,,_pink_,,_blue_,_pinkDark_,,_blueDark_r,_blueDark_r,_brownDark_g,_blue_,_pink_,_pinkDark_,,,,_pink_,_pinkDark_,_pinkDark_,_pinkDark_,_pink_,_pink_,
1320,_pink_,_pinkDark_,_blueDark_g,_pinkDark_,_blue_,_pink_,_brown_g,_pinkDark_,,,,_blueDark_r,_pinkDark_,_pink_,,_blueDark_r,_blueDark_g,,_pink_,_pink_,_blueDark_r,,_pinkDark_,,,_pinkDark_,,,,_pinkDark_,,,,_pink_,,_pinkDark_,,_pink_,_pink_,_pinkDark_,_pink_,_pinkDark_,_pinkDark_,_blueDark_r,_pinkDark_,_pinkDark_,,,,_pinkDark_,,_pinkDark_,_pinkDark_,_pink_,_pink_,
1380,_pinkDark_,_pinkDark_,_pinkDark_,_pinkDark_,_blueDark_g,_pink_,_pinkDark_,_pink_,_pinkDark_,,,_pinkDark_,_pink_,_brownDark_r,,_blueDark_r,_pink_,,,_pink_,_blueDark_r,_pinkDark_,_pinkDark_,,,_pinkDark_,,,,_pinkDark_,,,,_pink_,,_pinkDark_,,_pink_,_pinkDark_,,_pinkDark_,_pinkDark_,_pink_,_pinkDark_,_pink_,_pink_,,,,,_pink_,_pinkDark_,_pinkDark_,_pinkDark_,_blue_,
1440,,_pinkDark_,_brownDark_r,_pinkDark_,_pinkDark_,_pinkDark_,_pink_,_pinkDark_,_pinkDark_,,,,_pink_,_pink_,,_pinkDark_,_pinkDark_,,,_pink_,_blueDark_g,,_pink_,,,,,,,_pinkDark_,,,,_pinkDark_,,_pinkDark_,,_blue_,_pinkDark_,_blueDark_g,_pinkDark_,_pinkDark_,_pinkDark_,_pinkDark_,_pink_,_pinkDark_,,,,,_pinkDark_,_pinkDark_,_pinkDark_,_pinkDark_,_pinkDark_,
1500,,_pink_,_pinkDark_,_pinkDark_,_brownDark_r,_pink_,_pinkDark_,_pinkDark_,_pinkDark_,,,_brownDark_g,,_pinkDark_,,_pink_,_pinkDark_,,,_pinkDark_,_blue_,_pinkDark_,_blue_,,,,,,,,,,,_brownDark_g,,_pink_,,_blueDark_g,_pink_,_pink_,_brownDark_g,_pinkDark_,_pinkDark_,_pinkDark_,_pink_,_pinkDark_,,,,,_pinkDark_,_pinkDark_,_pinkDark_,_pinkDark_,,
1560,_pinkDark_,_pinkDark_,_pinkDark_,_pinkDark_,_blue_,_pink_,_pinkDark_,_pinkDark_,_pinkDark_,,,_pinkDark_,_blueDark_g,_blue_,,_pinkDark_,_pinkDark_,,,_pinkDark_,_brownDark_r,_brownDark_r,_pinkDark_,,,,,,,_pinkDark_,,,,_pink_,,_pink_,,,_pinkDark_,,_pink_,_pinkDark_,,_pinkDark_,_pinkDark_,_pink_,,,,,_pinkDark_,_pinkDark_,_pinkDark_,_pinkDark_,_pink_,
1620,_pinkDark_,_pinkDark_,_pinkDark_,_brownDark_g,_blue_,_pink_,_pinkDark_,_pinkDark_,_brownDark_r,,,_pink_,_brownDark_r,_blueDark_g,,_pink_,_pinkDark_,,,_pinkDark_,_blueDark_g,,_pinkDark_,,,,,,,_pink_,,,,_pink_,,_pinkDark_,,_pinkDark_,_pink_,,_pinkDark_,_pinkDark_,_pinkDark_,_pinkDark_,_pinkDark_,_pinkDark_,,,,,_pinkDark_,_pinkDark_,_pinkDark_,_pinkDark_,_pink_,
1680,_pinkDark_,_pinkDark_,_pink_,_pinkDark_,_brownDark_r,_pinkDark_,,_pinkDark_,,,,_pinkDark_,_pink_,_pink_,,_pink_,_pinkDark_,,,_brownDark_g,_blue_,,_pinkDark_,,,,,,,_pinkDark_,,,,_pink_,,_pinkDark_,,_pink_,_pinkDark_,,,_pinkDark_,_pinkDark_,_pink_,_pinkDark_,_pinkDark_,,,,,_pinkDark_,_pink_,_pinkDark_,_pink_,_pink_,
1740,,_pinkDark_,_brownDark_r,_pinkDark_,_pinkDark_,_pinkDark_,_pinkDark_,_pinkDark_,,,,,_pink_,_blue_,,_pinkDark_,_pink_,,,_pink_,_pinkDark_,,,,,,,,,_pinkDark_,,,,_pinkDark_,,_pink_,,_pinkDark_,_pinkDark_,,,_pinkDark_,_pinkDark_,_pinkDark_,_pink_,_pinkDark_,,,,,,_pinkDark_,_pinkDark_,_pinkDark_,,
1800,,_pinkDark_,_pinkDark_,_pinkDark_,_pinkDark_,_pinkDark_,_pinkDark_,_pinkDark_,_pinkDark_,,,,_blueDark_g,_pink_,,_pink_,_pink_,,,_pinkDark_,_brownDark_r,,,,,,,,,_pinkDark_,,,,_pink_,,_pinkDark_,,_pink_,_pinkDark_,,,_pinkDark_,anaphase,anaphase,_pinkDark_,_pinkDark_,,,,,_pink_,_pink_,_pinkDark_,_pinkDark_,_pinkDark_,
1860,,_pinkDark_,_blue_,_pinkDark_,_pinkDark_,_pinkDark_,_pinkDark_,_pinkDark_,_pinkDark_,,,_pinkDark_,_pink_,_blue_,,_pink_,_pink_,,,_pink_,_blueDark_r,,,,,,,,,_pinkDark_,,,,_pinkDark_,,_pinkDark_,,_pink_,_pink_,,,_pinkDark_,,,_pink_,_pink_,,,,,_pinkDark_,_pinkDark_,_pink_,_pink_,_pink_,
1920,,_pinkDark_,,_pink_,_pinkDark_,_pinkDark_,_pinkDark_,_pink_,_pink_,,,_pinkDark_,_pinkDark_,_pinkDark_,,_pink_,_pink_,,,_blueDark_r,_pinkDark_,,,,,,,,,,,,,_pink_,,_pinkDark_,,_pinkDark_,_pinkDark_,,,_pink_,,,_pinkDark_,_pink_,,,,,_pinkDark_,_pinkDark_,_pinkDark_,_pinkDark_,_pinkDark_,
1980,,_pinkDark_,,_pink_,_pink_,_pinkDark_,_pinkDark_,_pinkDark_,,,,_pinkDark_,_pink_,_pink_,,_blueDark_g,_pinkDark_,,,_pink_,_pinkDark_,,,,,,,,,,,,,,,anaphase,,_pinkDark_,_pink_,,,_pink_,,,_pink_,_pinkDark_,,,,,_pinkDark_,_brownDark_r,_pinkDark_,_pinkDark_,,
2040,,_pinkDark_,,_pink_,_pinkDark_,_blueDark_r,_pinkDark_,_pinkDark_,_pinkDark_,,,_pinkDark_,_pink_,_pink_,,_pinkDark_,_pinkDark_,,,_pinkDark_,_pinkDark_,,,,,,,,,,,,,_pinkDark_,,,,_pinkDark_,_pinkDark_,,,_pinkDark_,,,_pinkDark_,_pinkDark_,,,,,,_pink_,_pinkDark_,_pinkDark_,,
2100,,_pinkDark_,,_pinkDark_,_pink_,_pink_,_pink_,_blueDark_g,,,,_pinkDark_,_brownDark_r,_brownDark_g,,_pinkDark_,_pinkDark_,,,_pinkDark_,_pinkDark_,,,,,,,,,,,,,_pinkDark_,,,,_pink_,_pinkDark_,,,_pinkDark_,,,_pinkDark_,_pinkDark_,,,,,,_pinkDark_,_pinkDark_,_pinkDark_,,
2160,,_pink_,,_blue_,_pinkDark_,_pinkDark_,_pinkDark_,_pink_,_pinkDark_,,,_brownDark_g,_pinkDark_,_pink_,,_pinkDark_,_pinkDark_,,,_pinkDark_,,,,,,,,,,,,,,_pinkDark_,,,,_pink_,_pinkDark_,,,_pinkDark_,,,_pink_,_pink_,,,,,,_pinkDark_,_pinkDark_,_pinkDark_,,
2220,,_pink_,,_pinkDark_,_pinkDark_,_pinkDark_,_pinkDark_,_brownDark_r,_pink_,,,_pinkDark_,_pink_,_pink_,,_pinkDark_,_pinkDark_,,,_pinkDark_,,,,,,,,,,,,,,_pinkDark_,,,,,_pinkDark_,,,_pinkDark_,,,_blueDark_r,_pinkDark_,,,,,,,_pinkDark_,,,
2280,,_pink_,,_pinkDark_,_pinkDark_,_pinkDark_,,_brown_g,_pink_,,,_pinkDark_,_pinkDark_,_pink_,,_pinkDark_,,,,_pinkDark_,,,,,,,,,,,,,,_pinkDark_,,,,,_brownDark_r,,,_pinkDark_,,,_pinkDark_,_pinkDark_,,,,,,anaphase,anaphase,_pink_,,
2340,,_blueDark_g,,_pinkDark_,_pinkDark_,_pink_,_pinkDark_,_pink_,_pink_,,,_pinkDark_,_pinkDark_,_pink_,,_pinkDark_,_pinkDark_,,,_pinkDark_,,,,,,,,,,,,,,,,,,,_pinkDark_,,,_pinkDark_,,,_pink_,_pinkDark_,,,,,,,,,,
2400,,_pinkDark_,,_pinkDark_,_pink_,_pinkDark_,_pinkDark_,_pink_,,,,_pink_,_pink_,_pinkDark_,,_pinkDark_,,,,_pink_,,,,,,,,,,,,,,,,,,,_pinkDark_,,,_pinkDark_,,,_pinkDark_,_pinkDark_,,,,,,,,,,
2460,,_pinkDark_,,_pinkDark_,_pink_,_pink_,_pinkDark_,_brown_g,,,,_pinkDark_,_pink_,_brown_r,,_brownDark_r,,,,_pink_,,,,,,,,,,,,,,,,,,,_pinkDark_,,,_pinkDark_,,,_pinkDark_,_pink_,,,,,,,,,,
2520,,_pinkDark_,,_pink_,_pinkDark_,_pink_,_pink_,_pinkDark_,_pinkDark_,,,_pinkDark_,_pinkDark_,_blue_,,_pinkDark_,,,,_pink_,,,,,,,,,,,,,,,,,,,_pink_,,,_pink_,,,_pinkDark_,_pink_,,,,,,,,,,
2580,,_pinkDark_,,_pinkDark_,,,_pinkDark_,_pink_,_pinkDark_,,,_pink_,_pinkDark_,_blue_,,_pinkDark_,,,,_pink_,,,,,,,,,,,,,,,,,,,_pinkDark_,,,_pinkDark_,,,_pinkDark_,_pinkDark_,,,,,,,,,,
2640,,_pink_,,_pink_,,_pinkDark_,_pinkDark_,_pinkDark_,_pinkDark_,,,_pinkDark_,_pinkDark_,_blueDark_g,,_pinkDark_,,,,_pinkDark_,,,,,,,,,,,,,,,,,,,,,,,,,_pinkDark_,_pinkDark_,,,,,,,,,,
2700,,_pink_,,_blueDark_r,,_pink_,,_pink_,_pinkDark_,,,_pinkDark_,_brownDark_r,_blueDark_g,,_pinkDark_,,,,_pinkDark_,,,,,,,,,,,,,,,,,,,,,,,,,_pinkDark_,_pinkDark_,,,,,,,,,,
2760,,_pinkDark_,,_blueDark_r,,_pinkDark_,_pinkDark_,_pink_,,,,_pinkDark_,_pinkDark_,_pink_,,_pinkDark_,,,,_pinkDark_,,,,,,,,,,,,,,,,,,,,,,,,,_pinkDark_,_pinkDark_,,,,,,,,,,
2820,,_pinkDark_,,,,,_pink_,_pink_,,,,_pink_,_pinkDark_,_pink_,,_blueDark_g,,,,_pink_,,,,,,,,,,,,,,,,,,,,,,,,,,_pinkDark_,,,,,,,,,,
2880,,_pink_,,,,,_pink_,_pink_,,,,_pink_,_pink_,_blueDark_g,,_pink_,,,,_pink_,,,,,,,,,,,,,,,,,,,,,,,,,,,,,,,,,,,,
2940,,_pinkDark_,,,,_pinkDark_,,_blue_,,,,_pinkDark_,_pinkDark_,_brownDark_r,,_pinkDark_,,,,_pink_,,,,,,,,,,,,,,,,,,,,,,,,,,,,,,,,,,,,
3000,,_pinkDark_,,,,_pink_,,_blueDark_r,,,,_pinkDark_,_pinkDark_,_pinkDark_,,_pinkDark_,,,,_pinkDark_,,,,,,,,,,,,,,,,,,,,,,,,,,,,,,,,,,,,
3060,,,,,,_pinkDark_,,_pinkDark_,,,,,_pinkDark_,_blueDark_g,,_pinkDark_,,,,_blue_,,,,,,,,,,,,,,,,,,,,,,,,,,,,,,,,,,,,
3120,,,,,,,,_pink_,,,,,_pinkDark_,_pink_,,_pinkDark_,,,,_pinkDark_,,,,,,,,,,,,,,,,,,,,,,,,,,,,,,,,,,,,
3180,,,,,,_blue_,,_pinkDark_,,,,,_pinkDark_,_blueDark_g,,_pinkDark_,,,,_pinkDark_,,,,,,,,,,,,,,,,,,,,,,,,,,,,,,,,,,,,
3240,,,,,,_blue_,,_brown_g,,,,,_pinkDark_,_pinkDark_,,_pinkDark_,,,,_pinkDark_,,,,,,,,,,,,,,,,,,,,,,,,,,,,,,,,,,,,
3300,,,,,,,,_pinkDark_,,,,,_pinkDark_,_blueDark_r,,_pinkDark_,,,,_pinkDark_,,,,,,,,,,,,,,,,,,,,,,,,,,,,,,,,,,,,
3360,,,,,,,,_blueDark_g,,,,,_pinkDark_,_blueDark_r,,_brownDark_r,,,,_pinkDark_,,,,,,,,,,,,,,,,,,,,,,,,,,,,,,,,,,,,
3420,,,,,,,,_pinkDark_,,,,,_pinkDark_,_pink_,,_brownDark_r,,,,_pinkDark_,,,,,,,,,,,,,,,,,,,,,,,,,,,,,,,,,,,,
3480,,,,,,_brownDark_g,,_pink_,,,,,_pinkDark_,,,_blueDark_r,,,,_pinkDark_,,,,,,,,,,,,,,,,,,,,,,,,,,,,,,,,,,,,
3540,,,,,,_pink_,,_pinkDark_,,,,,_pink_,_brown_r,,_pinkDark_,,,,_pinkDark_,,,,,,,,,,,,,,,,,,,,,,,,,,,,,,,,,,,,
3600,,,,,,,,,,,,,_pinkDark_,_blueDark_r,,_pinkDark_,,,,_pink_,,,,,,,,,,,,,,,,,,,,,,,,,,,,,,,,,,,,
3660,,,,,,,,_pinkDark_,,,,,,_pinkDark_,,_pinkDark_,,,,,,,,,,,,,,,,,,,,,,,,,,,,,,,,,,,,,,,,
3720,,,,,,,,,,,,,,_pinkDark_,,,,,,,,,,,,,,,,,,,,,,,,,,,,,,,,,,,,,,,,,,
3780,,,,,,,,,,,,,,_pinkDark_,,,,,,,,,,,,,,,,,,,,,,,,,,,,,,,,,,,,,,,,,,
3840,,,,,,,,,,,,,,_blue_,,,,,,,,,,,,,,,,,,,,,,,,,,,,,,,,,,,,,,,,,,
3900,,,,,,,,,,,,,,_pink_,,,,,,,,,,,,,,,,,,,,,,,,,,,,,,,,,,,,,,,,,,
3960,,,,,,,,,,,,,,_pinkDark_,,,,,,,,,,,,,,,,,,,,,,,,,,,,,,,,,,,,,,,,,,
4020,,,,,,,,,,,,,,_pinkDark_,,,,,,,,,,,,,,,,,,,,,,,,,,,,,,,,,,,,,,,,,,
4080,,,,,,,,,,,,,,_blue_,,,,,,,,,,,,,,,,,,,,,,,,,,,,,,,,,,,,,,,,,,
4140,,,,,,,,,,,,,,_pinkDark_,,,,,,,,,,,,,,,,,,,,,,,,,,,,,,,,,,,,,,,,,,
4200,,,,,,,,,,,,,,_pinkDark_,,,,,,,,,,,,,,,,,,,,,,,,,,,,,,,,,,,,,,,,,,
4260,,,,,,,,,,,,,,_pinkDark_,,,,,,,,,,,,,,,,,,,,,,,,,,,,,,,,,,,,,,,,,,
4320,,,,,,,,,,,,,,_pinkDark_,,,,,,,,,,,,,,,,,,,,,,,,,,,,,,,,,,,,,,,,,,
4380,,,,,,,,,,,,,,_pinkDark_,,,,,,,,,,,,,,,,,,,,,,,,,,,,,,,,,,,,,,,,,,
4440,,,,,,,,,,,,,,,,,,,,,,,,,,,,,,,,,,,,,,,,,,,,,,,,,,,,,,,,
4500,,,,,,,,,,,,,,_pinkDark_,,,,,,,,,,,,,,,,,,,,,,,,,,,,,,,,,,,,,,,,,,
4560,,,,,,,,,,,,,,,,,,,,,,,,,,,,,,,,,,,,,,,,,,,,,,,,,,,,,,,,
4620,,,,,,,,,,,,,,_brown_g,,,,,,,,,,,,,,,,,,,,,,,,,,,,,,,,,,,,,,,,,,
4680,,,,,,,,,,,,,,_pinkDark_,,,,,,,,,,,,,,,,,,,,,,,,,,,,,,,,,,,,,,,,,,
4740,,,,,,,,,,,,,,_pinkDark_,,,,,,,,,,,,,,,,,,,,,,,,,,,,,,,,,,,,,,,,,,
4800,,,,,,,,,,,,,,,,,,,,,,,,,,,,,,,,,,,,,,,,,,,,,,,,,,,,,,,,
4860,,,,,,,,,,,,,,,,,,,,,,,,,,,,,,,,,,,,,,,,,,,,,,,,,,,,,,,,
4920,,,,,,,,,,,,,,_pinkDark_,,,,,,,,,,,,,,,,,,,,,,,,,,,,,,,,,,,,,,,,,,
4980,,,,,,,,,,,,,,_pinkDark_,,,,,,,,,,,,,,,,,,,,,,,,,,,,,,,,,,,,,,,,,,
5040,,,,,,,,,,,,,,_pink_,,,,,,,,,,,,,,,,,,,,,,,,,,,,,,,,,,,,,,,,,,
5100,,,,,,,,,,,,,,_pinkDark_,,,,,,,,,,,,,,,,,,,,,,,,,,,,,,,,,,,,,,,,,,
5160,,,,,,,,,,,,,,_pinkDark_,,,,,,,,,,,,,,,,,,,,,,,,,,,,,,,,,,,,,,,,,,
5220,,,,,,,,,,,,,,_pink_,,,,,,,,,,,,,,,,,,,,,,,,,,,,,,,,,,,,,,,,,,
5280,,,,,,,,,,,,,,_pink_,,,,,,,,,,,,,,,,,,,,,,,,,,,,,,,,,,,,,,,,,,
5340,,,,,,,,,,,,,,_pinkDark_,,,,,,,,,,,,,,,,,,,,,,,,,,,,,,,,,,,,,,,,,,
5400,,,,,,,,,,,,,,_pinkDark_,,,,,,,,,,,,,,,,,,,,,,,,,,,,,,,,,,,,,,,,,,
5460,,,,,,,,,,,,,,_pinkDark_,,,,,,,,,,,,,,,,,,,,,,,,,,,,,,,,,,,,,,,,,,
5520,,,,,,,,,,,,,,,,,,,,,,,,,,,,,,,,,,,,,,,,,,,,,,,,,,,,,,,,
5580,,,,,,,,,,,,,,,,,,,,,,,,,,,,,,,,,,,,,,,,,,,,,,,,,,,,,,,,
5640,,,,,,,,,,,,,,,,,,,,,,,,,,,,,,,,,,,,,,,,,,,,,,,,,,,,,,,,
5700,,,,,,,,,,,,,,,,,,,,,,,,,,,,,,,,,,,,,,,,,,,,,,,,,,,,,,,,
5760,,,,,,,,,,,,,,,,,,,,,,,,,,,,,,,,,,,,,,,,,,,,,,,,,,,,,,,,
5820,,,,,,,,,,,,,,,,,,,,,,,,,,,,,,,,,,,,,,,,,,,,,,,,,,,,,,,,
5880,,,,,,,,,,,,,,,,,,,,,,,,,,,,,,,,,,,,,,,,,,,,,,,,,,,,,,,,
5940,,,,,,,,,,,,,,,,,,,,,,,,,,,,,,,,,,,,,,,,,,,,,,,,,,,,,,,,
6000,,,,,,,,,,,,,,,,,,,,,,,,,,,,,,,,,,,,,,,,,,,,,,,,,,,,,,,,
6060,,,,,,,,,,,,,,,,,,,,,,,,,,,,,,,,,,,,,,,,,,,,,,,,,,,,,,,,
6120,,,,,,,,,,,,,,,,,,,,,,,,,,,,,,,,,,,,,,,,,,,,,,,,,,,,,,,,
6180,,,,,,,,,,,,,,,,,,,,,,,,,,,,,,,,,,,,,,,,,,,,,,,,,,,,,,,,
6240,,,,,,,,,,,,,,,,,,,,,,,,,,,,,,,,,,,,,,,,,,,,,,,,,,,,,,,,
6300,,,,,,,,,,,,,,,,,,,,,,,,,,,,,,,,,,,,,,,,,,,,,,,,,,,,,,,,
6360,,,,,,,,,,,,,,,,,,,,,,,,,,,,,,,,,,,,,,,,,,,,,,,,,,,,,,,,
6420,,,,,,,,,,,,,,,,,,,,,,,,,,,,,,,,,,,,,,,,,,,,,,,,,,,,,,,,
6480,,,,,,,,,,,,,,,,,,,,,,,,,,,,,,,,,,,,,,,,,,,,,,,,,,,,,,,,
6540,,,,,,,,,,,,,,,,,,,,,,,,,,,,,,,,,,,,,,,,,,,,,,,,,,,,,,,,
6600,,,,,,,,,,,,,,,,,,,,,,,,,,,,,,,,,,,,,,,,,,,,,,,,,,,,,,,,
6660,,,,,,,,,,,,,,,,,,,,,,,,,,,,,,,,,,,,,,,,,,,,,,,,,,,,,,,,
6720,,,,,,,,,,,,,,,,,,,,,,,,,,,,,,,,,,,,,,,,,,,,,,,,,,,,,,,,